t_in,v_in,t_out,v_out
0,-1,0,-0.04
2e-06,-1,2e-06,-0.04
4e-06,-0.96,4e-06,-0.02
6e-06,-0.96,6e-06,-0.02
8e-06,-1,8e-06,-0.04
1e-05,-0.96,1e-05,-0.04
1.2e-05,-1,1.2e-05,-0.04
1.4e-05,-0.96,1.4e-05,-0.04
1.6e-05,-0.96,1.6e-05,-0.04
1.8e-05,-0.96,1.8e-05,-0.04
2e-05,-0.96,2e-05,-0.02
2.2e-05,-0.96,2.2e-05,-0.04
2.4e-05,-1,2.4e-05,-0.02
2.6e-05,-0.96,2.6e-05,-0.04
2.8e-05,-0.96,2.8e-05,-0.02
3e-05,-0.96,3e-05,-0.04
3.2e-05,-0.96,3.2e-05,-0.02
3.4e-05,-0.96,3.4e-05,-0.02
3.6e-05,-1,3.6e-05,-0.04
3.8e-05,-0.96,3.8e-05,-0.04
4e-05,-0.96,4e-05,-0.04
4.2e-05,-0.96,4.2e-05,-0.04
4.4e-05,-0.96,4.4e-05,-0.04
4.6e-05,-0.96,4.6e-05,-0.04
4.8e-05,-0.96,4.8e-05,-0.02
5e-05,-1,5e-05,-0.04
5.2e-05,-1,5.2e-05,-0.04
5.4e-05,-1,5.4e-05,-0.06
5.6e-05,-1,5.6e-05,-0.04
5.8e-05,-0.96,5.8e-05,-0.02
6e-05,-1,6e-05,-0.02
6.2e-05,-1,6.2e-05,-0.06
6.4e-05,-0.96,6.4e-05,-0.04
6.6e-05,-1,6.6e-05,-0.04
6.8e-05,-0.96,6.8e-05,-0.04
7e-05,-0.96,7e-05,-0.02
7.2e-05,-0.96,7.2e-05,-0.04
7.4e-05,-0.96,7.4e-05,-0.02
7.6e-05,-1,7.6e-05,-0.04
7.8e-05,-0.96,7.8e-05,-0.02
8e-05,-1,8e-05,-0.04
8.2e-05,-0.96,8.2e-05,-0.02
8.4e-05,-0.96,8.4e-05,-0.02
8.6e-05,-0.96,8.6e-05,-0.04
8.8e-05,-0.96,8.8e-05,-0.02
9e-05,-0.96,9e-05,-0.04
9.2e-05,-0.96,9.2e-05,-0.02
9.4e-05,-0.96,9.4e-05,-0.02
9.6e-05,-0.96,9.6e-05,-0.02
9.8e-05,-0.96,9.8e-05,-0.04
0.0001,-1,0.0001,-0.04
0.000102,-1,0.000102,-0.04
0.000104,-1,0.000104,-0.04
0.000106,-1,0.000106,-0.02
0.000108,-1,0.000108,-0.02
0.00011,-1,0.00011,-0.04
0.000112,-0.96,0.000112,-0.04
0.000114,-0.96,0.000114,-0.02
0.000116,-0.96,0.000116,-0.04
0.000118,-0.96,0.000118,-0.02
0.00012,-0.96,0.00012,-0.04
0.000122,-1,0.000122,-0.02
0.000124,-1,0.000124,-0.04
0.000126,-1,0.000126,-0.04
0.000128,-0.96,0.000128,-0.02
0.00013,-0.96,0.00013,-0.04
0.000132,-1,0.000132,-0.02
0.000134,-0.96,0.000134,-0.02
0.000136,-0.96,0.000136,-0.02
0.000138,-1,0.000138,-0.02
0.00014,-1,0.00014,-0.04
0.000142,-0.96,0.000142,-0.02
0.000144,-0.96,0.000144,-0.02
0.000146,-1,0.000146,-0.04
0.000148,-1,0.000148,-0.02
0.00015,-0.96,0.00015,-0.04
0.000152,-0.96,0.000152,-0.04
0.000154,-1,0.000154,-0.04
0.000156,-0.96,0.000156,-0.04
0.000158,-0.96,0.000158,-0.04
0.00016,-0.96,0.00016,-0.04
0.000162,-0.96,0.000162,-0.04
0.000164,-1,0.000164,-0.02
0.000166,-0.96,0.000166,-0.02
0.000168,-1,0.000168,-0.04
0.00017,-0.96,0.00017,-0.02
0.000172,-0.96,0.000172,-0.04
0.000174,-0.96,0.000174,-0.04
0.000176,-1,0.000176,-0.04
0.000178,-0.96,0.000178,-0.04
0.00018,-1,0.00018,-0.02
0.000182,-0.96,0.000182,-0.02
0.000184,-0.96,0.000184,-0.04
0.000186,-0.96,0.000186,-0.04
0.000188,-1,0.000188,-0.02
0.00019,-0.96,0.00019,-0.04
0.000192,-0.96,0.000192,-0.02
0.000194,-0.96,0.000194,-0.04
0.000196,-0.96,0.000196,-0.04
0.000198,-0.96,0.000198,-0.04
0.0002,-0.96,0.0002,-0.04
0.000202,-0.96,0.000202,-0.02
0.000204,-0.96,0.000204,-0.04
0.000206,-0.96,0.000206,-0.02
0.000208,-0.96,0.000208,-0.02
0.00021,-0.96,0.00021,-0.02
0.000212,-1,0.000212,-0.04
0.000214,-0.96,0.000214,-0.02
0.000216,-0.96,0.000216,-0.04
0.000218,-1,0.000218,-0.04
0.00022,-1,0.00022,-0.04
0.000222,-1,0.000222,-0.02
0.000224,-0.96,0.000224,-0.02
0.000226,-1,0.000226,-0.04
0.000228,-0.96,0.000228,-0.02
0.00023,-0.96,0.00023,-0.04
0.000232,-0.96,0.000232,-0.02
0.000234,-0.96,0.000234,-0.04
0.000236,-0.96,0.000236,-0.04
0.000238,-1,0.000238,-0.02
0.00024,-0.96,0.00024,-0.04
0.000242,-1,0.000242,-0.04
0.000244,-0.96,0.000244,-0.04
0.000246,-1,0.000246,-0.04
0.000248,-0.96,0.000248,-0.02
0.00025,-0.96,0.00025,-0.02
0.000252,-0.96,0.000252,-0.02
0.000254,-0.96,0.000254,-0.04
0.000256,-0.96,0.000256,-0.04
0.000258,-0.96,0.000258,-0.04
0.00026,-0.96,0.00026,-0.02
0.000262,-0.96,0.000262,-0.04
0.000264,-0.96,0.000264,-0.06
0.000266,-0.96,0.000266,-0.04
0.000268,-0.96,0.000268,-0.02
0.00027,-1,0.00027,-0.02
0.000272,-0.96,0.000272,-0.04
0.000274,-1,0.000274,-0.02
0.000276,-0.96,0.000276,-0.02
0.000278,-0.96,0.000278,-0.04
0.00028,-1,0.00028,-0.02
0.000282,-0.96,0.000282,-0.04
0.000284,-0.96,0.000284,-0.04
0.000286,-1,0.000286,-0.02
0.000288,-1,0.000288,-0.02
0.00029,-0.96,0.00029,-0.04
0.000292,-0.96,0.000292,-0.04
0.000294,-0.96,0.000294,-0.02
0.000296,-0.96,0.000296,-0.04
0.000298,-1,0.000298,-0.02
0.0003,-1,0.0003,-0.06
0.000302,-0.96,0.000302,-0.04
0.000304,-1,0.000304,-0.04
0.000306,-1,0.000306,-0.04
0.000308,-0.96,0.000308,-0.04
0.00031,-0.96,0.00031,-0.02
0.000312,-0.96,0.000312,-0.02
0.000314,-0.96,0.000314,-0.04
0.000316,-1,0.000316,-0.02
0.000318,-0.96,0.000318,-0.04
0.00032,-1,0.00032,-0.02
0.000322,-1,0.000322,-0.04
0.000324,-0.96,0.000324,-0.04
0.000326,-0.96,0.000326,-0.04
0.000328,-0.96,0.000328,-0.02
0.00033,-0.96,0.00033,-0.02
0.000332,-0.96,0.000332,-0.04
0.000334,-0.96,0.000334,-0.04
0.000336,-0.96,0.000336,-0.04
0.000338,-0.96,0.000338,-0.04
0.00034,-1,0.00034,-0.02
0.000342,-0.96,0.000342,-0.04
0.000344,-0.96,0.000344,-0.04
0.000346,-1,0.000346,-0.04
0.000348,-1,0.000348,-0.06
0.00035,-0.96,0.00035,-0.04
0.000352,-0.96,0.000352,-0.06
0.000354,-1,0.000354,-0.02
0.000356,-1,0.000356,-0.02
0.000358,-1,0.000358,-0.02
0.00036,-1,0.00036,-0.02
0.000362,-1,0.000362,-0.04
0.000364,-1,0.000364,-0.02
0.000366,-0.96,0.000366,-0.02
0.000368,-1,0.000368,-0.06
0.00037,-0.96,0.00037,-0.04
0.000372,-1,0.000372,-0.02
0.000374,-0.96,0.000374,-0.04
0.000376,-1,0.000376,-0.04
0.000378,-1,0.000378,-0.02
0.00038,-1,0.00038,-0.04
0.000382,-0.96,0.000382,-0.02
0.000384,-0.96,0.000384,-0.04
0.000386,-1,0.000386,-0.04
0.000388,-0.96,0.000388,-0.02
0.00039,-0.96,0.00039,-0.06
0.000392,-1,0.000392,-0.02
0.000394,-0.96,0.000394,-0.04
0.000396,-0.96,0.000396,-0.02
0.000398,-0.96,0.000398,-0.04
0.0004,-1,0.0004,-0.02
0.000402,-0.96,0.000402,-0.04
0.000404,-1,0.000404,-0.06
0.000406,-0.96,0.000406,-0.04
0.000408,-1,0.000408,-0.02
0.00041,-1,0.00041,-0.04
0.000412,-1,0.000412,-0.04
0.000414,-0.96,0.000414,-0.04
0.000416,-0.96,0.000416,-0.04
0.000418,-0.96,0.000418,-0.04
0.00042,-0.96,0.00042,-0.02
0.000422,-0.96,0.000422,-0.04
0.000424,-0.96,0.000424,-0.02
0.000426,-0.96,0.000426,-0.04
0.000428,-1,0.000428,-0.04
0.00043,-0.96,0.00043,-0.04
0.000432,-1,0.000432,-0.02
0.000434,-0.96,0.000434,-0.02
0.000436,-1,0.000436,-0.06
0.000438,-1,0.000438,-0.04
0.00044,-0.96,0.00044,-0.02
0.000442,-1,0.000442,-0.02
0.000444,-0.96,0.000444,-0.04
0.000446,-0.96,0.000446,-0.04
0.000448,-0.96,0.000448,-0.02
0.00045,-1,0.00045,-0.02
0.000452,-0.96,0.000452,-0.04
0.000454,-1,0.000454,-0.02
0.000456,-0.96,0.000456,-0.04
0.000458,-1,0.000458,-0.04
0.00046,-0.96,0.00046,-0.02
0.000462,-1,0.000462,-0.04
0.000464,-0.96,0.000464,-0.02
0.000466,-0.96,0.000466,-0.02
0.000468,-0.96,0.000468,-0.04
0.00047,-1,0.00047,-0.02
0.000472,-1,0.000472,-0.04
0.000474,-0.96,0.000474,-0.04
0.000476,-0.96,0.000476,-0.02
0.000478,-1,0.000478,-0.02
0.00048,-1,0.00048,-0.02
0.000482,-1,0.000482,-0.04
0.000484,-1,0.000484,-0.02
0.000486,-1,0.000486,-0.04
0.000488,-0.96,0.000488,-0.04
0.00049,-1,0.00049,-0.04
0.000492,-0.96,0.000492,-0.04
0.000494,-1,0.000494,-0.02
0.000496,-0.96,0.000496,-0.04
0.000498,-0.96,0.000498,-0.04
0.0005,-0.96,0.0005,-0.02
0.000502,-0.96,0.000502,-0.02
0.000504,-0.96,0.000504,-0.04
0.000506,-0.96,0.000506,-0.04
0.000508,-0.96,0.000508,-0.02
0.00051,-0.96,0.00051,-0.02
0.000512,-0.96,0.000512,-0.04
0.000514,-1,0.000514,-0.04
0.000516,-0.96,0.000516,-0.04
0.000518,-0.96,0.000518,-0.02
0.00052,-0.96,0.00052,-0.04
0.000522,-0.96,0.000522,-0.04
0.000524,-1,0.000524,-0.04
0.000526,-0.96,0.000526,-0.04
0.000528,-0.96,0.000528,-0.04
0.00053,-0.96,0.00053,-0.02
0.000532,-0.96,0.000532,-0.04
0.000534,-0.96,0.000534,-0.02
0.000536,-0.96,0.000536,-0.02
0.000538,-1,0.000538,-0.04
0.00054,-0.96,0.00054,-0.06
0.000542,-0.96,0.000542,-0.02
0.000544,-1,0.000544,-0.06
0.000546,-0.96,0.000546,-0.04
0.000548,-1,0.000548,-0.04
0.00055,-1,0.00055,-0.02
0.000552,-1,0.000552,-0.04
0.000554,-1,0.000554,-0.04
0.000556,-1,0.000556,-0.04
0.000558,-0.96,0.000558,-0.04
0.00056,-0.96,0.00056,-0.04
0.000562,-0.96,0.000562,-0.04
0.000564,-1,0.000564,-0.06
0.000566,-1,0.000566,-0.04
0.000568,-1,0.000568,-0.02
0.00057,-0.96,0.00057,-0.02
0.000572,-0.96,0.000572,-0.04
0.000574,-1,0.000574,-0.02
0.000576,-0.96,0.000576,-0.04
0.000578,-1,0.000578,-0.04
0.00058,-0.96,0.00058,-0.04
0.000582,-0.96,0.000582,-0.02
0.000584,-0.96,0.000584,-0.04
0.000586,-1,0.000586,-0.06
0.000588,-0.96,0.000588,-0.02
0.00059,-0.96,0.00059,-0.04
0.000592,-1,0.000592,-0.06
0.000594,-0.96,0.000594,-0.04
0.000596,-0.96,0.000596,-0.02
0.000598,-1,0.000598,-0.02
0.0006,-0.96,0.0006,-0.04
0.000602,-0.96,0.000602,-0.06
0.000604,-1,0.000604,-0.02
0.000606,-1,0.000606,-0.04
0.000608,-0.96,0.000608,-0.04
0.00061,-0.96,0.00061,-0.04
0.000612,-1,0.000612,-0.06
0.000614,-0.96,0.000614,-0.06
0.000616,-1,0.000616,-0.04
0.000618,-1,0.000618,-0.02
0.00062,-1,0.00062,-0.02
0.000622,-1,0.000622,-0.04
0.000624,-0.96,0.000624,-0.04
0.000626,-0.96,0.000626,-0.04
0.000628,-0.96,0.000628,-0.04
0.00063,-0.96,0.00063,-0.04
0.000632,-0.96,0.000632,-0.04
0.000634,-1,0.000634,-0.02
0.000636,-1,0.000636,-0.02
0.000638,-1,0.000638,-0.04
0.00064,-1,0.00064,-0.02
0.000642,-1,0.000642,-0.04
0.000644,-0.96,0.000644,-0.02
0.000646,-1,0.000646,-0.04
0.000648,-1,0.000648,-0.02
0.00065,-1,0.00065,-0.02
0.000652,-0.96,0.000652,-0.02
0.000654,-0.96,0.000654,-0.02
0.000656,-0.96,0.000656,-0.04
0.000658,-1,0.000658,-0.02
0.00066,-1,0.00066,-0.04
0.000662,-0.96,0.000662,-0.04
0.000664,-0.96,0.000664,-0.04
0.000666,-1,0.000666,-0.04
0.000668,-0.96,0.000668,-0.06
0.00067,-1,0.00067,-0.04
0.000672,-1,0.000672,-0.04
0.000674,-0.96,0.000674,-0.06
0.000676,-1,0.000676,-0.02
0.000678,-1,0.000678,-0.04
0.00068,-0.96,0.00068,-0.02
0.000682,-0.96,0.000682,-0.02
0.000684,-1,0.000684,-0.04
0.000686,-0.96,0.000686,-0.02
0.000688,-1,0.000688,-0.02
0.00069,-1,0.00069,-0.02
0.000692,-0.96,0.000692,-0.04
0.000694,-0.96,0.000694,-0.02
0.000696,-0.96,0.000696,-0.06
0.000698,-1,0.000698,-0.04
0.0007,-1,0.0007,-0.04
0.000702,-0.96,0.000702,-0.04
0.000704,-1,0.000704,-0.02
0.000706,-0.96,0.000706,-0.04
0.000708,-0.96,0.000708,-0.04
0.00071,-0.96,0.00071,-0.02
0.000712,-0.96,0.000712,-0.02
0.000714,-0.96,0.000714,-0.04
0.000716,-0.96,0.000716,-0.06
0.000718,-1,0.000718,-0.02
0.00072,-1,0.00072,-0.02
0.000722,-1,0.000722,-0.04
0.000724,-1,0.000724,-0.04
0.000726,-0.96,0.000726,-0.04
0.000728,-0.96,0.000728,-0.02
0.00073,-0.96,0.00073,-0.04
0.000732,-0.96,0.000732,-0.04
0.000734,-0.96,0.000734,-0.04
0.000736,-0.96,0.000736,-0.02
0.000738,-1,0.000738,-0.04
0.00074,-0.96,0.00074,-0.04
0.000742,-1,0.000742,-0.02
0.000744,-1,0.000744,-0.02
0.000746,-1,0.000746,-0.04
0.000748,-0.96,0.000748,-0.04
0.00075,-0.96,0.00075,-0.04
0.000752,-0.96,0.000752,-0.04
0.000754,-0.96,0.000754,-0.02
0.000756,-0.96,0.000756,-0.04
0.000758,-0.96,0.000758,-0.04
0.00076,-1,0.00076,-0.04
0.000762,-1,0.000762,-0.04
0.000764,-0.96,0.000764,-0.04
0.000766,-0.96,0.000766,-0.04
0.000768,-0.96,0.000768,-0.04
0.00077,-1,0.00077,-0.02
0.000772,-0.96,0.000772,-0.04
0.000774,-0.96,0.000774,-0.04
0.000776,-0.96,0.000776,-0.02
0.000778,-0.96,0.000778,-0.04
0.00078,-1,0.00078,-0.04
0.000782,-1,0.000782,-0.02
0.000784,-1,0.000784,-0.04
0.000786,-0.96,0.000786,-0.04
0.000788,-0.96,0.000788,-0.02
0.00079,-0.96,0.00079,-0.02
0.000792,-1,0.000792,-0.04
0.000794,-1,0.000794,-0.06
0.000796,-0.96,0.000796,-0.02
0.000798,-0.96,0.000798,-0.04
0.0008,-0.96,0.0008,-0.04
0.000802,-0.96,0.000802,-0.02
0.000804,-1,0.000804,-0.04
0.000806,-0.96,0.000806,-0.04
0.000808,-0.96,0.000808,-0.02
0.00081,-1,0.00081,-0.04
0.000812,-1,0.000812,-0.04
0.000814,-0.96,0.000814,-0.02
0.000816,-0.96,0.000816,-0.06
0.000818,-1,0.000818,-0.02
0.00082,-0.96,0.00082,-0.04
0.000822,-0.96,0.000822,-0.04
0.000824,-0.96,0.000824,-0.04
0.000826,-0.96,0.000826,-0.02
0.000828,-1,0.000828,-0.02
0.00083,-0.96,0.00083,-0.04
0.000832,-0.96,0.000832,-0.04
0.000834,-1,0.000834,-0.04
0.000836,-0.96,0.000836,-0.02
0.000838,-0.96,0.000838,-0.04
0.00084,-1,0.00084,-0.06
0.000842,-0.96,0.000842,-0.04
0.000844,-1,0.000844,-0.06
0.000846,-1,0.000846,-0.02
0.000848,-0.96,0.000848,-0.04
0.00085,-0.96,0.00085,-0.02
0.000852,-1,0.000852,-0.02
0.000854,-1,0.000854,-0.04
0.000856,-0.96,0.000856,-0.02
0.000858,-0.96,0.000858,-0.06
0.00086,-0.96,0.00086,-0.04
0.000862,-0.96,0.000862,-0.04
0.000864,-0.96,0.000864,-0.02
0.000866,-0.96,0.000866,-0.04
0.000868,-0.96,0.000868,-0.02
0.00087,-0.96,0.00087,-0.04
0.000872,-0.96,0.000872,-0.04
0.000874,-0.96,0.000874,-0.02
0.000876,-1,0.000876,-0.02
0.000878,-0.96,0.000878,-0.02
0.00088,-1,0.00088,-0.04
0.000882,-0.96,0.000882,-0.02
0.000884,-0.96,0.000884,-0.06
0.000886,-0.96,0.000886,-0.02
0.000888,-1,0.000888,-0.04
0.00089,-0.96,0.00089,-0.02
0.000892,-1,0.000892,-0.04
0.000894,-0.96,0.000894,-0.06
0.000896,-1,0.000896,-0.04
0.000898,-0.96,0.000898,-0.02
0.0009,-0.96,0.0009,-0.02
0.000902,-1,0.000902,-0.04
0.000904,-0.92,0.000904,-0.04
0.000906,-0.96,0.000906,-0.04
0.000908,-0.96,0.000908,-0.04
0.00091,-0.96,0.00091,-0.04
0.000912,-1,0.000912,-0.04
0.000914,-1,0.000914,-0.04
0.000916,-0.96,0.000916,-0.04
0.000918,-0.96,0.000918,-0.04
0.00092,-0.96,0.00092,-0.04
0.000922,-0.96,0.000922,-0.02
0.000924,-1,0.000924,-0.04
0.000926,-0.96,0.000926,-0.04
0.000928,-1,0.000928,-0.04
0.00093,-0.96,0.00093,-0.06
0.000932,-1,0.000932,-0.04
0.000934,-1,0.000934,-0.02
0.000936,-0.96,0.000936,-0.04
0.000938,-0.96,0.000938,-0.04
0.00094,-0.96,0.00094,-0.04
0.000942,-0.96,0.000942,-0.04
0.000944,-0.96,0.000944,-0.04
0.000946,-0.96,0.000946,-0.04
0.000948,-0.96,0.000948,-0.04
0.00095,-0.96,0.00095,-0.04
0.000952,-0.96,0.000952,-0.04
0.000954,-0.96,0.000954,-0.04
0.000956,-0.96,0.000956,-0.04
0.000958,-0.96,0.000958,-0.04
0.00096,-1,0.00096,-0.02
0.000962,-0.96,0.000962,-0.02
0.000964,-0.96,0.000964,-0.04
0.000966,-0.96,0.000966,-0.04
0.000968,-0.96,0.000968,-0.02
0.00097,-0.96,0.00097,-0.02
0.000972,-1,0.000972,-0.04
0.000974,-0.96,0.000974,-0.04
0.000976,-1,0.000976,-0.04
0.000978,-0.96,0.000978,-0.04
0.00098,-0.96,0.00098,-0.04
0.000982,-0.96,0.000982,-0.04
0.000984,-0.96,0.000984,-0.04
0.000986,-1,0.000986,-0.04
0.000988,-0.96,0.000988,-0.02
0.00099,-1,0.00099,-0.04
0.000992,-0.96,0.000992,-0.04
0.000994,-1,0.000994,-0.06
0.000996,-1,0.000996,-0.02
0.000998,-1,0.000998,-0.04
0.001,-1,0.001,-0.04
0.001002,-0.96,0.001002,-0.04
0.001004,-1,0.001004,-0.02
0.001006,-0.96,0.001006,-0.04
0.001008,-0.96,0.001008,-0.02
0.00101,-0.96,0.00101,-0.02
0.001012,-0.96,0.001012,-0.04
0.001014,-0.96,0.001014,-0.02
0.001016,-1,0.001016,-0.04
0.001018,-1,0.001018,-0.04
0.00102,-1,0.00102,-0.02
0.001022,-0.96,0.001022,-0.02
0.001024,-0.96,0.001024,-0.04
0.001026,-1,0.001026,-0.02
0.001028,-0.96,0.001028,-0.02
0.00103,-1,0.00103,-0.04
0.001032,-1,0.001032,-0.02
0.001034,-1,0.001034,-0.02
0.001036,-1,0.001036,-0.04
0.001038,-1,0.001038,-0.02
0.00104,-0.96,0.00104,-0.02
0.001042,-0.96,0.001042,-0.04
0.001044,-0.96,0.001044,-0.04
0.001046,-1,0.001046,-0.04
0.001048,-1,0.001048,-0.02
0.00105,-1,0.00105,-0.02
0.001052,-0.96,0.001052,-0.04
0.001054,-1,0.001054,-0.04
0.001056,-1,0.001056,-0.04
0.001058,-0.96,0.001058,-0.02
0.00106,-0.96,0.00106,-0.04
0.001062,-0.96,0.001062,-0.02
0.001064,-1,0.001064,-0.04
0.001066,-1,0.001066,-0.02
0.001068,-1,0.001068,-0.02
0.00107,-0.96,0.00107,-0.04
0.001072,-0.96,0.001072,-0.04
0.001074,-0.96,0.001074,-0.04
0.001076,-1,0.001076,-0.04
0.001078,-1,0.001078,-0.04
0.00108,-0.96,0.00108,-0.06
0.001082,-1,0.001082,-0.04
0.001084,-0.96,0.001084,-0.04
0.001086,-1,0.001086,-0.04
0.001088,-0.96,0.001088,-0.04
0.00109,-0.96,0.00109,-0.02
0.001092,-0.96,0.001092,-0.06
0.001094,-0.96,0.001094,-0.02
0.001096,-1,0.001096,-0.04
0.001098,-0.96,0.001098,-0.02
0.0011,-0.96,0.0011,-0.04
0.001102,-0.96,0.001102,-0.04
0.001104,-0.96,0.001104,-0.02
0.001106,-0.96,0.001106,-0.02
0.001108,-0.96,0.001108,-0.02
0.00111,-0.96,0.00111,-0.02
0.001112,-0.96,0.001112,-0.02
0.001114,-0.96,0.001114,-0.02
0.001116,-0.96,0.001116,-0.02
0.001118,-0.96,0.001118,-0.04
0.00112,-1,0.00112,-0.02
0.001122,-1,0.001122,-0.02
0.001124,-0.96,0.001124,-0.04
0.001126,-0.96,0.001126,-0.02
0.001128,-0.96,0.001128,-0.02
0.00113,-0.96,0.00113,-0.04
0.001132,-0.96,0.001132,-0.04
0.001134,-1,0.001134,-0.04
0.001136,-0.96,0.001136,-0.04
0.001138,-1,0.001138,-0.04
0.00114,-0.96,0.00114,-0.04
0.001142,-0.96,0.001142,-0.04
0.001144,-1,0.001144,-0.04
0.001146,-0.96,0.001146,-0.04
0.001148,-0.96,0.001148,-0.04
0.00115,-1,0.00115,-0.02
0.001152,-0.96,0.001152,-0.04
0.001154,-0.96,0.001154,-0.02
0.001156,-0.96,0.001156,-0.04
0.001158,-0.96,0.001158,-0.04
0.00116,-1,0.00116,-0.02
0.001162,-0.96,0.001162,-0.04
0.001164,-1,0.001164,-0.02
0.001166,-0.96,0.001166,-0.02
0.001168,-0.96,0.001168,-0.02
0.00117,-1,0.00117,-0.02
0.001172,-0.96,0.001172,-0.02
0.001174,-1,0.001174,-0.04
0.001176,-0.96,0.001176,-0.04
0.001178,-1,0.001178,-0.04
0.00118,-0.96,0.00118,-0.02
0.001182,-1,0.001182,-0.02
0.001184,-1,0.001184,-0.02
0.001186,-1,0.001186,-0.02
0.001188,-0.96,0.001188,-0.02
0.00119,-0.96,0.00119,-0.02
0.001192,-1,0.001192,-0.02
0.001194,-0.96,0.001194,-0.02
0.001196,-1,0.001196,-0.02
0.001198,-1,0.001198,-0.04
0.0012,-1,0.0012,-0.04
0.001202,-1,0.001202,-0.04
0.001204,-1,0.001204,-0.04
0.001206,-0.96,0.001206,-0.02
0.001208,-0.96,0.001208,-0.04
0.00121,-0.96,0.00121,-0.04
0.001212,-1,0.001212,-0.04
0.001214,-0.96,0.001214,-0.02
0.001216,-1,0.001216,-0.04
0.001218,-0.96,0.001218,-0.04
0.00122,-0.96,0.00122,-0.04
0.001222,-0.96,0.001222,-0.04
0.001224,-0.96,0.001224,-0.02
0.001226,-0.96,0.001226,-0.04
0.001228,-0.96,0.001228,-0.04
0.00123,-0.96,0.00123,-0.04
0.001232,-0.96,0.001232,-0.02
0.001234,-0.96,0.001234,-0.06
0.001236,-0.96,0.001236,-0.02
0.001238,-1,0.001238,-0.02
0.00124,-1,0.00124,-0.04
0.001242,-0.96,0.001242,-0.04
0.001244,-0.96,0.001244,-0.04
0.001246,-1,0.001246,-0.04
0.001248,-0.96,0.001248,-0.02
0.00125,-1,0.00125,-0.06
0.001252,-0.96,0.001252,-0.02
0.001254,-0.96,0.001254,-0.02
0.001256,-1,0.001256,-0.04
0.001258,-0.96,0.001258,-0.02
0.00126,-0.96,0.00126,-0.02
0.001262,-1,0.001262,-0.04
0.001264,-0.96,0.001264,-0.04
0.001266,-0.96,0.001266,-0.06
0.001268,-1,0.001268,-0.02
0.00127,-1,0.00127,-0.02
0.001272,-1,0.001272,-0.04
0.001274,-0.96,0.001274,-0.04
0.001276,-1,0.001276,-0.02
0.001278,-0.96,0.001278,-0.02
0.00128,-0.96,0.00128,-0.04
0.001282,-1,0.001282,-0.02
0.001284,-1,0.001284,-0.04
0.001286,-0.96,0.001286,-0.02
0.001288,-0.96,0.001288,-0.04
0.00129,-0.96,0.00129,-0.04
0.001292,-1,0.001292,-0.02
0.001294,-1,0.001294,-0.04
0.001296,-1,0.001296,-0.04
0.001298,-0.96,0.001298,-0.04
0.0013,-0.96,0.0013,-0.02
0.001302,-0.96,0.001302,-0.02
0.001304,-1,0.001304,-0.02
0.001306,-0.96,0.001306,-0.02
0.001308,-0.96,0.001308,-0.02
0.00131,-0.96,0.00131,-0.04
0.001312,-0.96,0.001312,-0.04
0.001314,-1,0.001314,-0.04
0.001316,-0.96,0.001316,-0.04
0.001318,-1,0.001318,-0.02
0.00132,-0.96,0.00132,-0.04
0.001322,-0.96,0.001322,-0.04
0.001324,-0.96,0.001324,-0.02
0.001326,-0.96,0.001326,-0.04
0.001328,-0.96,0.001328,-0.04
0.00133,-1,0.00133,-0.04
0.001332,-0.96,0.001332,-0.02
0.001334,-1,0.001334,-0.04
0.001336,-0.96,0.001336,-0.02
0.001338,-0.96,0.001338,-0.04
0.00134,-0.96,0.00134,-0.02
0.001342,-1,0.001342,-0.02
0.001344,-0.96,0.001344,-0.02
0.001346,-0.96,0.001346,-0.04
0.001348,-1,0.001348,-0.02
0.00135,-1,0.00135,-0.04
0.001352,-0.96,0.001352,-0.06
0.001354,-1,0.001354,-0.04
0.001356,-0.96,0.001356,-0.02
0.001358,-1,0.001358,-0.02
0.00136,-0.96,0.00136,-0.04
0.001362,-1,0.001362,-0.04
0.001364,-0.96,0.001364,-0.06
0.001366,-0.96,0.001366,-0.02
0.001368,-0.96,0.001368,-0.04
0.00137,-0.96,0.00137,-0.02
0.001372,-0.96,0.001372,-0.04
0.001374,-0.96,0.001374,-0.02
0.001376,-0.96,0.001376,-0.02
0.001378,-1,0.001378,-0.06
0.00138,-1,0.00138,-0.04
0.001382,-1,0.001382,-0.04
0.001384,-1,0.001384,-0.02
0.001386,-0.96,0.001386,-0.02
0.001388,-0.96,0.001388,-0.04
0.00139,-1,0.00139,-0.04
0.001392,-1,0.001392,-0.02
0.001394,-1,0.001394,-0.02
0.001396,-0.96,0.001396,-0.04
0.001398,-0.96,0.001398,-0.02
0.0014,-1,0.0014,-0.02
0.001402,-1,0.001402,-0.02
0.001404,-1,0.001404,-0.04
0.001406,-0.96,0.001406,-0.04
0.001408,-1,0.001408,-0.04
0.00141,-0.96,0.00141,-0.02
0.001412,-0.96,0.001412,-0.02
0.001414,-1,0.001414,-0.04
0.001416,-0.96,0.001416,-0.02
0.001418,-0.96,0.001418,-0.02
0.00142,-1,0.00142,-0.02
0.001422,-0.96,0.001422,-0.02
0.001424,-1,0.001424,-0.02
0.001426,-1,0.001426,-0.02
0.001428,-1,0.001428,-0.02
0.00143,-0.96,0.00143,-0.04
0.001432,-0.96,0.001432,-0.04
0.001434,-1,0.001434,-0.02
0.001436,-1,0.001436,-0.02
0.001438,-0.96,0.001438,-0.02
0.00144,-0.96,0.00144,-0.04
0.001442,-0.96,0.001442,-0.06
0.001444,-0.96,0.001444,-0.02
0.001446,-1,0.001446,-0.02
0.001448,-1,0.001448,-0.04
0.00145,-0.96,0.00145,-0.06
0.001452,-0.96,0.001452,-0.04
0.001454,-0.96,0.001454,-0.04
0.001456,-1,0.001456,-0.02
0.001458,-1,0.001458,-0.04
0.00146,-0.96,0.00146,-0.02
0.001462,-0.96,0.001462,-0.04
0.001464,-1,0.001464,-0.04
0.001466,-1,0.001466,-0.04
0.001468,-0.96,0.001468,-0.04
0.00147,-0.96,0.00147,-0.02
0.001472,-0.96,0.001472,-0.02
0.001474,-0.96,0.001474,-0.04
0.001476,-1,0.001476,-0.04
0.001478,-0.96,0.001478,-0.04
0.00148,-0.96,0.00148,-0.04
0.001482,-0.96,0.001482,-0.02
0.001484,-0.96,0.001484,-0.04
0.001486,-1,0.001486,-0.04
0.001488,-0.96,0.001488,-0.04
0.00149,-1,0.00149,-0.02
0.001492,-0.96,0.001492,-0.04
0.001494,-0.96,0.001494,-0.02
0.001496,-1,0.001496,-0.02
0.001498,-0.96,0.001498,-0.06
0.0015,-0.96,0.0015,-0.04
0.001502,-0.96,0.001502,-0.04
0.001504,-0.96,0.001504,-0.02
0.001506,-0.96,0.001506,-0.02
0.001508,-0.96,0.001508,-0.02
0.00151,-0.96,0.00151,-0.04
0.001512,-0.96,0.001512,-0.04
0.001514,-0.96,0.001514,-0.04
0.001516,-0.96,0.001516,-0.04
0.001518,-0.96,0.001518,-0.04
0.00152,-1,0.00152,-0.02
0.001522,-0.96,0.001522,-0.02
0.001524,-1,0.001524,-0.02
0.001526,-1,0.001526,-0.04
0.001528,-0.96,0.001528,-0.04
0.00153,-0.96,0.00153,-0.04
0.001532,-0.96,0.001532,-0.04
0.001534,-1,0.001534,-0.02
0.001536,-0.96,0.001536,-0.04
0.001538,-1,0.001538,-0.02
0.00154,-0.96,0.00154,-0.02
0.001542,-0.96,0.001542,-0.04
0.001544,-1,0.001544,-0.02
0.001546,-1,0.001546,-0.02
0.001548,-1,0.001548,-0.02
0.00155,-0.96,0.00155,-0.04
0.001552,-0.96,0.001552,-0.02
0.001554,-0.96,0.001554,-0.02
0.001556,-1,0.001556,-0.02
0.001558,-1,0.001558,-0.04
0.00156,-0.96,0.00156,-0.02
0.001562,-0.96,0.001562,-0.02
0.001564,-0.96,0.001564,-0.04
0.001566,-1,0.001566,-0.04
0.001568,-0.96,0.001568,-0.04
0.00157,-0.96,0.00157,-0.02
0.001572,-1,0.001572,-0.02
0.001574,-0.96,0.001574,-0.02
0.001576,-1,0.001576,-0.04
0.001578,-0.96,0.001578,-0.04
0.00158,-0.96,0.00158,-0.04
0.001582,-0.96,0.001582,-0.04
0.001584,-0.96,0.001584,-0.06
0.001586,-1,0.001586,-0.02
0.001588,-0.96,0.001588,-0.04
0.00159,-1,0.00159,-0.02
0.001592,-0.96,0.001592,-0.04
0.001594,-1,0.001594,-0.04
0.001596,-0.96,0.001596,-0.04
0.001598,-1,0.001598,-0.04
0.0016,-1,0.0016,-0.02
0.001602,-0.96,0.001602,-0.02
0.001604,-1,0.001604,-0.04
0.001606,-1,0.001606,-0.04
0.001608,-1,0.001608,-0.02
0.00161,-1,0.00161,-0.04
0.001612,-1,0.001612,-0.02
0.001614,-1,0.001614,-0.04
0.001616,-0.96,0.001616,-0.02
0.001618,-1,0.001618,-0.04
0.00162,-1,0.00162,-0.04
0.001622,-1,0.001622,-0.02
0.001624,-0.96,0.001624,-0.04
0.001626,-0.96,0.001626,-0.02
0.001628,-1,0.001628,-0.02
0.00163,-1,0.00163,-0.02
0.001632,-0.96,0.001632,-0.02
0.001634,-0.96,0.001634,-0.04
0.001636,-0.96,0.001636,-0.02
0.001638,-1,0.001638,-0.02
0.00164,-0.96,0.00164,-0.02
0.001642,-0.96,0.001642,-0.04
0.001644,-0.96,0.001644,-0.04
0.001646,-1,0.001646,-0.04
0.001648,-0.96,0.001648,-0.02
0.00165,-0.96,0.00165,-0.02
0.001652,-1,0.001652,-0.02
0.001654,-1,0.001654,-0.02
0.001656,-1,0.001656,-0.04
0.001658,-0.96,0.001658,-0.04
0.00166,-1,0.00166,-0.04
0.001662,-0.96,0.001662,-0.02
0.001664,-0.96,0.001664,-0.04
0.001666,-1,0.001666,-0.02
0.001668,-1,0.001668,-0.04
0.00167,-0.96,0.00167,-0.04
0.001672,-1,0.001672,-0.04
0.001674,-1,0.001674,-0.04
0.001676,-1,0.001676,-0.02
0.001678,-1,0.001678,-0.04
0.00168,-0.96,0.00168,-0.04
0.001682,-0.96,0.001682,-0.06
0.001684,-0.96,0.001684,-0.04
0.001686,-0.96,0.001686,-0.02
0.001688,-0.96,0.001688,-0.04
0.00169,-1,0.00169,-0.04
0.001692,-0.96,0.001692,-0.04
0.001694,-0.96,0.001694,-0.04
0.001696,-1,0.001696,-0.02
0.001698,-0.96,0.001698,-0.04
0.0017,-0.96,0.0017,-0.02
0.001702,-1,0.001702,-0.04
0.001704,-0.96,0.001704,-0.04
0.001706,-1,0.001706,-0.02
0.001708,-1,0.001708,-0.04
0.00171,-0.96,0.00171,-0.02
0.001712,-0.96,0.001712,-0.02
0.001714,-1,0.001714,-0.02
0.001716,-1,0.001716,-0.04
0.001718,-0.96,0.001718,-0.02
0.00172,-0.96,0.00172,-0.04
0.001722,-0.96,0.001722,-0.04
0.001724,-1,0.001724,-0.06
0.001726,-0.96,0.001726,-0.04
0.001728,-1,0.001728,-0.02
0.00173,-0.96,0.00173,-0.02
0.001732,-0.96,0.001732,-0.04
0.001734,-1,0.001734,-0.04
0.001736,-1,0.001736,-0.04
0.001738,-0.96,0.001738,-0.04
0.00174,-1,0.00174,-0.04
0.001742,-1,0.001742,-0.04
0.001744,-1,0.001744,-0.04
0.001746,-0.96,0.001746,-0.04
0.001748,-0.96,0.001748,-0.06
0.00175,-1,0.00175,-0.04
0.001752,-0.96,0.001752,-0.02
0.001754,-0.96,0.001754,-0.02
0.001756,-0.96,0.001756,-0.02
0.001758,-0.96,0.001758,-0.02
0.00176,-1,0.00176,-0.02
0.001762,-0.96,0.001762,-0.02
0.001764,-0.96,0.001764,-0.04
0.001766,-0.96,0.001766,-0.02
0.001768,-0.96,0.001768,-0.04
0.00177,-1,0.00177,-0.02
0.001772,-1,0.001772,-0.04
0.001774,-1,0.001774,-0.02
0.001776,-0.96,0.001776,-0.02
0.001778,-1,0.001778,-0.04
0.00178,-1,0.00178,-0.04
0.001782,-0.96,0.001782,-0.04
0.001784,-0.96,0.001784,-0.02
0.001786,-1,0.001786,-0.04
0.001788,-0.96,0.001788,-0.02
0.00179,-0.96,0.00179,-0.02
0.001792,-0.96,0.001792,-0.02
0.001794,-0.96,0.001794,-0.02
0.001796,-1,0.001796,-0.02
0.001798,-1,0.001798,-0.04
0.0018,-0.96,0.0018,-0.04
0.001802,-0.96,0.001802,-0.04
0.001804,-0.96,0.001804,-0.04
0.001806,-0.96,0.001806,-0.02
0.001808,-1,0.001808,-0.04
0.00181,-1,0.00181,-0.02
0.001812,-0.96,0.001812,-0.04
0.001814,-0.96,0.001814,-0.02
0.001816,-0.96,0.001816,-0.04
0.001818,-0.96,0.001818,-0.02
0.00182,1.04,0.00182,1.84
0.001822,1.04,0.001822,1.78
0.001824,1.04,0.001824,1.62
0.001826,1.04,0.001826,1.5
0.001828,1.04,0.001828,1.36
0.00183,1.04,0.00183,1.22
0.001832,1.04,0.001832,1.12
0.001834,1.04,0.001834,1.02
0.001836,1.04,0.001836,0.92
0.001838,1.04,0.001838,0.84
0.00184,1.04,0.00184,0.76
0.001842,1.04,0.001842,0.7
0.001844,1.04,0.001844,0.64
0.001846,1.04,0.001846,0.58
0.001848,1.04,0.001848,0.54
0.00185,1.08,0.00185,0.5
0.001852,1.08,0.001852,0.44
0.001854,1.04,0.001854,0.42
0.001856,1.04,0.001856,0.36
0.001858,1.08,0.001858,0.34
0.00186,1.08,0.00186,0.32
0.001862,1.04,0.001862,0.3
0.001864,1.08,0.001864,0.26
0.001866,1.04,0.001866,0.26
0.001868,1.08,0.001868,0.24
0.00187,1.08,0.00187,0.22
0.001872,1.08,0.001872,0.2
0.001874,1.04,0.001874,0.18
0.001876,1.04,0.001876,0.16
0.001878,1.04,0.001878,0.16
0.00188,1.08,0.00188,0.14
0.001882,1.08,0.001882,0.16
0.001884,1.04,0.001884,0.12
0.001886,1.04,0.001886,0.12
0.001888,1.04,0.001888,0.12
0.00189,1.04,0.00189,0.1
0.001892,1.04,0.001892,0.1
0.001894,1.08,0.001894,0.1
0.001896,1.08,0.001896,0.1
0.001898,1.08,0.001898,0.08
0.0019,1.04,0.0019,0.08
0.001902,1.08,0.001902,0.08
0.001904,1.08,0.001904,0.08
0.001906,1.04,0.001906,0.08
0.001908,1.08,0.001908,0.06
0.00191,1.08,0.00191,0.06
0.001912,1.04,0.001912,0.06
0.001914,1.04,0.001914,0.04
0.001916,1.08,0.001916,0.06
0.001918,1.08,0.001918,0.06
0.00192,1.04,0.00192,0.06
0.001922,1.04,0.001922,0.06
0.001924,1.04,0.001924,0.06
0.001926,1.08,0.001926,0.06
0.001928,1.08,0.001928,0.04
0.00193,1.04,0.00193,0.06
0.001932,1.08,0.001932,0.06
0.001934,1.08,0.001934,0.06
0.001936,1.04,0.001936,0.06
0.001938,1.04,0.001938,0.06
0.00194,1.04,0.00194,0.06
0.001942,1.08,0.001942,0.04
0.001944,1.08,0.001944,0.04
0.001946,1.04,0.001946,0.04
0.001948,1.04,0.001948,0.06
0.00195,1.08,0.00195,0.06
0.001952,1.08,0.001952,0.04
0.001954,1.04,0.001954,0.02
0.001956,1.04,0.001956,0.04
0.001958,1.08,0.001958,0.04
0.00196,1.08,0.00196,0.04
0.001962,1.04,0.001962,0.04
0.001964,1.04,0.001964,0.04
0.001966,1.04,0.001966,0.06
0.001968,1.08,0.001968,0.04
0.00197,1.08,0.00197,0.06
0.001972,1.04,0.001972,0.06
0.001974,1.04,0.001974,0.02
0.001976,1.04,0.001976,0.04
0.001978,1.04,0.001978,0.04
0.00198,1.04,0.00198,0.04
0.001982,1.04,0.001982,0.02
0.001984,1.04,0.001984,0.04
0.001986,1.08,0.001986,0.04
0.001988,1.04,0.001988,0.04
0.00199,1.04,0.00199,0.04
0.001992,1.08,0.001992,0.04
0.001994,1.08,0.001994,0.06
0.001996,1.04,0.001996,0.06
0.001998,1.08,0.001998,0.04
0.002,1.04,0.002,0.06
0.002002,1.08,0.002002,0.06
0.002004,1.08,0.002004,0.06
0.002006,1.08,0.002006,0.04
0.002008,1.08,0.002008,0.04
0.00201,1.08,0.00201,0.06
0.002012,1.04,0.002012,0.04
0.002014,1.08,0.002014,0.04
0.002016,1.08,0.002016,0.06
0.002018,1.04,0.002018,0.04
0.00202,1.04,0.00202,0.06
0.002022,1.04,0.002022,0.04
0.002024,1.04,0.002024,0.04
0.002026,1.04,0.002026,0.04
0.002028,1.04,0.002028,0.04
0.00203,1.08,0.00203,0.04
0.002032,1.08,0.002032,0.04
0.002034,1.08,0.002034,0.02
0.002036,1.08,0.002036,0.06
0.002038,1.08,0.002038,0.02
0.00204,1.04,0.00204,0.04
0.002042,1.04,0.002042,0.04
0.002044,1.08,0.002044,0.06
0.002046,1.04,0.002046,0.06
0.002048,1.04,0.002048,0.04
0.00205,1.04,0.00205,0.04
0.002052,1.04,0.002052,0.04
0.002054,1.08,0.002054,0.06
0.002056,1.08,0.002056,0.04
0.002058,1.08,0.002058,0.04
0.00206,1.04,0.00206,0.04
0.002062,1.08,0.002062,0.04
0.002064,1.04,0.002064,0.04
0.002066,1.08,0.002066,0.04
0.002068,1.08,0.002068,0.04
0.00207,1.04,0.00207,0.06
0.002072,1.04,0.002072,0.04
0.002074,1.08,0.002074,0.06
0.002076,1.04,0.002076,0.04
0.002078,1.04,0.002078,0.04
0.00208,1.08,0.00208,0.02
0.002082,1.08,0.002082,0.06
0.002084,1.04,0.002084,0.04
0.002086,1.04,0.002086,0.04
0.002088,1.04,0.002088,0.04
0.00209,1.04,0.00209,0.04
0.002092,1.04,0.002092,0.04
0.002094,1.04,0.002094,0.04
0.002096,1.04,0.002096,0.04
0.002098,1.08,0.002098,0.06
0.0021,1.04,0.0021,0.06
0.002102,1.04,0.002102,0.04
0.002104,1.04,0.002104,0.04
0.002106,1.04,0.002106,0.04
0.002108,1.08,0.002108,0.02
0.00211,1.08,0.00211,0.04
0.002112,1.04,0.002112,0.04
0.002114,1.04,0.002114,0.02
0.002116,1.08,0.002116,0.04
0.002118,1.08,0.002118,0.02
0.00212,1.04,0.00212,0.04
0.002122,1.08,0.002122,0.02
0.002124,1.08,0.002124,0.04
0.002126,1.04,0.002126,0.06
0.002128,1.04,0.002128,0.06
0.00213,1.04,0.00213,0.04
0.002132,1.04,0.002132,0.04
0.002134,1.08,0.002134,0.04
0.002136,1.08,0.002136,0.06
0.002138,1.04,0.002138,0.06
0.00214,1.04,0.00214,0.04
0.002142,1.04,0.002142,0.04
0.002144,1.04,0.002144,0.04
0.002146,1.08,0.002146,0.04
0.002148,1.08,0.002148,0.04
0.00215,1.04,0.00215,0.04
0.002152,1.04,0.002152,0.04
0.002154,1.04,0.002154,0.04
0.002156,1.04,0.002156,0.02
0.002158,1.04,0.002158,0.04
0.00216,1.08,0.00216,0.04
0.002162,1.08,0.002162,0.06
0.002164,1.04,0.002164,0.06
0.002166,1.04,0.002166,0.04
0.002168,1.08,0.002168,0.06
0.00217,1.04,0.00217,0.04
0.002172,1.08,0.002172,0.04
0.002174,1.04,0.002174,0.02
0.002176,1.08,0.002176,0.02
0.002178,1.04,0.002178,0.06
0.00218,1.08,0.00218,0.04
0.002182,1.04,0.002182,0.06
0.002184,1.08,0.002184,0.06
0.002186,1.08,0.002186,0.04
0.002188,1.04,0.002188,0.04
0.00219,1.04,0.00219,0.02
0.002192,1.08,0.002192,0.04
0.002194,1.08,0.002194,0.04
0.002196,1.04,0.002196,0.04
0.002198,1.04,0.002198,0.04
0.0022,1.04,0.0022,0.04
0.002202,1.04,0.002202,0.04
0.002204,1.08,0.002204,0.04
0.002206,1.08,0.002206,0.04
0.002208,1.04,0.002208,0.04
0.00221,1.08,0.00221,0.06
0.002212,1.04,0.002212,0.02
0.002214,1.04,0.002214,0.04
0.002216,1.08,0.002216,0.04
0.002218,1.04,0.002218,0.06
0.00222,1.08,0.00222,0.06
0.002222,1.04,0.002222,0.04
0.002224,1.04,0.002224,0.04
0.002226,1.08,0.002226,0.02
0.002228,1.04,0.002228,0.04
0.00223,1.08,0.00223,0.04
0.002232,1.08,0.002232,0.04
0.002234,1.08,0.002234,0.04
0.002236,1.04,0.002236,0.02
0.002238,1.04,0.002238,0.06
0.00224,1.04,0.00224,0.06
0.002242,1.04,0.002242,0.06
0.002244,1.04,0.002244,0.04
0.002246,1.04,0.002246,0.06
0.002248,1.04,0.002248,0.04
0.00225,1.04,0.00225,0.04
0.002252,1.08,0.002252,0.04
0.002254,1.08,0.002254,0.04
0.002256,1.08,0.002256,0.02
0.002258,1.04,0.002258,0.04
0.00226,1.08,0.00226,0.06
0.002262,1.04,0.002262,0.04
0.002264,1.08,0.002264,0.04
0.002266,1.08,0.002266,0.04
0.002268,1.08,0.002268,0.04
0.00227,1.08,0.00227,0.04
0.002272,1.08,0.002272,0.02
0.002274,1.08,0.002274,0.06
0.002276,1.04,0.002276,0.04
0.002278,1.04,0.002278,0.06
0.00228,1.08,0.00228,0.04
0.002282,1.08,0.002282,0.06
0.002284,1.04,0.002284,0.06
0.002286,1.08,0.002286,0.02
0.002288,1.08,0.002288,0.02
0.00229,1.04,0.00229,0.04
0.002292,1.08,0.002292,0.04
0.002294,1.08,0.002294,0.06
0.002296,1.08,0.002296,0.06
0.002298,1.08,0.002298,0.02
0.0023,1.08,0.0023,0.04
0.002302,1.04,0.002302,0.04
0.002304,1.08,0.002304,0.04
0.002306,1.04,0.002306,0.04
0.002308,1.04,0.002308,0.06
0.00231,1.04,0.00231,0.06
0.002312,1.04,0.002312,0.04
0.002314,1.04,0.002314,0.04
0.002316,1.04,0.002316,0.04
0.002318,1.04,0.002318,0.04
0.00232,1.08,0.00232,0.04
0.002322,1.04,0.002322,0.04
0.002324,1.04,0.002324,0.02
0.002326,1.04,0.002326,0.06
0.002328,1.04,0.002328,0.04
0.00233,1.08,0.00233,0.04
0.002332,1.08,0.002332,0.06
0.002334,1.04,0.002334,0.04
0.002336,1.04,0.002336,0.02
0.002338,1.04,0.002338,0.04
0.00234,1.04,0.00234,0.02
0.002342,1.08,0.002342,0.04
0.002344,1.08,0.002344,0.04
0.002346,1.04,0.002346,0.04
0.002348,1.04,0.002348,0.06
0.00235,1.08,0.00235,0.02
0.002352,1.08,0.002352,0.04
0.002354,1.08,0.002354,0.04
0.002356,1.08,0.002356,0.04
0.002358,1.04,0.002358,0.04
0.00236,1.08,0.00236,0.04
0.002362,1.04,0.002362,0.02
0.002364,1.04,0.002364,0.06
0.002366,1.04,0.002366,0.04
0.002368,1.04,0.002368,0.06
0.00237,1.08,0.00237,0.06
0.002372,1.08,0.002372,0.06
0.002374,1.08,0.002374,0.06
0.002376,1.04,0.002376,0.04
0.002378,1.04,0.002378,0.04
0.00238,1.08,0.00238,0.04
0.002382,1.04,0.002382,0.04
0.002384,1.04,0.002384,0.04
0.002386,1.04,0.002386,0.04
0.002388,1.04,0.002388,0.04
0.00239,1.04,0.00239,0.06
0.002392,1.08,0.002392,0.06
0.002394,1.04,0.002394,0.04
0.002396,1.04,0.002396,0.04
0.002398,1.04,0.002398,0.06
0.0024,1.04,0.0024,0.04
0.002402,1.04,0.002402,0.04
0.002404,1.04,0.002404,0.06
0.002406,1.08,0.002406,0.04
0.002408,1.08,0.002408,0.04
0.00241,1.08,0.00241,0.04
0.002412,1.04,0.002412,0.06
0.002414,1.08,0.002414,0.06
0.002416,1.04,0.002416,0.06
0.002418,1.08,0.002418,0.06
0.00242,1.08,0.00242,0.04
0.002422,1.04,0.002422,0.04
0.002424,1.04,0.002424,0.04
0.002426,1.04,0.002426,0.04
0.002428,1.04,0.002428,0.04
0.00243,1.08,0.00243,0.02
0.002432,1.08,0.002432,0.04
0.002434,1.04,0.002434,0.04
0.002436,1.04,0.002436,0.06
0.002438,1.04,0.002438,0.06
0.00244,1.04,0.00244,0.06
0.002442,1.04,0.002442,0.04
0.002444,1.04,0.002444,0.04
0.002446,1.04,0.002446,0.04
0.002448,1.08,0.002448,0.06
0.00245,1.08,0.00245,0.04
0.002452,1.04,0.002452,0.06
0.002454,1.08,0.002454,0.06
0.002456,1.04,0.002456,0.04
0.002458,1.04,0.002458,0.04
0.00246,1.04,0.00246,0.06
0.002462,1.04,0.002462,0.04
0.002464,1.04,0.002464,0.06
0.002466,1.08,0.002466,0.06
0.002468,1.04,0.002468,0.04
0.00247,1.08,0.00247,0.06
0.002472,1.04,0.002472,0.06
0.002474,1.08,0.002474,0.02
0.002476,1.04,0.002476,0.04
0.002478,1.08,0.002478,0.06
0.00248,1.04,0.00248,0.06
0.002482,1.04,0.002482,0.04
0.002484,1.04,0.002484,0.04
0.002486,1.04,0.002486,0.04
0.002488,1.04,0.002488,0.02
0.00249,1.04,0.00249,0.06
0.002492,1.04,0.002492,0.04
0.002494,1.04,0.002494,0.04
0.002496,1.08,0.002496,0.04
0.002498,1.04,0.002498,0.04
0.0025,1.04,0.0025,0.04
0.002502,1.04,0.002502,0.06
0.002504,1.04,0.002504,0.02
0.002506,1.08,0.002506,0.04
0.002508,1.04,0.002508,0.04
0.00251,1.08,0.00251,0.04
0.002512,1.04,0.002512,0.04
0.002514,1.08,0.002514,0.04
0.002516,1.04,0.002516,0.04
0.002518,1.04,0.002518,0.04
0.00252,1.04,0.00252,0.06
0.002522,1.08,0.002522,0.04
0.002524,1.08,0.002524,0.06
0.002526,1.04,0.002526,0.06
0.002528,1.08,0.002528,0.06
0.00253,1.04,0.00253,0.06
0.002532,1.04,0.002532,0.06
0.002534,1.08,0.002534,0.06
0.002536,1.08,0.002536,0.02
0.002538,1.04,0.002538,0.02
0.00254,1.08,0.00254,0.04
0.002542,1.04,0.002542,0.04
0.002544,1.04,0.002544,0.04
0.002546,1.04,0.002546,0.04
0.002548,1.04,0.002548,0.06
0.00255,1.08,0.00255,0.04
0.002552,1.04,0.002552,0.06
0.002554,1.04,0.002554,0.06
0.002556,1.08,0.002556,0.04
0.002558,1.04,0.002558,0.04
0.00256,1.04,0.00256,0.04
0.002562,1.04,0.002562,0.04
0.002564,1.04,0.002564,0.04
0.002566,1.04,0.002566,0.06
0.002568,1.08,0.002568,0.06
0.00257,1.08,0.00257,0.04
0.002572,1.08,0.002572,0.06
0.002574,1.04,0.002574,0.04
0.002576,1.04,0.002576,0.02
0.002578,1.04,0.002578,0.04
0.00258,1.08,0.00258,0.04
0.002582,1.08,0.002582,0.02
0.002584,1.08,0.002584,0.04
0.002586,1.08,0.002586,0.04
0.002588,1.08,0.002588,0.04
0.00259,1.08,0.00259,0.04
0.002592,1.08,0.002592,0.04
0.002594,1.08,0.002594,0.02
0.002596,1.04,0.002596,0.04
0.002598,1.04,0.002598,0.04
0.0026,1.04,0.0026,0.04
0.002602,1.08,0.002602,0.06
0.002604,1.04,0.002604,0.06
0.002606,1.04,0.002606,0.04
0.002608,1.04,0.002608,0.04
0.00261,1.08,0.00261,0.04
0.002612,1.04,0.002612,0.04
0.002614,1.08,0.002614,0.04
0.002616,1.04,0.002616,0.06
0.002618,1.04,0.002618,0.04
0.00262,1.08,0.00262,0.04
0.002622,1.08,0.002622,0.04
0.002624,1.04,0.002624,0.04
0.002626,1.08,0.002626,0.06
0.002628,1.04,0.002628,0.04
0.00263,1.04,0.00263,0.06
0.002632,1.08,0.002632,0.02
0.002634,1.04,0.002634,0.02
0.002636,1.04,0.002636,0.06
0.002638,1.04,0.002638,0.06
0.00264,1.08,0.00264,0.04
0.002642,1.08,0.002642,0.04
0.002644,1.08,0.002644,0.06
0.002646,1.08,0.002646,0.06
0.002648,1.04,0.002648,0.06
0.00265,1.04,0.00265,0.04
0.002652,1.08,0.002652,0.04
0.002654,1.08,0.002654,0.04
0.002656,1.08,0.002656,0.02
0.002658,1.08,0.002658,0.04
0.00266,1.08,0.00266,0.02
0.002662,1.04,0.002662,0.04
0.002664,1.04,0.002664,0.04
0.002666,1.08,0.002666,0.04
0.002668,1.04,0.002668,0.06
0.00267,1.04,0.00267,0.02
0.002672,1.04,0.002672,0.04
0.002674,1.04,0.002674,0.04
0.002676,1.04,0.002676,0.04
0.002678,1.04,0.002678,0.04
0.00268,1.04,0.00268,0.04
0.002682,1.04,0.002682,0.02
0.002684,1.08,0.002684,0.04
0.002686,1.08,0.002686,0.04
0.002688,1.04,0.002688,0.04
0.00269,1.04,0.00269,0.04
0.002692,1.08,0.002692,0.04
0.002694,1.04,0.002694,0.04
0.002696,1.08,0.002696,0.04
0.002698,1.08,0.002698,0.02
0.0027,1.04,0.0027,0.04
0.002702,1.08,0.002702,0.04
0.002704,1.08,0.002704,0.04
0.002706,1.08,0.002706,0.04
0.002708,1.08,0.002708,0.04
0.00271,1.04,0.00271,0.04
0.002712,1.04,0.002712,0.04
0.002714,1.04,0.002714,0.04
0.002716,1.08,0.002716,0.06
0.002718,1.04,0.002718,0.06
0.00272,1.08,0.00272,0.04
0.002722,1.04,0.002722,0.04
0.002724,1.08,0.002724,0.04
0.002726,1.04,0.002726,0.06
0.002728,1.04,0.002728,0.04
0.00273,1.08,0.00273,0.06
0.002732,1.04,0.002732,0.06
0.002734,1.04,0.002734,0.04
0.002736,1.08,0.002736,0.06
0.002738,1.04,0.002738,0.06
0.00274,1.04,0.00274,0.04
0.002742,1.08,0.002742,0.06
0.002744,1.04,0.002744,0.04
0.002746,1.04,0.002746,0.04
0.002748,1.08,0.002748,0.06
0.00275,1.08,0.00275,0.04
0.002752,1.04,0.002752,0.04
0.002754,1.04,0.002754,0.04
0.002756,1.04,0.002756,0.06
0.002758,1.04,0.002758,0.04
0.00276,1.08,0.00276,0.04
0.002762,1.04,0.002762,0.04
0.002764,1.08,0.002764,0.04
0.002766,1.08,0.002766,0.04
0.002768,1.04,0.002768,0.06
0.00277,1.04,0.00277,0.04
0.002772,1.08,0.002772,0.02
0.002774,1.04,0.002774,0.02
0.002776,1.08,0.002776,0.06
0.002778,1.04,0.002778,0.04
0.00278,1.08,0.00278,0.04
0.002782,1.04,0.002782,0.06
0.002784,1.04,0.002784,0.04
0.002786,1.04,0.002786,0.04
0.002788,1.04,0.002788,0.04
0.00279,1.04,0.00279,0.04
0.002792,1.08,0.002792,0.06
0.002794,1.08,0.002794,0.06
0.002796,1.08,0.002796,0.04
0.002798,1.04,0.002798,0.04
0.0028,1.08,0.0028,0.04
0.002802,1.04,0.002802,0.04
0.002804,1.08,0.002804,0.04
0.002806,1.04,0.002806,0.04
0.002808,1.04,0.002808,0.04
0.00281,1.08,0.00281,0.04
0.002812,1.04,0.002812,0.04
0.002814,1.08,0.002814,0.02
0.002816,1.04,0.002816,0.06
0.002818,1.04,0.002818,0.04
0.00282,1.04,0.00282,0.04
0.002822,1.04,0.002822,0.04
0.002824,1.04,0.002824,0.04
0.002826,1.04,0.002826,0.04
0.002828,1.04,0.002828,0.04
0.00283,1.08,0.00283,0.04
0.002832,1.04,0.002832,0.04
0.002834,1.04,0.002834,0.06
0.002836,1.04,0.002836,0.04
0.002838,1.04,0.002838,0.04
0.00284,1.04,0.00284,0.06
0.002842,1.08,0.002842,0.04
0.002844,1.08,0.002844,0.02
0.002846,1.04,0.002846,0.04
0.002848,1.04,0.002848,0.04
0.00285,1.08,0.00285,0.04
0.002852,1.04,0.002852,0.04
0.002854,1.08,0.002854,0.04
0.002856,1.04,0.002856,0.02
0.002858,1.04,0.002858,0.04
0.00286,1.04,0.00286,0.04
0.002862,1.04,0.002862,0.06
0.002864,1.08,0.002864,0.04
0.002866,1.08,0.002866,0.04
0.002868,1.04,0.002868,0.04
0.00287,1.08,0.00287,0.04
0.002872,1.04,0.002872,0.04
0.002874,1.08,0.002874,0.04
0.002876,1.04,0.002876,0.04
0.002878,1.08,0.002878,0.04
0.00288,1.04,0.00288,0.04
0.002882,1.04,0.002882,0.04
0.002884,1.08,0.002884,0.04
0.002886,1.04,0.002886,0.04
0.002888,1.08,0.002888,0.04
0.00289,1.08,0.00289,0.04
0.002892,1.08,0.002892,0.04
0.002894,1.04,0.002894,0.02
0.002896,1.08,0.002896,0.02
0.002898,1.08,0.002898,0.02
0.0029,1.08,0.0029,0.04
0.002902,1.04,0.002902,0.06
0.002904,1.08,0.002904,0.04
0.002906,1.04,0.002906,0.04
0.002908,1.08,0.002908,0.04
0.00291,1.08,0.00291,0.04
0.002912,1.04,0.002912,0.04
0.002914,1.08,0.002914,0.06
0.002916,1.04,0.002916,0.04
0.002918,1.08,0.002918,0.06
0.00292,1.04,0.00292,0.04
0.002922,1.08,0.002922,0.04
0.002924,1.04,0.002924,0.02
0.002926,1.08,0.002926,0.04
0.002928,1.08,0.002928,0.04
0.00293,1.08,0.00293,0.04
0.002932,1.04,0.002932,0.02
0.002934,1.04,0.002934,0.06
0.002936,1.04,0.002936,0.04
0.002938,1.04,0.002938,0.04
0.00294,1.04,0.00294,0.06
0.002942,1.04,0.002942,0.04
0.002944,1.08,0.002944,0.02
0.002946,1.04,0.002946,0.04
0.002948,1.04,0.002948,0.06
0.00295,1.04,0.00295,0.04
0.002952,1.04,0.002952,0.04
0.002954,1.08,0.002954,0.06
0.002956,1.08,0.002956,0.04
0.002958,1.04,0.002958,0.02
0.00296,1.08,0.00296,0.04
0.002962,1.04,0.002962,0.06
0.002964,1.04,0.002964,0.02
0.002966,1.08,0.002966,0.02
0.002968,1.08,0.002968,0.04
0.00297,1.04,0.00297,0.04
0.002972,1.04,0.002972,0.04
0.002974,1.04,0.002974,0.04
0.002976,1.04,0.002976,0.06
0.002978,1.04,0.002978,0.02
0.00298,1.08,0.00298,0.06
0.002982,1.04,0.002982,0.04
0.002984,1.04,0.002984,0.04
0.002986,1.04,0.002986,0.04
0.002988,1.08,0.002988,0.04
0.00299,1.04,0.00299,0.04
0.002992,1.04,0.002992,0.04
0.002994,1.08,0.002994,0.02
0.002996,1.04,0.002996,0.04
0.002998,1.08,0.002998,0.06
0.003,1.04,0.003,0.06
0.003002,1.08,0.003002,0.04
0.003004,1.04,0.003004,0.04
0.003006,1.08,0.003006,0.04
0.003008,1.08,0.003008,0.06
0.00301,1.08,0.00301,0.04
0.003012,1.08,0.003012,0.04
0.003014,1.08,0.003014,0.04
0.003016,1.04,0.003016,0.04
0.003018,1.08,0.003018,0.02
0.00302,1.04,0.00302,0.04
0.003022,1.04,0.003022,0.04
0.003024,1.08,0.003024,0.04
0.003026,1.08,0.003026,0.06
0.003028,1.08,0.003028,0.06
0.00303,1.08,0.00303,0.06
0.003032,1.04,0.003032,0.04
0.003034,1.04,0.003034,0.04
0.003036,1.04,0.003036,0.02
0.003038,1.04,0.003038,0.04
0.00304,1.08,0.00304,0.04
0.003042,1.04,0.003042,0.04
0.003044,1.04,0.003044,0.04
0.003046,1.08,0.003046,0.04
0.003048,1.04,0.003048,0.06
0.00305,1.04,0.00305,0.02
0.003052,1.08,0.003052,0.04
0.003054,1.04,0.003054,0.06
0.003056,1.04,0.003056,0.04
0.003058,1.04,0.003058,0.04
0.00306,1.08,0.00306,0.04
0.003062,1.04,0.003062,0.04
0.003064,1.04,0.003064,0.04
0.003066,1.08,0.003066,0.04
0.003068,1.04,0.003068,0.04
0.00307,1.04,0.00307,0.04
0.003072,1.04,0.003072,0.04
0.003074,1.04,0.003074,0.04
0.003076,1.04,0.003076,0.04
0.003078,1.04,0.003078,0.06
0.00308,1.04,0.00308,0.04
0.003082,1.08,0.003082,0.06
0.003084,1.04,0.003084,0.04
0.003086,1.08,0.003086,0.04
0.003088,1.04,0.003088,0.04
0.00309,1.04,0.00309,0.04
0.003092,1.04,0.003092,0.06
0.003094,1.04,0.003094,0.04
0.003096,1.08,0.003096,0.06
0.003098,1.04,0.003098,0.04
0.0031,1.04,0.0031,0.04
0.003102,1.04,0.003102,0.04
0.003104,1.04,0.003104,0.02
0.003106,1.08,0.003106,0.04
0.003108,1.04,0.003108,0.06
0.00311,1.04,0.00311,0.04
0.003112,1.08,0.003112,0.04
0.003114,1.08,0.003114,0.02
0.003116,1.08,0.003116,0.04
0.003118,1.04,0.003118,0.02
0.00312,1.04,0.00312,0.04
0.003122,1.08,0.003122,0.04
0.003124,1.08,0.003124,0.04
0.003126,1.04,0.003126,0.06
0.003128,1.08,0.003128,0.04
0.00313,1.04,0.00313,0.04
0.003132,1.08,0.003132,0.06
0.003134,1.04,0.003134,0.04
0.003136,1.08,0.003136,0.04
0.003138,1.04,0.003138,0.04
0.00314,1.04,0.00314,0.06
0.003142,1.04,0.003142,0.04
0.003144,1.08,0.003144,0.04
0.003146,1.04,0.003146,0.04
0.003148,1.04,0.003148,0.04
0.00315,1.04,0.00315,0.04
0.003152,1.04,0.003152,0.04
0.003154,1.04,0.003154,0.02
0.003156,1.08,0.003156,0.04
0.003158,1.08,0.003158,0.04
0.00316,1.04,0.00316,0.04
0.003162,1.04,0.003162,0.04
0.003164,1.08,0.003164,0.04
0.003166,1.08,0.003166,0.04
0.003168,1.04,0.003168,0.04
0.00317,1.04,0.00317,0.04
0.003172,1.04,0.003172,0.04
0.003174,1.04,0.003174,0.04
0.003176,1.04,0.003176,0.06
0.003178,1.08,0.003178,0.04
0.00318,1.04,0.00318,0.06
0.003182,1.08,0.003182,0.04
0.003184,1.04,0.003184,0.02
0.003186,1.04,0.003186,0.02
0.003188,1.08,0.003188,0.04
0.00319,1.04,0.00319,0.04
0.003192,1.04,0.003192,0.02
0.003194,1.04,0.003194,0.06
0.003196,1.04,0.003196,0.06
0.003198,1.04,0.003198,0.04
0.0032,1.08,0.0032,0.04
0.003202,1.08,0.003202,0.04
0.003204,1.04,0.003204,0.02
0.003206,1.04,0.003206,0.04
0.003208,1.04,0.003208,0.02
0.00321,1.08,0.00321,0.04
0.003212,1.04,0.003212,0.02
0.003214,1.04,0.003214,0.04
0.003216,1.08,0.003216,0.04
0.003218,1.08,0.003218,0.04
0.00322,1.04,0.00322,0.04
0.003222,1.04,0.003222,0.04
0.003224,1.08,0.003224,0.04
0.003226,1.08,0.003226,0.04
0.003228,1.04,0.003228,0.04
0.00323,1.04,0.00323,0.04
0.003232,1.04,0.003232,0.04
0.003234,1.08,0.003234,0.04
0.003236,1.04,0.003236,0.04
0.003238,1.04,0.003238,0.04
0.00324,1.04,0.00324,0.04
0.003242,1.04,0.003242,0.06
0.003244,1.04,0.003244,0.04
0.003246,1.04,0.003246,0.02
0.003248,1.08,0.003248,0.04
0.00325,1.04,0.00325,0.04
0.003252,1.04,0.003252,0.04
0.003254,1.04,0.003254,0.04
0.003256,1.04,0.003256,0.04
0.003258,1.08,0.003258,0.04
0.00326,1.08,0.00326,0.04
0.003262,1.04,0.003262,0.02
0.003264,1.04,0.003264,0.04
0.003266,1.08,0.003266,0.04
0.003268,1.08,0.003268,0.06
0.00327,1.08,0.00327,0.06
0.003272,1.04,0.003272,0.04
0.003274,1.04,0.003274,0.02
0.003276,1.04,0.003276,0.04
0.003278,1.04,0.003278,0.06
0.00328,1.08,0.00328,0.04
0.003282,1.04,0.003282,0.04
0.003284,1.08,0.003284,0.04
0.003286,1.04,0.003286,0.04
0.003288,1.04,0.003288,0.04
0.00329,1.08,0.00329,0.04
0.003292,1.04,0.003292,0.04
0.003294,1.04,0.003294,0.06
0.003296,1.04,0.003296,0.06
0.003298,1.08,0.003298,0.04
0.0033,1.08,0.0033,0.04
0.003302,1.04,0.003302,0.06
0.003304,1.04,0.003304,0.04
0.003306,1.08,0.003306,0.04
0.003308,1.04,0.003308,0.04
0.00331,1.04,0.00331,0.04
0.003312,1.08,0.003312,0.04
0.003314,1.08,0.003314,0.04
0.003316,1.08,0.003316,0.06
0.003318,1.04,0.003318,0.04
0.00332,1.04,0.00332,0.04
0.003322,1.04,0.003322,0.04
0.003324,1.08,0.003324,0.04
0.003326,1.08,0.003326,0.02
0.003328,1.04,0.003328,0.04
0.00333,1.08,0.00333,0.04
0.003332,1.04,0.003332,0.02
0.003334,1.08,0.003334,0.04
0.003336,1.08,0.003336,0.04
0.003338,1.04,0.003338,0.06
0.00334,1.08,0.00334,0.04
0.003342,1.04,0.003342,0.04
0.003344,1.04,0.003344,0.04
0.003346,1.04,0.003346,0.04
0.003348,1.08,0.003348,0.04
0.00335,1.08,0.00335,0.04
0.003352,1.04,0.003352,0.04
0.003354,1.04,0.003354,0.04
0.003356,1.08,0.003356,0.04
0.003358,1.08,0.003358,0.04
0.00336,1.04,0.00336,0.04
0.003362,1.04,0.003362,0.06
0.003364,1.08,0.003364,0.04
0.003366,1.04,0.003366,0.04
0.003368,1.08,0.003368,0.06
0.00337,1.08,0.00337,0.06
0.003372,1.04,0.003372,0.04
0.003374,1.04,0.003374,0.04
0.003376,1.08,0.003376,0.04
0.003378,1.04,0.003378,0.06
0.00338,1.04,0.00338,0.04
0.003382,1.08,0.003382,0.04
0.003384,1.04,0.003384,0.04
0.003386,1.04,0.003386,0.04
0.003388,1.08,0.003388,0.04
0.00339,1.08,0.00339,0.04
0.003392,1.08,0.003392,0.04
0.003394,1.04,0.003394,0.04
0.003396,1.08,0.003396,0.04
0.003398,1.04,0.003398,0.04
0.0034,1.08,0.0034,0.06
0.003402,1.08,0.003402,0.06
0.003404,1.04,0.003404,0.04
0.003406,1.04,0.003406,0.04
0.003408,1.04,0.003408,0.04
0.00341,1.04,0.00341,0.02
0.003412,1.04,0.003412,0.04
0.003414,1.08,0.003414,0.04
0.003416,1.04,0.003416,0.04
0.003418,1.04,0.003418,0.04
0.00342,1.04,0.00342,0.04
0.003422,1.04,0.003422,0.04
0.003424,1.04,0.003424,0.04
0.003426,1.08,0.003426,0.04
0.003428,1.08,0.003428,0.04
0.00343,1.04,0.00343,0.06
0.003432,1.04,0.003432,0.04
0.003434,1.08,0.003434,0.06
0.003436,1.08,0.003436,0.04
0.003438,1.04,0.003438,0.04
0.00344,1.08,0.00344,0.06
0.003442,1.08,0.003442,0.06
0.003444,1.04,0.003444,0.06
0.003446,1.04,0.003446,0.04
0.003448,1.12,0.003448,0.02
0.00345,1.08,0.00345,0.04
0.003452,1.04,0.003452,0.06
0.003454,1.08,0.003454,0.04
0.003456,1.04,0.003456,0.06
0.003458,1.04,0.003458,0.06
0.00346,1.04,0.00346,0.06
0.003462,1.08,0.003462,0.04
0.003464,1.08,0.003464,0.04
0.003466,1.04,0.003466,0.04
0.003468,1.08,0.003468,0.04
0.00347,1.08,0.00347,0.06
0.003472,1.04,0.003472,0.06
0.003474,1.04,0.003474,0.04
0.003476,1.04,0.003476,0.04
0.003478,1.04,0.003478,0.04
0.00348,1.04,0.00348,0.04
0.003482,1.08,0.003482,0.04
0.003484,1.08,0.003484,0.04
0.003486,1.08,0.003486,0.04
0.003488,1.04,0.003488,0.04
0.00349,1.04,0.00349,0.06
0.003492,1.04,0.003492,0.06
0.003494,1.04,0.003494,0.04
0.003496,1.08,0.003496,0.04
0.003498,1.08,0.003498,0.04
0.0035,1.04,0.0035,0.06
0.003502,1.08,0.003502,0.04
0.003504,1.04,0.003504,0.06
0.003506,1.08,0.003506,0.04
0.003508,1.08,0.003508,0.04
0.00351,1.04,0.00351,0.06
0.003512,1.08,0.003512,0.04
0.003514,1.08,0.003514,0.04
0.003516,1.08,0.003516,0.04
0.003518,1.04,0.003518,0.04
0.00352,1.04,0.00352,0.04
0.003522,1.04,0.003522,0.04
0.003524,1.08,0.003524,0.06
0.003526,1.04,0.003526,0.04
0.003528,1.04,0.003528,0.02
0.00353,1.08,0.00353,0.04
0.003532,1.04,0.003532,0.04
0.003534,1.04,0.003534,0.06
0.003536,1.04,0.003536,0.04
0.003538,1.08,0.003538,0.04
0.00354,1.08,0.00354,0.02
0.003542,1.04,0.003542,0.04
0.003544,1.04,0.003544,0.06
0.003546,1.04,0.003546,0.04
0.003548,1.08,0.003548,0.04
0.00355,1.08,0.00355,0.04
0.003552,1.08,0.003552,0.06
0.003554,1.04,0.003554,0.04
0.003556,1.08,0.003556,0.04
0.003558,1.04,0.003558,0.04
0.00356,1.08,0.00356,0.06
0.003562,1.08,0.003562,0.04
0.003564,1.04,0.003564,0.04
0.003566,1.04,0.003566,0.04
0.003568,1.08,0.003568,0.04
0.00357,1.04,0.00357,0.04
0.003572,1.04,0.003572,0.04
0.003574,1.08,0.003574,0.02
0.003576,1.04,0.003576,0.04
0.003578,1.04,0.003578,0.04
0.00358,1.04,0.00358,0.06
0.003582,1.04,0.003582,0.04
0.003584,1.04,0.003584,0.04
0.003586,1.08,0.003586,0.04
0.003588,1.04,0.003588,0.04
0.00359,1.08,0.00359,0.04
0.003592,1.04,0.003592,0.06
0.003594,1.08,0.003594,0.02
0.003596,1.08,0.003596,0.04
0.003598,1.04,0.003598,0.04
0.0036,1.08,0.0036,0.04
0.003602,1.08,0.003602,0.04
0.003604,1.04,0.003604,0.04
0.003606,1.04,0.003606,0.04
0.003608,1.04,0.003608,0.04
0.00361,1.04,0.00361,0.04
0.003612,1.04,0.003612,0.06
0.003614,1.04,0.003614,0.04
0.003616,1.04,0.003616,0.04
0.003618,1.04,0.003618,0.04
0.00362,1.04,0.00362,0.04
0.003622,1.08,0.003622,0.04
0.003624,1.04,0.003624,0.04
0.003626,1.08,0.003626,0.04
0.003628,1.08,0.003628,0.04
0.00363,1.08,0.00363,0.02
0.003632,1.04,0.003632,0.04
0.003634,1.04,0.003634,0.04
0.003636,1.04,0.003636,0.02
0.003638,1.08,0.003638,0.04
0.00364,1.04,0.00364,0.06
0.003642,1.08,0.003642,0.04
0.003644,1.08,0.003644,0.04
0.003646,1.04,0.003646,0.02
0.003648,1.08,0.003648,0.02
0.00365,1.04,0.00365,0.06
0.003652,1.04,0.003652,0.04
0.003654,1.04,0.003654,0.04
0.003656,1.04,0.003656,0.04
0.003658,1.04,0.003658,0.06
0.00366,1.08,0.00366,0.04
0.003662,1.04,0.003662,0.04
0.003664,1.08,0.003664,0.04
0.003666,1.04,0.003666,0.04
0.003668,1.08,0.003668,0.06
0.00367,1.04,0.00367,0.04
0.003672,1.04,0.003672,0.06
0.003674,1.04,0.003674,0.04
0.003676,1.04,0.003676,0.04
0.003678,1.08,0.003678,0.04
0.00368,1.04,0.00368,0.06
0.003682,1.04,0.003682,0.04
0.003684,1.08,0.003684,0.04
0.003686,1.04,0.003686,0.04
0.003688,1.04,0.003688,0.04
0.00369,1.04,0.00369,0.04
0.003692,1.04,0.003692,0.06
0.003694,1.04,0.003694,0.06
0.003696,1.04,0.003696,0.04
0.003698,1.08,0.003698,0.04
0.0037,1.04,0.0037,0.04
0.003702,1.04,0.003702,0.06
0.003704,1.04,0.003704,0.04
0.003706,1.04,0.003706,0.02
0.003708,1.04,0.003708,0.06
0.00371,1.04,0.00371,0.04
0.003712,1.08,0.003712,0.06
0.003714,1.04,0.003714,0.06
0.003716,1.08,0.003716,0.04
0.003718,1.04,0.003718,0.04
0.00372,1.08,0.00372,0.04
0.003722,1.04,0.003722,0.04
0.003724,1.04,0.003724,0.04
0.003726,1.08,0.003726,0.04
0.003728,1.08,0.003728,0.04
0.00373,1.08,0.00373,0.04
0.003732,1.08,0.003732,0.04
0.003734,1.08,0.003734,0.04
0.003736,1.04,0.003736,0.04
0.003738,1.08,0.003738,0.04
0.00374,1.04,0.00374,0.04
0.003742,1.08,0.003742,0.06
0.003744,1.08,0.003744,0.06
0.003746,1.08,0.003746,0.04
0.003748,1.04,0.003748,0.04
0.00375,1.08,0.00375,0.04
0.003752,1.04,0.003752,0.04
0.003754,1.04,0.003754,0.04
0.003756,1.04,0.003756,0.06
0.003758,1.08,0.003758,0.04
0.00376,1.08,0.00376,0.04
0.003762,1.04,0.003762,0.04
0.003764,1.04,0.003764,0.06
0.003766,1.04,0.003766,0.04
0.003768,1.08,0.003768,0.04
0.00377,1.08,0.00377,0.04
0.003772,1.04,0.003772,0.02
0.003774,1.04,0.003774,0.04
0.003776,1.04,0.003776,0.06
0.003778,1.04,0.003778,0.02
0.00378,1.04,0.00378,0.06
0.003782,1.08,0.003782,0.04
0.003784,1.04,0.003784,0.04
0.003786,1.08,0.003786,0.04
0.003788,1.04,0.003788,0.04
0.00379,1.04,0.00379,0.06
0.003792,1.04,0.003792,0.04
0.003794,1.04,0.003794,0.06
0.003796,1.04,0.003796,0.06
0.003798,1.04,0.003798,0.04
0.0038,1.08,0.0038,0.04
0.003802,1.04,0.003802,0.04
0.003804,1.04,0.003804,0.06
0.003806,1.04,0.003806,0.04
0.003808,1.08,0.003808,0.06
0.00381,1.08,0.00381,0.02
0.003812,1.08,0.003812,0.04
0.003814,1.08,0.003814,0.02
0.003816,1.08,0.003816,0.04
0.003818,1.08,0.003818,0.04
0.00382,1.08,0.00382,0.04
0.003822,1.04,0.003822,0.04
0.003824,1.08,0.003824,0.06
0.003826,1.08,0.003826,0.04
0.003828,1.04,0.003828,0.04
0.00383,1.04,0.00383,0.04
0.003832,1.08,0.003832,0.02
0.003834,1.04,0.003834,0.06
0.003836,1.08,0.003836,0.04
0.003838,1.04,0.003838,0.06
0.00384,1.04,0.00384,0.04
0.003842,1.08,0.003842,0.04
0.003844,1.08,0.003844,0.04
0.003846,1.04,0.003846,0.04
0.003848,1.08,0.003848,0.04
0.00385,1.04,0.00385,0.04
0.003852,1.08,0.003852,0.04
0.003854,1.04,0.003854,0.04
0.003856,1.04,0.003856,0.04
0.003858,1.04,0.003858,0.06
0.00386,1.08,0.00386,0.04
0.003862,1.04,0.003862,0.04
0.003864,1.04,0.003864,0.04
0.003866,1.04,0.003866,0.06
0.003868,1.04,0.003868,0.06
0.00387,1.04,0.00387,0.06
0.003872,1.04,0.003872,0.04
0.003874,1.04,0.003874,0.06
0.003876,1.04,0.003876,0.04
0.003878,1.04,0.003878,0.06
0.00388,1.04,0.00388,0.02
0.003882,1.04,0.003882,0.04
0.003884,1.04,0.003884,0.04
0.003886,1.04,0.003886,0.04
0.003888,1.08,0.003888,0.04
0.00389,1.04,0.00389,0.04
0.003892,1.04,0.003892,0.04
0.003894,1.04,0.003894,0.06
0.003896,1.04,0.003896,0.04
0.003898,1.04,0.003898,0.04
0.0039,1.08,0.0039,0.04
0.003902,1.04,0.003902,0.04
0.003904,1.04,0.003904,0.04
0.003906,1.08,0.003906,0.04
0.003908,1.04,0.003908,0.06
0.00391,1.04,0.00391,0.02
0.003912,1.04,0.003912,0.02
0.003914,1.08,0.003914,0.04
0.003916,1.04,0.003916,0.06
0.003918,1.04,0.003918,0.04
0.00392,1.08,0.00392,0.04
0.003922,1.04,0.003922,0.04
0.003924,1.08,0.003924,0.04
0.003926,1.04,0.003926,0.04
0.003928,1.08,0.003928,0.04
0.00393,1.04,0.00393,0.06
0.003932,1.04,0.003932,0.04
0.003934,1.04,0.003934,0.06
0.003936,1.08,0.003936,0.06
0.003938,1.08,0.003938,0.04
0.00394,1.08,0.00394,0.04
0.003942,1.04,0.003942,0.04
0.003944,1.04,0.003944,0.04
0.003946,1.04,0.003946,0.02
0.003948,1.04,0.003948,0.02
0.00395,1.04,0.00395,0.06
0.003952,1.08,0.003952,0.04
0.003954,1.04,0.003954,0.04
0.003956,1.04,0.003956,0.02
0.003958,1.04,0.003958,0.04
0.00396,1.04,0.00396,0.04
0.003962,1.04,0.003962,0.04
0.003964,1.08,0.003964,0.06
0.003966,1.08,0.003966,0.06
0.003968,1.08,0.003968,0.04
0.00397,1.08,0.00397,0.06
0.003972,1.04,0.003972,0.06
0.003974,1.04,0.003974,0.04
0.003976,1.08,0.003976,0.06
0.003978,1.08,0.003978,0.04
0.00398,1.04,0.00398,0.06
0.003982,1.04,0.003982,0.04
0.003984,1.04,0.003984,0.06
0.003986,1.04,0.003986,0.04
0.003988,1.08,0.003988,0.04
0.00399,1.04,0.00399,0.06
0.003992,1.08,0.003992,0.04
0.003994,1.04,0.003994,0.04
0.003996,1.04,0.003996,0.04
0.003998,1.04,0.003998,0.04
0.004,1.08,0.004,0.04
0.004002,1.04,0.004002,0.04
0.004004,1.04,0.004004,0.06
0.004006,1.04,0.004006,0.04
0.004008,1.04,0.004008,0.04
0.00401,1.08,0.00401,0.04
0.004012,1.04,0.004012,0.04
0.004014,1.08,0.004014,0.06
0.004016,1.04,0.004016,0.02
0.004018,1.04,0.004018,0.06
0.00402,1.08,0.00402,0.04
0.004022,1.04,0.004022,0.04
0.004024,1.04,0.004024,0.02
0.004026,1.04,0.004026,0.06
0.004028,1.08,0.004028,0.04
0.00403,1.08,0.00403,0.04
0.004032,1.04,0.004032,0.04
0.004034,1.04,0.004034,0.04
0.004036,1.04,0.004036,0.02
0.004038,1.08,0.004038,0.04
0.00404,1.04,0.00404,0.04
0.004042,1.08,0.004042,0.04
0.004044,1.04,0.004044,0.04
0.004046,1.08,0.004046,0.04
0.004048,1.08,0.004048,0.04
0.00405,1.04,0.00405,0.04
0.004052,1.08,0.004052,0.04
0.004054,1.08,0.004054,0.04
0.004056,1.04,0.004056,0.04
0.004058,1.04,0.004058,0.04
0.00406,1.04,0.00406,0.04
0.004062,1.08,0.004062,0.04
0.004064,1.04,0.004064,0.06
0.004066,1.04,0.004066,0.04
0.004068,1.08,0.004068,0.04
0.00407,1.08,0.00407,0.04
0.004072,1.04,0.004072,0.04
0.004074,1.04,0.004074,0.06
0.004076,1.08,0.004076,0.04
0.004078,1.08,0.004078,0.04
0.00408,1.04,0.00408,0.04
0.004082,1.04,0.004082,0.06
0.004084,1.04,0.004084,0.06
0.004086,1.04,0.004086,0.04
0.004088,1.04,0.004088,0.04
0.00409,1.04,0.00409,0.04
0.004092,1.04,0.004092,0.02
0.004094,1.08,0.004094,0.04
0.004096,1.08,0.004096,0.02
0.004098,1.04,0.004098,0.04
0.0041,1.08,0.0041,0.04
0.004102,1.04,0.004102,0.06
0.004104,1.04,0.004104,0.06
0.004106,1.04,0.004106,0.04
0.004108,1.08,0.004108,0.04
0.00411,1.04,0.00411,0.04
0.004112,1.04,0.004112,0.06
0.004114,1.04,0.004114,0.06
0.004116,1.04,0.004116,0.04
0.004118,1.08,0.004118,0.04
0.00412,1.04,0.00412,0.06
0.004122,1.04,0.004122,0.04
0.004124,1.04,0.004124,0.06
0.004126,1.08,0.004126,0.06
0.004128,1.04,0.004128,0.04
0.00413,1.04,0.00413,0.04
0.004132,1.08,0.004132,0.04
0.004134,1.04,0.004134,0.04
0.004136,1.04,0.004136,0.04
0.004138,1.04,0.004138,0.04
0.00414,1.04,0.00414,0.04
0.004142,1.08,0.004142,0.04
0.004144,1.08,0.004144,0.02
0.004146,1.04,0.004146,0.06
0.004148,1.04,0.004148,0.06
0.00415,1.08,0.00415,0.06
0.004152,1.04,0.004152,0.06
0.004154,1.08,0.004154,0.06
0.004156,1.04,0.004156,0.04
0.004158,1.04,0.004158,0.04
0.00416,1.08,0.00416,0.04
0.004162,1.04,0.004162,0.04
0.004164,1.04,0.004164,0.04
0.004166,1.08,0.004166,0.04
0.004168,1.04,0.004168,0.06
0.00417,1.08,0.00417,0.02
0.004172,1.04,0.004172,0.06
0.004174,1.08,0.004174,0.06
0.004176,1.08,0.004176,0.06
0.004178,1.04,0.004178,0.02
0.00418,1.04,0.00418,0.04
0.004182,1.08,0.004182,0.06
0.004184,1.04,0.004184,0.04
0.004186,1.08,0.004186,0.04
0.004188,1.08,0.004188,0.04
0.00419,1.04,0.00419,0.02
0.004192,1.08,0.004192,0.06
0.004194,1.08,0.004194,0.04
0.004196,1.08,0.004196,0.06
0.004198,1.04,0.004198,0.04
0.0042,1.04,0.0042,0.04
0.004202,1.08,0.004202,0.04
0.004204,1.08,0.004204,0.04
0.004206,1.08,0.004206,0.06
0.004208,1.04,0.004208,0.04
0.00421,1.04,0.00421,0.06
0.004212,1.04,0.004212,0.04
0.004214,1.08,0.004214,0.04
0.004216,1.04,0.004216,0.04
0.004218,1.08,0.004218,0.04
0.00422,1.04,0.00422,0.04
0.004222,1.04,0.004222,0.04
0.004224,1.04,0.004224,0.04
0.004226,1.04,0.004226,0.04
0.004228,1.04,0.004228,0.04
0.00423,1.04,0.00423,0.04
0.004232,1.04,0.004232,0.06
0.004234,1.04,0.004234,0.04
0.004236,1.04,0.004236,0.04
0.004238,1.04,0.004238,0.04
0.00424,1.08,0.00424,0.02
0.004242,1.08,0.004242,0.04
0.004244,1.08,0.004244,0.04
0.004246,1.04,0.004246,0.06
0.004248,1.04,0.004248,0.04
0.00425,1.04,0.00425,0.04
0.004252,1.08,0.004252,0.04
0.004254,1.08,0.004254,0.06
0.004256,1.08,0.004256,0.04
0.004258,1.08,0.004258,0.04
0.00426,1.08,0.00426,0.06
0.004262,1.08,0.004262,0.04
0.004264,1.04,0.004264,0.04
0.004266,1.08,0.004266,0.04
0.004268,1.04,0.004268,0.04
0.00427,1.08,0.00427,0.06
0.004272,1.08,0.004272,0.04
0.004274,1.04,0.004274,0.04
0.004276,1.08,0.004276,0.06
0.004278,1.04,0.004278,0.04
0.00428,1.08,0.00428,0.06
0.004282,1.04,0.004282,0.04
0.004284,1.04,0.004284,0.04
0.004286,1.04,0.004286,0.06
0.004288,1.04,0.004288,0.06
0.00429,1.04,0.00429,0.04
0.004292,1.04,0.004292,0.04
0.004294,1.04,0.004294,0.06
0.004296,1.08,0.004296,0.04
0.004298,1.08,0.004298,0.04
0.0043,1.08,0.0043,0.04
0.004302,1.04,0.004302,0.06
0.004304,1.08,0.004304,0.04
0.004306,1.04,0.004306,0.04
0.004308,1.08,0.004308,0.02
0.00431,1.08,0.00431,0.06
0.004312,1.04,0.004312,0.06
0.004314,1.04,0.004314,0.04
0.004316,1.04,0.004316,0.04
0.004318,1.04,0.004318,0.06
0.00432,-0.96,0.00432,-1.88
0.004322,-0.96,0.004322,-1.78
0.004324,-0.96,0.004324,-1.62
0.004326,-1,0.004326,-1.48
0.004328,-1,0.004328,-1.34
0.00433,-0.96,0.00433,-1.2
0.004332,-1,0.004332,-1.1
0.004334,-0.96,0.004334,-1
0.004336,-0.96,0.004336,-0.9
0.004338,-1,0.004338,-0.84
0.00434,-1,0.00434,-0.76
0.004342,-1,0.004342,-0.68
0.004344,-1,0.004344,-0.64
0.004346,-1,0.004346,-0.58
0.004348,-1,0.004348,-0.52
0.00435,-1,0.00435,-0.48
0.004352,-1,0.004352,-0.44
0.004354,-0.96,0.004354,-0.4
0.004356,-0.96,0.004356,-0.36
0.004358,-0.96,0.004358,-0.34
0.00436,-0.96,0.00436,-0.32
0.004362,-0.96,0.004362,-0.28
0.004364,-1,0.004364,-0.26
0.004366,-0.96,0.004366,-0.24
0.004368,-1,0.004368,-0.2
0.00437,-1,0.00437,-0.2
0.004372,-1,0.004372,-0.2
0.004374,-0.96,0.004374,-0.18
0.004376,-1,0.004376,-0.16
0.004378,-0.96,0.004378,-0.16
0.00438,-0.96,0.00438,-0.14
0.004382,-0.96,0.004382,-0.12
0.004384,-0.96,0.004384,-0.12
0.004386,-1,0.004386,-0.12
0.004388,-0.96,0.004388,-0.1
0.00439,-0.96,0.00439,-0.1
0.004392,-0.96,0.004392,-0.1
0.004394,-0.96,0.004394,-0.08
0.004396,-0.96,0.004396,-0.08
0.004398,-1,0.004398,-0.08
0.0044,-0.96,0.0044,-0.08
0.004402,-1,0.004402,-0.06
0.004404,-0.96,0.004404,-0.06
0.004406,-1,0.004406,-0.08
0.004408,-1,0.004408,-0.06
0.00441,-1,0.00441,-0.06
0.004412,-0.96,0.004412,-0.06
0.004414,-1,0.004414,-0.06
0.004416,-0.96,0.004416,-0.06
0.004418,-0.96,0.004418,-0.06
0.00442,-1,0.00442,-0.06
0.004422,-1,0.004422,-0.04
0.004424,-0.96,0.004424,-0.06
0.004426,-0.96,0.004426,-0.04
0.004428,-0.96,0.004428,-0.06
0.00443,-0.96,0.00443,-0.04
0.004432,-0.96,0.004432,-0.04
0.004434,-0.96,0.004434,-0.06
0.004436,-1,0.004436,-0.04
0.004438,-1,0.004438,-0.04
0.00444,-0.96,0.00444,-0.04
0.004442,-1,0.004442,-0.04
0.004444,-0.96,0.004444,-0.04
0.004446,-1,0.004446,-0.04
0.004448,-0.96,0.004448,-0.04
0.00445,-1,0.00445,-0.02
0.004452,-1,0.004452,-0.04
0.004454,-1,0.004454,-0.02
0.004456,-0.96,0.004456,-0.04
0.004458,-1,0.004458,-0.04
0.00446,-0.96,0.00446,-0.04
0.004462,-1,0.004462,-0.02
0.004464,-1,0.004464,-0.02
0.004466,-0.96,0.004466,-0.04
0.004468,-1,0.004468,-0.06
0.00447,-0.96,0.00447,-0.04
0.004472,-1,0.004472,-0.02
0.004474,-1,0.004474,-0.04
0.004476,-0.96,0.004476,-0.04
0.004478,-1,0.004478,-0.02
0.00448,-1,0.00448,-0.06
0.004482,-0.96,0.004482,-0.02
0.004484,-0.96,0.004484,-0.02
0.004486,-1,0.004486,-0.04
0.004488,-0.96,0.004488,-0.04
0.00449,-0.96,0.00449,-0.04
0.004492,-0.96,0.004492,-0.02
0.004494,-0.96,0.004494,-0.04
0.004496,-0.96,0.004496,-0.06
0.004498,-0.96,0.004498,-0.04
0.0045,-1,0.0045,-0.02
0.004502,-0.96,0.004502,-0.02
0.004504,-0.96,0.004504,-0.04
0.004506,-0.96,0.004506,-0.04
0.004508,-0.96,0.004508,-0.02
0.00451,-1,0.00451,-0.04
0.004512,-0.96,0.004512,-0.04
0.004514,-1,0.004514,-0.04
0.004516,-1,0.004516,-0.04
0.004518,-0.96,0.004518,-0.02
0.00452,-0.96,0.00452,-0.04
0.004522,-1,0.004522,-0.04
0.004524,-0.96,0.004524,-0.04
0.004526,-1,0.004526,-0.04
0.004528,-0.96,0.004528,-0.04
0.00453,-1,0.00453,-0.02
0.004532,-1,0.004532,-0.02
0.004534,-0.96,0.004534,-0.04
0.004536,-0.96,0.004536,-0.04
0.004538,-0.96,0.004538,-0.04
0.00454,-0.96,0.00454,-0.04
0.004542,-1,0.004542,-0.02
0.004544,-1,0.004544,-0.04
0.004546,-0.96,0.004546,-0.04
0.004548,-0.96,0.004548,-0.04
0.00455,-0.96,0.00455,-0.04
0.004552,-1,0.004552,-0.06
0.004554,-0.96,0.004554,-0.04
0.004556,-0.96,0.004556,-0.04
0.004558,-0.96,0.004558,-0.04
0.00456,-1,0.00456,-0.04
0.004562,-1,0.004562,-0.04
0.004564,-0.96,0.004564,-0.04
0.004566,-0.96,0.004566,-0.04
0.004568,-0.96,0.004568,-0.04
0.00457,-1,0.00457,-0.04
0.004572,-1,0.004572,-0.02
0.004574,-1,0.004574,-0.02
0.004576,-1,0.004576,-0.04
0.004578,-0.96,0.004578,-0.02
0.00458,-0.96,0.00458,-0.06
0.004582,-1,0.004582,-0.02
0.004584,-1,0.004584,-0.06
0.004586,-0.96,0.004586,-0.06
0.004588,-0.96,0.004588,-0.02
0.00459,-1,0.00459,-0.04
0.004592,-0.96,0.004592,-0.04
0.004594,-1,0.004594,-0.04
0.004596,-0.96,0.004596,-0.04
0.004598,-0.96,0.004598,-0.04
0.0046,-1,0.0046,-0.02
0.004602,-0.96,0.004602,-0.02
0.004604,-0.96,0.004604,-0.04
0.004606,-1,0.004606,-0.04
0.004608,-1,0.004608,-0.04
0.00461,-0.96,0.00461,-0.04
0.004612,-0.96,0.004612,-0.02
0.004614,-1,0.004614,-0.02
0.004616,-0.96,0.004616,-0.04
0.004618,-1,0.004618,-0.02
0.00462,-0.96,0.00462,-0.02
0.004622,-0.96,0.004622,-0.04
0.004624,-1,0.004624,-0.02
0.004626,-1,0.004626,-0.04
0.004628,-0.96,0.004628,-0.02
0.00463,-1,0.00463,-0.02
0.004632,-0.96,0.004632,-0.02
0.004634,-1,0.004634,-0.04
0.004636,-0.96,0.004636,-0.04
0.004638,-0.96,0.004638,-0.04
0.00464,-1,0.00464,-0.04
0.004642,-0.96,0.004642,-0.02
0.004644,-0.96,0.004644,-0.06
0.004646,-1,0.004646,-0.04
0.004648,-0.96,0.004648,-0.04
0.00465,-1,0.00465,-0.04
0.004652,-1,0.004652,-0.04
0.004654,-0.96,0.004654,-0.02
0.004656,-0.96,0.004656,-0.04
0.004658,-1,0.004658,-0.04
0.00466,-0.96,0.00466,-0.02
0.004662,-1,0.004662,-0.04
0.004664,-0.96,0.004664,-0.04
0.004666,-0.96,0.004666,-0.04
0.004668,-0.96,0.004668,-0.02
0.00467,-1,0.00467,-0.04
0.004672,-0.96,0.004672,-0.04
0.004674,-1,0.004674,-0.02
0.004676,-1,0.004676,-0.02
0.004678,-0.96,0.004678,-0.02
0.00468,-0.96,0.00468,-0.04
0.004682,-0.96,0.004682,-0.02
0.004684,-1,0.004684,-0.02
0.004686,-1,0.004686,-0.02
0.004688,-1,0.004688,-0.04
0.00469,-0.96,0.00469,-0.02
0.004692,-0.96,0.004692,-0.04
0.004694,-0.96,0.004694,-0.02
0.004696,-0.96,0.004696,-0.04
0.004698,-0.96,0.004698,-0.02
0.0047,-0.96,0.0047,-0.04
0.004702,-1,0.004702,-0.02
0.004704,-0.96,0.004704,-0.04
0.004706,-1,0.004706,-0.04
0.004708,-1,0.004708,-0.04
0.00471,-1,0.00471,-0.02
0.004712,-1,0.004712,-0.04
0.004714,-0.96,0.004714,-0.02
0.004716,-0.96,0.004716,-0.06
0.004718,-0.96,0.004718,-0.02
0.00472,-1,0.00472,-0.04
0.004722,-1,0.004722,-0.04
0.004724,-0.96,0.004724,-0.04
0.004726,-0.96,0.004726,-0.04
0.004728,-0.96,0.004728,-0.04
0.00473,-0.96,0.00473,-0.02
0.004732,-1,0.004732,-0.02
0.004734,-0.96,0.004734,-0.06
0.004736,-1,0.004736,-0.02
0.004738,-1,0.004738,-0.04
0.00474,-1,0.00474,-0.04
0.004742,-1,0.004742,-0.02
0.004744,-1,0.004744,-0.04
0.004746,-1,0.004746,-0.02
0.004748,-0.96,0.004748,-0.02
0.00475,-0.96,0.00475,-0.04
0.004752,-0.96,0.004752,-0.02
0.004754,-0.96,0.004754,-0.04
0.004756,-0.96,0.004756,-0.04
0.004758,-1,0.004758,-0.02
0.00476,-0.96,0.00476,-0.02
0.004762,-0.96,0.004762,-0.02
0.004764,-0.96,0.004764,-0.02
0.004766,-0.96,0.004766,-0.02
0.004768,-1,0.004768,-0.04
0.00477,-1,0.00477,-0.02
0.004772,-1,0.004772,-0.04
0.004774,-0.96,0.004774,-0.04
0.004776,-1,0.004776,-0.02
0.004778,-1,0.004778,-0.04
0.00478,-0.96,0.00478,-0.02
0.004782,-1,0.004782,-0.04
0.004784,-1,0.004784,-0.04
0.004786,-0.96,0.004786,-0.02
0.004788,-1,0.004788,-0.02
0.00479,-0.96,0.00479,-0.04
0.004792,-0.96,0.004792,-0.04
0.004794,-0.96,0.004794,-0.02
0.004796,-1,0.004796,-0.04
0.004798,-1,0.004798,-0.02
0.0048,-1,0.0048,-0.04
0.004802,-0.96,0.004802,-0.02
0.004804,-0.96,0.004804,-0.04
0.004806,-0.96,0.004806,-0.02
0.004808,-1,0.004808,-0.06
0.00481,-0.96,0.00481,-0.02
0.004812,-1,0.004812,-0.04
0.004814,-0.96,0.004814,-0.02
0.004816,-0.96,0.004816,-0.06
0.004818,-0.96,0.004818,-0.02
0.00482,-0.96,0.00482,-0.04
0.004822,-0.96,0.004822,-0.04
0.004824,-0.96,0.004824,-0.04
0.004826,-0.96,0.004826,-0.02
0.004828,-0.96,0.004828,-0.02
0.00483,-0.96,0.00483,-0.02
0.004832,-0.96,0.004832,-0.04
0.004834,-0.96,0.004834,-0.06
0.004836,-0.96,0.004836,-0.04
0.004838,-0.96,0.004838,-0.06
0.00484,-0.96,0.00484,-0.02
0.004842,-1,0.004842,-0.04
0.004844,-1,0.004844,-0.02
0.004846,-1,0.004846,-0.02
0.004848,-1,0.004848,-0.02
0.00485,-1,0.00485,-0.04
0.004852,-0.96,0.004852,-0.02
0.004854,-0.96,0.004854,-0.04
0.004856,-0.96,0.004856,-0.02
0.004858,-1,0.004858,-0.04
0.00486,-0.96,0.00486,-0.02
0.004862,-0.96,0.004862,-0.06
0.004864,-1,0.004864,-0.06
0.004866,-0.96,0.004866,-0.04
0.004868,-0.96,0.004868,-0.04
0.00487,-1,0.00487,-0.04
0.004872,-1,0.004872,-0.04
0.004874,-1,0.004874,-0.02
0.004876,-0.96,0.004876,-0.02
0.004878,-0.96,0.004878,-0.04
0.00488,-1,0.00488,-0.06
0.004882,-0.96,0.004882,-0.06
0.004884,-1,0.004884,-0.02
0.004886,-0.96,0.004886,-0.04
0.004888,-1,0.004888,-0.04
0.00489,-0.96,0.00489,-0.04
0.004892,-0.96,0.004892,-0.04
0.004894,-0.96,0.004894,-0.06
0.004896,-0.96,0.004896,-0.02
0.004898,-0.96,0.004898,-0.02
0.0049,-0.96,0.0049,-0.04
0.004902,-0.96,0.004902,-0.02
0.004904,-0.96,0.004904,-0.04
0.004906,-1,0.004906,-0.02
0.004908,-0.96,0.004908,-0.04
0.00491,-0.96,0.00491,-0.04
0.004912,-0.96,0.004912,-0.04
0.004914,-0.96,0.004914,-0.04
0.004916,-1,0.004916,-0.04
0.004918,-1,0.004918,-0.02
0.00492,-1,0.00492,-0.04
0.004922,-0.96,0.004922,-0.04
0.004924,-1,0.004924,-0.04
0.004926,-1,0.004926,-0.04
0.004928,-1,0.004928,-0.02
0.00493,-0.96,0.00493,-0.04
0.004932,-0.96,0.004932,-0.04
0.004934,-1,0.004934,-0.02
0.004936,-1,0.004936,-0.04
0.004938,-0.96,0.004938,-0.02
0.00494,-0.96,0.00494,-0.04
0.004942,-0.96,0.004942,-0.04
0.004944,-0.96,0.004944,-0.04
0.004946,-1,0.004946,-0.02
0.004948,-0.96,0.004948,-0.02
0.00495,-0.96,0.00495,-0.02
0.004952,-0.96,0.004952,-0.06
0.004954,-0.96,0.004954,-0.02
0.004956,-1,0.004956,-0.04
0.004958,-0.96,0.004958,-0.02
0.00496,-1,0.00496,-0.02
0.004962,-1,0.004962,-0.02
0.004964,-0.96,0.004964,-0.02
0.004966,-1,0.004966,-0.02
0.004968,-0.96,0.004968,-0.02
0.00497,-0.96,0.00497,-0.02
0.004972,-0.96,0.004972,-0.02
0.004974,-0.96,0.004974,-0.04
0.004976,-0.96,0.004976,-0.02
0.004978,-0.96,0.004978,-0.04
0.00498,-0.96,0.00498,-0.02
0.004982,-0.96,0.004982,-0.04
0.004984,-0.96,0.004984,-0.02
0.004986,-1,0.004986,-0.04
0.004988,-0.96,0.004988,-0.06
0.00499,-1,0.00499,-0.04
0.004992,-0.96,0.004992,-0.02
0.004994,-1,0.004994,-0.02
0.004996,-0.96,0.004996,-0.04
0.004998,-0.96,0.004998,-0.02