"Time (ms, ms) - Channel 1",Voltage (V) - Channel 1,"Time (ms, ms) - Channel 2",Voltage (V) - Channel 2
0,0,0,0
0.0002,0,0.0002,0
0.0004,0,0.0004,0
0.0006,0,0.0006,0
0.0008,0.08,0.0008,0
0.001,-0.08,0.001,0.08
0.0012,-0.08,0.0012,0.08
0.0014,0,0.0014,0.08
0.0016,0,0.0016,-0.08
0.0018,0.08,0.0018,0
0.002,0,0.002,0
0.0022,0,0.0022,0
0.0024,-0.08,0.0024,0
0.0026,0.08,0.0026,0.08
0.0028,0,0.0028,0.08
0.003,-0.08,0.003,0
0.0032,0,0.0032,0
0.0034,0.08,0.0034,0
0.0036,0,0.0036,-0.08
0.0038,0,0.0038,0
0.004,0,0.004,0
0.0042,0,0.0042,0
0.0044,0,0.0044,0
0.0046,-0.08,0.0046,0
0.0048,-0.08,0.0048,0
0.005,-0.08,0.005,0
0.0052,-0.16,0.0052,0
0.0054,0,0.0054,0.08
0.0056,-0.08,0.0056,0
0.0058,0,0.0058,-0.08
0.006,0,0.006,0
0.0062,0,0.0062,0
0.0064,0,0.0064,0
0.0066,0,0.0066,0.08
0.0068,-0.08,0.0068,0
0.007,0,0.007,0
0.0072,0,0.0072,0
0.0074,-0.08,0.0074,0
0.0076,0,0.0076,0
0.0078,0,0.0078,0
0.008,-0.08,0.008,0
0.0082,0,0.0082,0
0.0084,0,0.0084,0
0.0086,0,0.0086,0
0.0088,0,0.0088,0
0.009,0,0.009,0
0.0092,-0.08,0.0092,0
0.0094,-0.08,0.0094,0.08
0.0096,0,0.0096,0
0.0098,0,0.0098,0
0.01,0,0.01,0
0.0102,0,0.0102,0.08
0.0104,0,0.0104,0
0.0106,-0.08,0.0106,-0.08
0.0108,0,0.0108,0
0.011,0.08,0.011,0
0.0112,-0.08,0.0112,0
0.0114,0.08,0.0114,0
0.0116,0,0.0116,0.08
0.0118,0,0.0118,0.08
0.012,0,0.012,0.08
0.0122,0,0.0122,0
0.0124,-0.16,0.0124,0
0.0126,0,0.0126,0
0.0128,0,0.0128,0
0.013,0,0.013,0
0.0132,0,0.0132,-0.08
0.0134,0,0.0134,0
0.0136,0,0.0136,0.08
0.0138,0,0.0138,0
0.014,-0.08,0.014,0.08
0.0142,0,0.0142,-0.08
0.0144,0,0.0144,0
0.0146,-0.08,0.0146,0
0.0148,0,0.0148,0
0.015,0,0.015,0
0.0152,0,0.0152,0.08
0.0154,0,0.0154,0
0.0156,0,0.0156,0.08
0.0158,0,0.0158,0
0.016,0,0.016,0
0.0162,-0.08,0.0162,0
0.0164,-0.08,0.0164,0
0.0166,0,0.0166,0
0.0168,-0.08,0.0168,0
0.017,0,0.017,0
0.0172,0,0.0172,0
0.0174,-0.08,0.0174,0
0.0176,-0.08,0.0176,0
0.0178,-0.08,0.0178,0
0.018,0,0.018,0
0.0182,-0.08,0.0182,0
0.0184,0,0.0184,0
0.0186,0,0.0186,0
0.0188,0,0.0188,0
0.019,0,0.019,0
0.0192,0.08,0.0192,0.08
0.0194,0,0.0194,0
0.0196,-0.08,0.0196,0
0.0198,0,0.0198,0
0.02,0,0.02,0
0.0202,0,0.0202,0
0.0204,0,0.0204,0
0.0206,0,0.0206,0
0.0208,0,0.0208,0
0.021,-0.08,0.021,-0.08
0.0212,0,0.0212,-0.08
0.0214,-0.08,0.0214,0
0.0216,0,0.0216,0.08
0.0218,0,0.0218,0
0.022,0,0.022,0.08
0.0222,-0.08,0.0222,0.08
0.0224,0,0.0224,0
0.0226,0,0.0226,-0.08
0.0228,-0.08,0.0228,-0.08
0.023,0,0.023,0
0.0232,0,0.0232,0
0.0234,0,0.0234,-0.08
0.0236,-0.08,0.0236,0.08
0.0238,-0.08,0.0238,0
0.024,0.08,0.024,-0.08
0.0242,0,0.0242,-0.08
0.0244,0,0.0244,-0.08
0.0246,0,0.0246,0
0.0248,-0.08,0.0248,0
0.025,0,0.025,0
0.0252,-0.08,0.0252,0.08
0.0254,0,0.0254,0
0.0256,0,0.0256,0
0.0258,0.08,0.0258,0
0.026,0,0.026,0.08
0.0262,0,0.0262,0
0.0264,0,0.0264,0
0.0266,0,0.0266,0
0.0268,0,0.0268,0
0.027,-0.08,0.027,0
0.0272,-0.08,0.0272,0
0.0274,-0.08,0.0274,0
0.0276,0,0.0276,0.08
0.0278,-0.08,0.0278,-0.08
0.028,-0.08,0.028,0
0.0282,-0.08,0.0282,0
0.0284,0,0.0284,0
0.0286,-0.08,0.0286,0
0.0288,0,0.0288,-0.08
0.029,-0.08,0.029,0
0.0292,0,0.0292,0
0.0294,0,0.0294,0
0.0296,0,0.0296,0
0.0298,0,0.0298,0
0.03,0,0.03,0
0.0302,-0.08,0.0302,-0.08
0.0304,0,0.0304,-0.08
0.0306,0,0.0306,-0.08
0.0308,0.08,0.0308,0
0.031,0,0.031,0
0.0312,0.08,0.0312,-0.08
0.0314,-0.08,0.0314,0
0.0316,-0.08,0.0316,-0.08
0.0318,-0.08,0.0318,0
0.032,0,0.032,0.08
0.0322,-0.08,0.0322,0.08
0.0324,-0.08,0.0324,0
0.0326,-0.08,0.0326,0
0.0328,0,0.0328,0
0.033,0,0.033,0.08
0.0332,-0.08,0.0332,0.08
0.0334,0,0.0334,0
0.0336,0,0.0336,0
0.0338,-0.08,0.0338,0
0.034,-0.08,0.034,0
0.0342,0,0.0342,0
0.0344,0,0.0344,0
0.0346,0,0.0346,0
0.0348,-0.08,0.0348,0
0.035,0,0.035,0.08
0.0352,-0.08,0.0352,0
0.0354,0,0.0354,0.08
0.0356,0,0.0356,0.08
0.0358,0,0.0358,0
0.036,0,0.036,0
0.0362,0,0.0362,0
0.0364,0,0.0364,0.08
0.0366,0.08,0.0366,0
0.0368,-0.08,0.0368,0
0.037,-0.08,0.037,0
0.0372,0,0.0372,0
0.0374,0,0.0374,0
0.0376,-0.08,0.0376,0
0.0378,0.08,0.0378,0
0.038,0,0.038,0
0.0382,0,0.0382,0
0.0384,0,0.0384,0
0.0386,-0.08,0.0386,0
0.0388,-0.08,0.0388,0
0.039,-0.08,0.039,0.08
0.0392,0,0.0392,0.08
0.0394,-0.08,0.0394,0.08
0.0396,0,0.0396,0
0.0398,0.08,0.0398,0
0.04,0,0.04,0
0.0402,0,0.0402,0
0.0404,-0.08,0.0404,0
0.0406,0,0.0406,0
0.0408,0,0.0408,0
0.041,0,0.041,0.08
0.0412,-0.08,0.0412,0
0.0414,0,0.0414,0
0.0416,0,0.0416,-0.08
0.0418,0,0.0418,0
0.042,0,0.042,-0.08
0.0422,-0.08,0.0422,0.08
0.0424,0,0.0424,-0.08
0.0426,-0.08,0.0426,0.08
0.0428,0,0.0428,0
0.043,0,0.043,0
0.0432,-0.08,0.0432,0.08
0.0434,-0.08,0.0434,0
0.0436,-0.08,0.0436,0
0.0438,0,0.0438,0
0.044,0,0.044,0
0.0442,0,0.0442,0
0.0444,0,0.0444,0.08
0.0446,0.08,0.0446,0
0.0448,0,0.0448,0
0.045,0,0.045,0.08
0.0452,-0.08,0.0452,-0.08
0.0454,0,0.0454,-0.08
0.0456,0.08,0.0456,0
0.0458,-0.08,0.0458,0
0.046,0,0.046,0
0.0462,0,0.0462,0
0.0464,-0.08,0.0464,0.08
0.0466,0,0.0466,-0.08
0.0468,0,0.0468,0
0.047,0.08,0.047,0
0.0472,0,0.0472,0.08
0.0474,0,0.0474,-0.08
0.0476,0,0.0476,0
0.0478,0,0.0478,0.08
0.048,0,0.048,0.08
0.0482,0,0.0482,0
0.0484,-0.08,0.0484,0
0.0486,0.08,0.0486,0
0.0488,0,0.0488,-0.08
0.049,0,0.049,0
0.0492,0,0.0492,-0.08
0.0494,0,0.0494,0
0.0496,0,0.0496,0
0.0498,0.08,0.0498,0
0.05,0,0.05,0
0.0502,0,0.0502,0
0.0504,0.08,0.0504,0
0.0506,0,0.0506,0.08
0.0508,-0.08,0.0508,-0.08
0.051,-0.08,0.051,0
0.0512,0,0.0512,0
0.0514,-0.08,0.0514,0.08
0.0516,0,0.0516,0.08
0.0518,-0.08,0.0518,0
0.052,0,0.052,0
0.0522,-0.08,0.0522,0
0.0524,0.08,0.0524,0
0.0526,0,0.0526,0.08
0.0528,0,0.0528,0
0.053,-0.08,0.053,0.08
0.0532,0,0.0532,0
0.0534,0,0.0534,0
0.0536,0,0.0536,0
0.0538,0,0.0538,0
0.054,0,0.054,0
0.0542,0,0.0542,0.08
0.0544,0,0.0544,0
0.0546,0,0.0546,0.16
0.0548,-0.08,0.0548,0.08
0.055,0,0.055,0
0.0552,-0.08,0.0552,0.08
0.0554,-0.08,0.0554,-0.08
0.0556,-0.08,0.0556,-0.08
0.0558,0,0.0558,0.08
0.056,0,0.056,0.08
0.0562,0,0.0562,-0.08
0.0564,0,0.0564,0
0.0566,0,0.0566,0.08
0.0568,-0.08,0.0568,0.08
0.057,0,0.057,0
0.0572,0,0.0572,0
0.0574,-0.08,0.0574,-0.08
0.0576,0.08,0.0576,0
0.0578,0,0.0578,0.08
0.058,0.08,0.058,0
0.0582,-0.08,0.0582,0.08
0.0584,-0.08,0.0584,0
0.0586,-0.08,0.0586,0
0.0588,0,0.0588,0
0.059,0,0.059,0
0.0592,0,0.0592,0
0.0594,-0.08,0.0594,0
0.0596,-0.08,0.0596,-0.08
0.0598,-0.08,0.0598,0
0.06,-0.08,0.06,0
0.0602,0,0.0602,-0.08
0.0604,-0.08,0.0604,-0.08
0.0606,0,0.0606,0
0.0608,0,0.0608,0.08
0.061,0,0.061,0
0.0612,0,0.0612,0
0.0614,0,0.0614,0
0.0616,-0.08,0.0616,0
0.0618,-0.08,0.0618,0
0.062,-0.08,0.062,0.08
0.0622,-0.08,0.0622,0
0.0624,0,0.0624,-0.08
0.0626,0,0.0626,0.08
0.0628,0,0.0628,0
0.063,-0.08,0.063,0.08
0.0632,0,0.0632,0
0.0634,0,0.0634,-0.08
0.0636,0,0.0636,0
0.0638,0,0.0638,0.08
0.064,0,0.064,0.08
0.0642,0.08,0.0642,0.08
0.0644,0,0.0644,-0.08
0.0646,-0.08,0.0646,-0.08
0.0648,0,0.0648,-0.08
0.065,-0.08,0.065,0
0.0652,0,0.0652,-0.08
0.0654,0,0.0654,0
0.0656,0,0.0656,0
0.0658,0,0.0658,0
0.066,0,0.066,0
0.0662,-0.08,0.0662,0
0.0664,0,0.0664,0
0.0666,0,0.0666,0.08
0.0668,0,0.0668,0
0.067,0,0.067,0
0.0672,0,0.0672,0
0.0674,0,0.0674,0.08
0.0676,0,0.0676,-0.08
0.0678,0,0.0678,0.08
0.068,0,0.068,0
0.0682,0,0.0682,0.08
0.0684,0,0.0684,0
0.0686,0,0.0686,0
0.0688,0,0.0688,0
0.069,0,0.069,0
0.0692,-0.08,0.0692,0
0.0694,0,0.0694,0
0.0696,0.08,0.0696,0
0.0698,0,0.0698,0
0.07,0,0.07,-0.08
0.0702,-0.08,0.0702,0.08
0.0704,0,0.0704,-0.08
0.0706,0,0.0706,0
0.0708,-0.08,0.0708,0
0.071,-0.08,0.071,0
0.0712,-0.08,0.0712,0
0.0714,0,0.0714,0
0.0716,-0.08,0.0716,0
0.0718,-0.08,0.0718,0
0.072,0,0.072,0
0.0722,-0.08,0.0722,0.08
0.0724,0,0.0724,0
0.0726,0,0.0726,0
0.0728,0,0.0728,0
0.073,0.08,0.073,0
0.0732,0,0.0732,-0.08
0.0734,0,0.0734,0
0.0736,-0.08,0.0736,-0.08
0.0738,-0.08,0.0738,0
0.074,-0.08,0.074,0.08
0.0742,-0.08,0.0742,0
0.0744,0,0.0744,0
0.0746,-0.08,0.0746,0.08
0.0748,-0.08,0.0748,0
0.075,0.08,0.075,0.08
0.0752,-0.08,0.0752,0
0.0754,0,0.0754,0
0.0756,0,0.0756,0
0.0758,0,0.0758,0
0.076,0,0.076,0
0.0762,-0.08,0.0762,0.08
0.0764,0.08,0.0764,0
0.0766,0,0.0766,0
0.0768,-0.08,0.0768,0.08
0.077,0,0.077,0
0.0772,-0.08,0.0772,-0.08
0.0774,0.08,0.0774,-0.08
0.0776,0,0.0776,0
0.0778,0,0.0778,0
0.078,0,0.078,-0.08
0.0782,0.08,0.0782,0
0.0784,-0.08,0.0784,0
0.0786,0.08,0.0786,0.08
0.0788,0,0.0788,0
0.079,0,0.079,0.08
0.0792,0,0.0792,0.08
0.0794,0,0.0794,0
0.0796,-0.08,0.0796,0
0.0798,0,0.0798,-0.08
0.08,0.08,0.08,-0.08
0.0802,-0.08,0.0802,0
0.0804,0,0.0804,0
0.0806,-0.08,0.0806,0
0.0808,-0.08,0.0808,-0.16
0.081,0,0.081,0
0.0812,0,0.0812,0
0.0814,0,0.0814,0.08
0.0816,0,0.0816,0
0.0818,-0.08,0.0818,0
0.082,0,0.082,0.08
0.0822,0,0.0822,0
0.0824,0,0.0824,0.08
0.0826,0,0.0826,0
0.0828,-0.08,0.0828,0
0.083,-0.08,0.083,0
0.0832,0,0.0832,0
0.0834,0,0.0834,0
0.0836,0,0.0836,0
0.0838,0,0.0838,-0.08
0.084,0,0.084,0.08
0.0842,-0.08,0.0842,-0.08
0.0844,-0.08,0.0844,0
0.0846,0,0.0846,0
0.0848,-0.08,0.0848,0
0.085,0,0.085,-0.08
0.0852,0,0.0852,0.08
0.0854,0,0.0854,0.08
0.0856,0,0.0856,0
0.0858,0,0.0858,0
0.086,-0.08,0.086,0.08
0.0862,0,0.0862,0
0.0864,0,0.0864,0
0.0866,0,0.0866,0.08
0.0868,0,0.0868,0.08
0.087,0,0.087,-0.08
0.0872,0,0.0872,0
0.0874,0,0.0874,0
0.0876,0.08,0.0876,0
0.0878,0,0.0878,0
0.088,-0.08,0.088,-0.08
0.0882,0.08,0.0882,0
0.0884,-0.08,0.0884,0
0.0886,0,0.0886,0
0.0888,0,0.0888,0
0.089,-0.08,0.089,0.08
0.0892,0,0.0892,0
0.0894,0,0.0894,0
0.0896,-0.08,0.0896,0
0.0898,-0.08,0.0898,-0.08
0.09,-0.08,0.09,0.08
0.0902,0,0.0902,0
0.0904,0,0.0904,0
0.0906,0,0.0906,-0.08
0.0908,-0.08,0.0908,0
0.091,0,0.091,0
0.0912,0,0.0912,0
0.0914,-0.08,0.0914,0
0.0916,-0.08,0.0916,0
0.0918,0,0.0918,-0.08
0.092,-0.08,0.092,0
0.0922,-0.08,0.0922,0
0.0924,0,0.0924,0
0.0926,0,0.0926,0
0.0928,0,0.0928,-0.08
0.093,-0.08,0.093,0
0.0932,-0.08,0.0932,0.08
0.0934,-0.08,0.0934,0
0.0936,0,0.0936,-0.08
0.0938,0,0.0938,0
0.094,-0.08,0.094,-0.08
0.0942,0,0.0942,0
0.0944,0,0.0944,0
0.0946,0,0.0946,0
0.0948,0,0.0948,0
0.095,-0.08,0.095,0
0.0952,0,0.0952,0
0.0954,-0.08,0.0954,0
0.0956,-0.08,0.0956,0
0.0958,0,0.0958,0
0.096,0,0.096,0
0.0962,-0.08,0.0962,0
0.0964,0,0.0964,0
0.0966,0,0.0966,0
0.0968,0,0.0968,-0.08
0.097,0,0.097,0
0.0972,0.08,0.0972,0
0.0974,-0.08,0.0974,-0.08
0.0976,0,0.0976,0
0.0978,-0.08,0.0978,0.08
0.098,0,0.098,0.08
0.0982,0,0.0982,0.08
0.0984,-0.08,0.0984,0
0.0986,0,0.0986,0
0.0988,0,0.0988,-0.08
0.099,-0.08,0.099,0
0.0992,0,0.0992,0
0.0994,0,0.0994,0
0.0996,-0.08,0.0996,0.08
0.0998,-0.08,0.0998,0
0.1,0.08,0.1,0
0.1002,0,0.1002,0
0.1004,-0.08,0.1004,0.08
0.1006,-0.08,0.1006,-0.08
0.1008,0,0.1008,0.08
0.101,0,0.101,0
0.1012,0,0.1012,0.08
0.1014,0,0.1014,0.08
0.1016,0,0.1016,0.08
0.1018,-0.08,0.1018,0.08
0.102,0,0.102,-0.08
0.1022,0,0.1022,0.08
0.1024,0,0.1024,0
0.1026,-0.08,0.1026,0
0.1028,0,0.1028,0
0.103,0,0.103,0
0.1032,-0.08,0.1032,0
0.1034,-0.08,0.1034,0
0.1036,0,0.1036,-0.08
0.1038,-0.08,0.1038,0
0.104,0,0.104,0
0.1042,-0.08,0.1042,0
0.1044,0,0.1044,0
0.1046,-0.08,0.1046,0
0.1048,0,0.1048,-0.08
0.105,0,0.105,0
0.1052,-0.08,0.1052,0
0.1054,-0.08,0.1054,0
0.1056,-0.08,0.1056,0
0.1058,0,0.1058,0
0.106,0,0.106,0
0.1062,-0.08,0.1062,-0.08
0.1064,0.08,0.1064,0
0.1066,0,0.1066,0
0.1068,0,0.1068,0
0.107,-0.08,0.107,0
0.1072,0,0.1072,0
0.1074,0,0.1074,0
0.1076,-0.08,0.1076,-0.08
0.1078,-0.08,0.1078,-0.08
0.108,-0.08,0.108,0
0.1082,0,0.1082,0
0.1084,0,0.1084,-0.16
0.1086,-0.08,0.1086,0
0.1088,-0.08,0.1088,0
0.109,-0.08,0.109,0.08
0.1092,0,0.1092,0
0.1094,-0.08,0.1094,-0.08
0.1096,-0.16,0.1096,0.08
0.1098,-0.08,0.1098,-0.08
0.11,-0.08,0.11,0.08
0.1102,0,0.1102,0
0.1104,0,0.1104,0
0.1106,-0.08,0.1106,0
0.1108,-0.08,0.1108,0
0.111,0.08,0.111,0
0.1112,-0.08,0.1112,-0.08
0.1114,-0.08,0.1114,0
0.1116,0.08,0.1116,0
0.1118,0.08,0.1118,0
0.112,0,0.112,0
0.1122,0,0.1122,0
0.1124,-0.08,0.1124,0
0.1126,0,0.1126,-0.08
0.1128,0,0.1128,0
0.113,0,0.113,0.08
0.1132,-0.08,0.1132,0
0.1134,0,0.1134,0
0.1136,-0.08,0.1136,0
0.1138,-0.08,0.1138,-0.08
0.114,0,0.114,0.08
0.1142,0,0.1142,0.08
0.1144,-0.08,0.1144,0
0.1146,0.08,0.1146,0.08
0.1148,-0.08,0.1148,0
0.115,0,0.115,0
0.1152,0,0.1152,0
0.1154,0,0.1154,0.08
0.1156,0.08,0.1156,0
0.1158,0,0.1158,0
0.116,-0.08,0.116,0.08
0.1162,0.08,0.1162,0
0.1164,0,0.1164,0
0.1166,0,0.1166,0
0.1168,0,0.1168,0
0.117,0.08,0.117,0
0.1172,-0.08,0.1172,0
0.1174,0,0.1174,0
0.1176,-0.08,0.1176,0
0.1178,-0.08,0.1178,0
0.118,0,0.118,-0.08
0.1182,0,0.1182,0
0.1184,0,0.1184,0
0.1186,0,0.1186,0
0.1188,0,0.1188,0
0.119,0,0.119,0.08
0.1192,0,0.1192,0
0.1194,-0.08,0.1194,0
0.1196,-0.08,0.1196,0
0.1198,-0.08,0.1198,0
0.12,-0.08,0.12,0.08
0.1202,-0.08,0.1202,-0.08
0.1204,0,0.1204,-0.08
0.1206,0,0.1206,0
0.1208,0,0.1208,0.08
0.121,0,0.121,0.08
0.1212,-0.08,0.1212,0
0.1214,-0.08,0.1214,0.08
0.1216,-0.08,0.1216,0
0.1218,-0.08,0.1218,0
0.122,0.08,0.122,0
0.1222,-0.08,0.1222,0
0.1224,-0.08,0.1224,0
0.1226,0,0.1226,0
0.1228,0,0.1228,-0.08
0.123,0,0.123,0
0.1232,0,0.1232,0
0.1234,0,0.1234,0
0.1236,-0.08,0.1236,0.08
0.1238,-0.08,0.1238,0
0.124,-0.08,0.124,0
0.1242,0,0.1242,0
0.1244,0,0.1244,-0.08
0.1246,-0.08,0.1246,-0.08
0.1248,0,0.1248,0
0.125,0,0.125,0.08
0.1252,0,0.1252,-0.08
0.1254,-0.08,0.1254,0
0.1256,0,0.1256,0
0.1258,-0.08,0.1258,0
0.126,-0.16,0.126,0.08
0.1262,0,0.1262,0.08
0.1264,-0.08,0.1264,0.08
0.1266,-0.08,0.1266,0
0.1268,-0.08,0.1268,0.08
0.127,0,0.127,0
0.1272,0,0.1272,0
0.1274,0,0.1274,0
0.1276,0,0.1276,0.08
0.1278,0,0.1278,0
0.128,0.08,0.128,0.08
0.1282,-0.08,0.1282,-0.08
0.1284,0,0.1284,-0.08
0.1286,0,0.1286,0.08
0.1288,-0.08,0.1288,0
0.129,0,0.129,0
0.1292,0,0.1292,0
0.1294,0,0.1294,-0.08
0.1296,0,0.1296,0
0.1298,-0.08,0.1298,0.08
0.13,-0.08,0.13,0
0.1302,0,0.1302,0
0.1304,-0.08,0.1304,0
0.1306,0,0.1306,0
0.1308,0.08,0.1308,-0.08
0.131,-0.08,0.131,-0.08
0.1312,0,0.1312,0.08
0.1314,0.08,0.1314,0
0.1316,0,0.1316,0
0.1318,-0.08,0.1318,0
0.132,0,0.132,0
0.1322,0,0.1322,0
0.1324,-0.08,0.1324,0
0.1326,0,0.1326,-0.08
0.1328,-0.08,0.1328,-0.08
0.133,0,0.133,0
0.1332,0,0.1332,0.08
0.1334,-0.08,0.1334,0
0.1336,0,0.1336,-0.08
0.1338,-0.08,0.1338,0.08
0.134,0,0.134,0.08
0.1342,0,0.1342,0
0.1344,-0.08,0.1344,0
0.1346,0,0.1346,0
0.1348,0,0.1348,0
0.135,0,0.135,0
0.1352,-0.08,0.1352,0
0.1354,0,0.1354,0
0.1356,-0.08,0.1356,0
0.1358,0,0.1358,0
0.136,-0.08,0.136,0
0.1362,-0.08,0.1362,0
0.1364,0,0.1364,0
0.1366,0,0.1366,-0.08
0.1368,0,0.1368,0
0.137,0,0.137,0.08
0.1372,0,0.1372,0.08
0.1374,0,0.1374,0.08
0.1376,-0.16,0.1376,0.08
0.1378,-0.08,0.1378,-0.08
0.138,-0.08,0.138,0
0.1382,0,0.1382,0
0.1384,0,0.1384,-0.08
0.1386,0.08,0.1386,0.08
0.1388,-0.08,0.1388,0
0.139,0,0.139,0.08
0.1392,-0.08,0.1392,-0.08
0.1394,0,0.1394,0
0.1396,0,0.1396,0
0.1398,0,0.1398,0
0.14,0.08,0.14,0
0.1402,0,0.1402,-0.08
0.1404,0,0.1404,-0.08
0.1406,0,0.1406,0.08
0.1408,0,0.1408,0
0.141,-0.08,0.141,0
0.1412,0,0.1412,0
0.1414,0,0.1414,0
0.1416,0,0.1416,0
0.1418,0,0.1418,0
0.142,0,0.142,0
0.1422,0,0.1422,0.08
0.1424,0,0.1424,-0.08
0.1426,0,0.1426,0
0.1428,0,0.1428,-0.08
0.143,0,0.143,0
0.1432,-0.08,0.1432,0
0.1434,0.08,0.1434,0
0.1436,0,0.1436,0
0.1438,0,0.1438,0
0.144,0,0.144,0
0.1442,0,0.1442,0
0.1444,0,0.1444,-0.08
0.1446,-0.08,0.1446,0.08
0.1448,0,0.1448,0
0.145,0,0.145,-0.08
0.1452,0,0.1452,0
0.1454,-0.08,0.1454,0
0.1456,0,0.1456,0
0.1458,0,0.1458,0
0.146,0,0.146,-0.08
0.1462,-0.08,0.1462,0
0.1464,0,0.1464,-0.08
0.1466,-0.08,0.1466,-0.08
0.1468,-0.08,0.1468,0
0.147,0,0.147,0.08
0.1472,0,0.1472,0
0.1474,0,0.1474,0
0.1476,0.08,0.1476,0
0.1478,0,0.1478,0
0.148,0,0.148,0.08
0.1482,0,0.1482,0
0.1484,0,0.1484,0
0.1486,0.08,0.1486,0
0.1488,0.08,0.1488,0
0.149,-0.08,0.149,-0.08
0.1492,-0.08,0.1492,-0.08
0.1494,0,0.1494,0
0.1496,0,0.1496,0
0.1498,-0.08,0.1498,0
0.15,-0.08,0.15,0
0.1502,0,0.1502,0
0.1504,-0.08,0.1504,0
0.1506,0.08,0.1506,0
0.1508,0,0.1508,0
0.151,-0.08,0.151,0
0.1512,0,0.1512,0
0.1514,-0.08,0.1514,0
0.1516,0,0.1516,0
0.1518,0,0.1518,0.08
0.152,0,0.152,0
0.1522,0,0.1522,0.08
0.1524,-0.08,0.1524,-0.08
0.1526,0,0.1526,0
0.1528,0,0.1528,0
0.153,-0.08,0.153,0.08
0.1532,-0.16,0.1532,0
0.1534,0,0.1534,0
0.1536,0,0.1536,0
0.1538,-0.08,0.1538,0.08
0.154,0.08,0.154,0.08
0.1542,0,0.1542,0
0.1544,-0.08,0.1544,0
0.1546,0,0.1546,0
0.1548,-0.08,0.1548,0.08
0.155,0,0.155,0
0.1552,0,0.1552,-0.08
0.1554,0.08,0.1554,0.08
0.1556,0,0.1556,0
0.1558,-0.08,0.1558,0
0.156,0,0.156,0
0.1562,0,0.1562,0
0.1564,0,0.1564,-0.08
0.1566,0,0.1566,0
0.1568,-0.08,0.1568,0
0.157,0,0.157,0
0.1572,-0.08,0.1572,0
0.1574,-0.08,0.1574,0.08
0.1576,0,0.1576,0
0.1578,0,0.1578,0.08
0.158,0,0.158,0.08
0.1582,0,0.1582,-0.08
0.1584,-0.08,0.1584,0.08
0.1586,0,0.1586,-0.08
0.1588,0,0.1588,0
0.159,0,0.159,-0.08
0.1592,0,0.1592,0
0.1594,0,0.1594,0
0.1596,-0.08,0.1596,0.08
0.1598,-0.08,0.1598,0.08
0.16,-0.08,0.16,0
0.1602,0.08,0.1602,0.08
0.1604,0,0.1604,0
0.1606,0,0.1606,0
0.1608,-0.08,0.1608,0
0.161,-0.08,0.161,0.08
0.1612,-0.08,0.1612,0
0.1614,-0.08,0.1614,0.08
0.1616,0,0.1616,0
0.1618,0,0.1618,0
0.162,0,0.162,0
0.1622,0,0.1622,0.08
0.1624,0,0.1624,0
0.1626,0,0.1626,0
0.1628,0,0.1628,0
0.163,0,0.163,0
0.1632,-0.08,0.1632,0.08
0.1634,-0.08,0.1634,0
0.1636,0.08,0.1636,0
0.1638,0.08,0.1638,0
0.164,-0.08,0.164,0
0.1642,0,0.1642,0
0.1644,0,0.1644,0
0.1646,0,0.1646,0.08
0.1648,0,0.1648,0
0.165,0,0.165,-0.08
0.1652,-0.08,0.1652,0.08
0.1654,0,0.1654,0
0.1656,-0.08,0.1656,0.08
0.1658,0,0.1658,0.08
0.166,-0.16,0.166,0
0.1662,0,0.1662,0.08
0.1664,-0.08,0.1664,0
0.1666,0,0.1666,0.08
0.1668,0,0.1668,0.08
0.167,0,0.167,0
0.1672,0,0.1672,-0.08
0.1674,-0.08,0.1674,0
0.1676,0.08,0.1676,-0.08
0.1678,0,0.1678,0
0.168,0,0.168,0.08
0.1682,-0.08,0.1682,-0.08
0.1684,0,0.1684,0
0.1686,-0.08,0.1686,0.08
0.1688,0,0.1688,-0.08
0.169,-0.08,0.169,-0.16
0.1692,0,0.1692,0.08
0.1694,0,0.1694,0
0.1696,-0.16,0.1696,0.08
0.1698,0,0.1698,0.08
0.17,-0.08,0.17,0
0.1702,0,0.1702,0.08
0.1704,0.08,0.1704,0.08
0.1706,-0.08,0.1706,0.08
0.1708,-0.08,0.1708,0
0.171,-0.08,0.171,0
0.1712,0,0.1712,0
0.1714,0,0.1714,0
0.1716,-0.08,0.1716,0
0.1718,0,0.1718,0.08
0.172,0,0.172,-0.08
0.1722,-0.08,0.1722,0
0.1724,0,0.1724,0
0.1726,0,0.1726,0
0.1728,-0.08,0.1728,0
0.173,0,0.173,0
0.1732,-0.08,0.1732,0.08
0.1734,0,0.1734,0.08
0.1736,0,0.1736,0
0.1738,-0.08,0.1738,0
0.174,0,0.174,0
0.1742,-0.08,0.1742,0
0.1744,-0.08,0.1744,-0.08
0.1746,-0.08,0.1746,0
0.1748,0,0.1748,0
0.175,0.08,0.175,0
0.1752,-0.08,0.1752,0
0.1754,0,0.1754,-0.08
0.1756,0.08,0.1756,0
0.1758,-0.08,0.1758,0
0.176,0,0.176,0
0.1762,0,0.1762,0.08
0.1764,0,0.1764,0
0.1766,0,0.1766,0.08
0.1768,-0.08,0.1768,0
0.177,-0.08,0.177,0
0.1772,-0.08,0.1772,0.08
0.1774,8.08,0.1774,6.56
0.1776,8.08,0.1776,7.84
0.1778,8,0.1778,7.92
0.178,7.92,0.178,7.84
0.1782,8,0.1782,7.76
0.1784,8.16,0.1784,7.6
0.1786,7.92,0.1786,7.6
0.1788,7.92,0.1788,7.52
0.179,8,0.179,7.44
0.1792,8.08,0.1792,7.36
0.1794,7.92,0.1794,7.36
0.1796,8.08,0.1796,7.2
0.1798,8,0.1798,6.96
0.18,8.08,0.18,7.04
0.1802,8,0.1802,7.04
0.1804,8,0.1804,6.88
0.1806,8,0.1806,6.8
0.1808,8.08,0.1808,6.72
0.181,8.08,0.181,6.72
0.1812,8,0.1812,6.64
0.1814,8.08,0.1814,6.64
0.1816,8,0.1816,6.48
0.1818,7.92,0.1818,6.4
0.182,8.08,0.182,6.4
0.1822,8,0.1822,6.32
0.1824,8.16,0.1824,6.24
0.1826,8,0.1826,6.16
0.1828,8,0.1828,6.08
0.183,8,0.183,6.08
0.1832,8.08,0.1832,6.08
0.1834,8.08,0.1834,6
0.1836,8.16,0.1836,5.92
0.1838,8.08,0.1838,5.84
0.184,8.08,0.184,5.92
0.1842,8.16,0.1842,5.76
0.1844,8,0.1844,5.68
0.1846,8,0.1846,5.6
0.1848,8,0.1848,5.68
0.185,8,0.185,5.52
0.1852,8.08,0.1852,5.52
0.1854,8.08,0.1854,5.44
0.1856,8.08,0.1856,5.36
0.1858,8.08,0.1858,5.36
0.186,8,0.186,5.28
0.1862,8,0.1862,5.28
0.1864,8.08,0.1864,5.2
0.1866,8,0.1866,5.04
0.1868,8.08,0.1868,5.04
0.187,8,0.187,5.04
0.1872,8.08,0.1872,4.88
0.1874,0,0.1874,-1.6
0.1876,0.08,0.1876,-2.88
0.1878,0.08,0.1878,-2.96
0.188,0,0.188,-2.96
0.1882,0.08,0.1882,-2.88
0.1884,0.08,0.1884,-2.96
0.1886,0.08,0.1886,-2.88
0.1888,0.08,0.1888,-2.88
0.189,0,0.189,-2.8
0.1892,0.08,0.1892,-2.72
0.1894,0.08,0.1894,-2.64
0.1896,0,0.1896,-2.72
0.1898,0,0.1898,-2.72
0.19,0.08,0.19,-2.64
0.1902,0.24,0.1902,-2.64
0.1904,0,0.1904,-2.64
0.1906,0,0.1906,-2.56
0.1908,0.08,0.1908,-2.64
0.191,0,0.191,-2.56
0.1912,0,0.1912,-2.48
0.1914,0,0.1914,-2.48
0.1916,0,0.1916,-2.4
0.1918,0.08,0.1918,-2.48
0.192,0,0.192,-2.4
0.1922,0,0.1922,-2.4
0.1924,0,0.1924,-2.4
0.1926,0.08,0.1926,-2.32
0.1928,0,0.1928,-2.32
0.193,0,0.193,-2.32
0.1932,0,0.1932,-2.32
0.1934,0,0.1934,-2.32
0.1936,0,0.1936,-2.24
0.1938,-0.08,0.1938,-2.24
0.194,0,0.194,-2.24
0.1942,0,0.1942,-2.16
0.1944,0.08,0.1944,-2.08
0.1946,0,0.1946,-2.08
0.1948,0.08,0.1948,-2.16
0.195,0,0.195,-2
0.1952,0,0.1952,-2.08
0.1954,0.08,0.1954,-2.08
0.1956,0,0.1956,-2
0.1958,-0.08,0.1958,-2
0.196,-0.08,0.196,-2.08
0.1962,0.08,0.1962,-2
0.1964,0,0.1964,-1.92
0.1966,0,0.1966,-2
0.1968,-0.08,0.1968,-1.92
0.197,0,0.197,-1.92
0.1972,0,0.1972,-1.92
0.1974,0.08,0.1974,-1.92
0.1976,0,0.1976,-1.84
0.1978,-0.08,0.1978,-1.84
0.198,-0.08,0.198,-1.68
0.1982,-0.08,0.1982,-1.68
0.1984,0,0.1984,-1.76
0.1986,-0.08,0.1986,-1.84
0.1988,0,0.1988,-1.68
0.199,0,0.199,-1.76
0.1992,0,0.1992,-1.68
0.1994,-0.08,0.1994,-1.68
0.1996,0,0.1996,-1.76
0.1998,0,0.1998,-1.6
0.2,0,0.2,-1.6
0.2002,0.08,0.2002,-1.52
0.2004,0,0.2004,-1.52
0.2006,0,0.2006,-1.6
0.2008,0.08,0.2008,-1.6
0.201,-0.08,0.201,-1.6
0.2012,0,0.2012,-1.6
0.2014,0.08,0.2014,-1.52
0.2016,0,0.2016,-1.44
0.2018,0,0.2018,-1.52
0.202,0,0.202,-1.52
0.2022,-0.08,0.2022,-1.52
0.2024,0,0.2024,-1.44
0.2026,0,0.2026,-1.44
0.2028,0,0.2028,-1.44
0.203,0,0.203,-1.44
0.2032,0,0.2032,-1.44
0.2034,0.08,0.2034,-1.28
0.2036,-0.08,0.2036,-1.36
0.2038,0,0.2038,-1.44
0.204,-0.08,0.204,-1.36
0.2042,0,0.2042,-1.28
0.2044,0,0.2044,-1.36
0.2046,0,0.2046,-1.28
0.2048,0,0.2048,-1.28
0.205,0,0.205,-1.28
0.2052,-0.08,0.2052,-1.2
0.2054,0,0.2054,-1.28
0.2056,-0.08,0.2056,-1.28
0.2058,0.08,0.2058,-1.28
0.206,0,0.206,-1.28
0.2062,-0.08,0.2062,-1.2
0.2064,0,0.2064,-1.2
0.2066,0.08,0.2066,-1.2
0.2068,0.08,0.2068,-1.2
0.207,0.08,0.207,-1.12
0.2072,0,0.2072,-1.12
0.2074,0,0.2074,-1.12
0.2076,0,0.2076,-1.12
0.2078,0,0.2078,-1.12
0.208,0,0.208,-1.12
0.2082,0,0.2082,-1.12
0.2084,0,0.2084,-1.12
0.2086,0,0.2086,-1.12
0.2088,0,0.2088,-1.04
0.209,0,0.209,-0.96
0.2092,-0.08,0.2092,-1.12
0.2094,0.08,0.2094,-1.04
0.2096,0,0.2096,-1.04
0.2098,0,0.2098,-0.96
0.21,0,0.21,-0.96
0.2102,-0.08,0.2102,-1.04
0.2104,0,0.2104,-0.96
0.2106,0,0.2106,-0.96
0.2108,-0.08,0.2108,-0.88
0.211,0,0.211,-0.96
0.2112,0,0.2112,-0.96
0.2114,0,0.2114,-0.88
0.2116,-0.08,0.2116,-0.96
0.2118,0,0.2118,-0.96
0.212,0,0.212,-0.88
0.2122,0,0.2122,-0.96
0.2124,0,0.2124,-0.8
0.2126,0,0.2126,-0.8
0.2128,-0.08,0.2128,-0.88
0.213,0,0.213,-0.8
0.2132,0,0.2132,-0.72
0.2134,-0.08,0.2134,-0.88
0.2136,0,0.2136,-0.72
0.2138,-0.08,0.2138,-0.72
0.214,0,0.214,-0.88
0.2142,0,0.2142,-0.8
0.2144,0,0.2144,-0.8
0.2146,0,0.2146,-0.8
0.2148,0,0.2148,-0.8
0.215,-0.08,0.215,-0.72
0.2152,0,0.2152,-0.8
0.2154,0,0.2154,-0.64
0.2156,0.08,0.2156,-0.72
0.2158,0,0.2158,-0.72
0.216,0.08,0.216,-0.72
0.2162,0,0.2162,-0.72
0.2164,-0.08,0.2164,-0.64
0.2166,0,0.2166,-0.72
0.2168,0,0.2168,-0.64
0.217,-0.08,0.217,-0.72
0.2172,0,0.2172,-0.72
0.2174,0,0.2174,-0.64
0.2176,-0.08,0.2176,-0.64
0.2178,0,0.2178,-0.64
0.218,-0.08,0.218,-0.64
0.2182,-0.08,0.2182,-0.72
0.2184,-0.16,0.2184,-0.56
0.2186,0,0.2186,-0.64
0.2188,0,0.2188,-0.64
0.219,-0.08,0.219,-0.56
0.2192,-0.08,0.2192,-0.64
0.2194,-0.08,0.2194,-0.64
0.2196,0.08,0.2196,-0.56
0.2198,0,0.2198,-0.64
0.22,-0.08,0.22,-0.56
0.2202,-0.08,0.2202,-0.64
0.2204,0,0.2204,-0.56
0.2206,0,0.2206,-0.64
0.2208,-0.08,0.2208,-0.56
0.221,0,0.221,-0.56
0.2212,0,0.2212,-0.48
0.2214,0,0.2214,-0.56
0.2216,0,0.2216,-0.48
0.2218,0,0.2218,-0.64
0.222,0,0.222,-0.56
0.2222,0,0.2222,-0.56
0.2224,-0.08,0.2224,-0.48
0.2226,-0.08,0.2226,-0.48
0.2228,-0.08,0.2228,-0.56
0.223,0,0.223,-0.48
0.2232,0,0.2232,-0.48
0.2234,0,0.2234,-0.48
0.2236,0.08,0.2236,-0.48
0.2238,0,0.2238,-0.4
0.224,0,0.224,-0.48
0.2242,0,0.2242,-0.48
0.2244,0,0.2244,-0.48
0.2246,-0.08,0.2246,-0.48
0.2248,0,0.2248,-0.56
0.225,-0.08,0.225,-0.48
0.2252,-0.08,0.2252,-0.48
0.2254,0,0.2254,-0.4
0.2256,-0.08,0.2256,-0.48
0.2258,-0.08,0.2258,-0.4
0.226,0,0.226,-0.4
0.2262,0,0.2262,-0.4
0.2264,0,0.2264,-0.4
0.2266,0,0.2266,-0.4
0.2268,0.08,0.2268,-0.48
0.227,0,0.227,-0.32
0.2272,0,0.2272,-0.48
0.2274,0,0.2274,-0.4
0.2276,-0.08,0.2276,-0.4
0.2278,0,0.2278,-0.48
0.228,0,0.228,-0.32
0.2282,0,0.2282,-0.32
0.2284,0,0.2284,-0.48
0.2286,0,0.2286,-0.4
0.2288,0,0.2288,-0.4
0.229,0,0.229,-0.4
0.2292,0,0.2292,-0.4
0.2294,-0.08,0.2294,-0.32
0.2296,0,0.2296,-0.4
0.2298,0,0.2298,-0.32
0.23,0,0.23,-0.4
0.2302,0,0.2302,-0.32
0.2304,0,0.2304,-0.4
0.2306,-0.08,0.2306,-0.32
0.2308,0,0.2308,-0.4
0.231,0,0.231,-0.32
0.2312,0,0.2312,-0.32
0.2314,-0.08,0.2314,-0.32
0.2316,0,0.2316,-0.4
0.2318,-0.08,0.2318,-0.4
0.232,0,0.232,-0.4
0.2322,-0.08,0.2322,-0.24
0.2324,0,0.2324,-0.24
0.2326,0,0.2326,-0.4
0.2328,0,0.2328,-0.32
0.233,0,0.233,-0.24
0.2332,0,0.2332,-0.32
0.2334,-0.08,0.2334,-0.24
0.2336,-0.08,0.2336,-0.24
0.2338,0,0.2338,-0.32
0.234,0,0.234,-0.32
0.2342,-0.08,0.2342,-0.24
0.2344,0,0.2344,-0.32
0.2346,0,0.2346,-0.16
0.2348,0,0.2348,-0.32
0.235,0,0.235,-0.32
0.2352,-0.08,0.2352,-0.24
0.2354,0,0.2354,-0.4
0.2356,0,0.2356,-0.32
0.2358,0.08,0.2358,-0.32
0.236,-0.08,0.236,-0.24
0.2362,0.08,0.2362,-0.32
0.2364,0,0.2364,-0.24
0.2366,0.08,0.2366,-0.24
0.2368,-0.08,0.2368,-0.24
0.237,0,0.237,-0.24
0.2372,0,0.2372,-0.16
0.2374,0.08,0.2374,-0.24
0.2376,0,0.2376,-0.24
0.2378,-0.08,0.2378,-0.24
0.238,0,0.238,-0.24
0.2382,0,0.2382,-0.16
0.2384,0,0.2384,-0.24
0.2386,0,0.2386,-0.24
0.2388,0,0.2388,-0.16
0.239,0,0.239,-0.24
0.2392,0,0.2392,-0.32
0.2394,0,0.2394,-0.24
0.2396,0,0.2396,-0.16
0.2398,-0.08,0.2398,-0.08
0.24,0,0.24,-0.24
0.2402,0,0.2402,-0.24
0.2404,0,0.2404,-0.24
0.2406,0,0.2406,-0.24
0.2408,-0.08,0.2408,-0.24
0.241,0,0.241,-0.16
0.2412,0,0.2412,-0.32
0.2414,0,0.2414,-0.24
0.2416,0,0.2416,-0.24
0.2418,0.08,0.2418,-0.16
0.242,0,0.242,-0.24
0.2422,0,0.2422,-0.24
0.2424,0,0.2424,-0.16
0.2426,0,0.2426,-0.24
0.2428,0.08,0.2428,-0.32
0.243,-0.08,0.243,-0.24
0.2432,-0.08,0.2432,-0.24
0.2434,0,0.2434,-0.16
0.2436,0,0.2436,-0.16
0.2438,0,0.2438,-0.16
0.244,-0.08,0.244,-0.24
0.2442,0,0.2442,-0.16
0.2444,-0.08,0.2444,-0.24
0.2446,-0.08,0.2446,-0.16
0.2448,-0.08,0.2448,-0.08
0.245,-0.08,0.245,-0.16
0.2452,-0.08,0.2452,-0.16
0.2454,0,0.2454,-0.16
0.2456,-0.08,0.2456,-0.08
0.2458,0,0.2458,-0.16
0.246,0,0.246,-0.16
0.2462,0,0.2462,-0.08
0.2464,0,0.2464,-0.24
0.2466,0,0.2466,-0.16
0.2468,0.08,0.2468,-0.08
0.247,0,0.247,-0.16
0.2472,0.08,0.2472,-0.16
0.2474,0,0.2474,-0.16
0.2476,0,0.2476,-0.16
0.2478,0,0.2478,-0.16
0.248,-0.08,0.248,-0.16
0.2482,0,0.2482,-0.16
0.2484,-0.08,0.2484,-0.16
0.2486,0,0.2486,-0.16
0.2488,0,0.2488,-0.08
0.249,0,0.249,-0.16
0.2492,-0.08,0.2492,-0.08
0.2494,0,0.2494,-0.16
0.2496,0.08,0.2496,-0.16
0.2498,0,0.2498,-0.16
0.25,0,0.25,-0.08
0.2502,0,0.2502,-0.16
0.2504,0,0.2504,-0.16
0.2506,0,0.2506,-0.08
0.2508,0,0.2508,-0.08
0.251,0,0.251,-0.08
0.2512,0,0.2512,-0.08
0.2514,0,0.2514,-0.16
0.2516,0,0.2516,-0.08
0.2518,0,0.2518,-0.08
0.252,0,0.252,-0.08
0.2522,0,0.2522,-0.16
0.2524,-0.16,0.2524,-0.16
0.2526,0,0.2526,-0.08
0.2528,0,0.2528,-0.08
0.253,0,0.253,-0.08
0.2532,0,0.2532,-0.08
0.2534,0,0.2534,-0.08
0.2536,-0.08,0.2536,-0.08
0.2538,0,0.2538,-0.08
0.254,0,0.254,-0.16
0.2542,-0.08,0.2542,-0.08
0.2544,0,0.2544,-0.08
0.2546,0.08,0.2546,-0.08
0.2548,0.08,0.2548,-0.08
0.255,-0.16,0.255,-0.16
0.2552,0.08,0.2552,-0.16
0.2554,0,0.2554,-0.08
0.2556,0,0.2556,-0.16
0.2558,-0.08,0.2558,-0.16
0.256,0,0.256,-0.16
0.2562,0,0.2562,0
0.2564,0,0.2564,-0.08
0.2566,0,0.2566,-0.08
0.2568,0,0.2568,-0.16
0.257,0,0.257,-0.08
0.2572,-0.08,0.2572,-0.08
0.2574,-0.08,0.2574,-0.08
0.2576,-0.08,0.2576,-0.08
0.2578,0,0.2578,-0.08
0.258,-0.08,0.258,-0.08
0.2582,-0.08,0.2582,0
0.2584,0,0.2584,-0.08
0.2586,0,0.2586,-0.08
0.2588,-0.08,0.2588,-0.08
0.259,0,0.259,-0.08
0.2592,0,0.2592,0
0.2594,0,0.2594,-0.08
0.2596,0,0.2596,0
0.2598,0,0.2598,0
0.26,0,0.26,-0.08
0.2602,-0.08,0.2602,-0.08
0.2604,0,0.2604,-0.08
0.2606,0,0.2606,-0.08
0.2608,0,0.2608,0
0.261,0,0.261,-0.16
0.2612,0,0.2612,0
0.2614,0,0.2614,-0.16
0.2616,0.08,0.2616,-0.08
0.2618,0,0.2618,-0.16
0.262,-0.08,0.262,-0.16
0.2622,0,0.2622,0
0.2624,0,0.2624,-0.08
0.2626,0,0.2626,-0.08
0.2628,0,0.2628,-0.08
0.263,-0.08,0.263,0
0.2632,0,0.2632,-0.08
0.2634,0,0.2634,-0.08
0.2636,0,0.2636,-0.08
0.2638,-0.08,0.2638,-0.08
0.264,0,0.264,0
0.2642,0,0.2642,-0.16
0.2644,-0.08,0.2644,-0.08
0.2646,0,0.2646,-0.08
0.2648,0,0.2648,0
0.265,-0.08,0.265,0
0.2652,0,0.2652,0
0.2654,-0.08,0.2654,0
0.2656,-0.08,0.2656,0
0.2658,0,0.2658,0
0.266,-0.08,0.266,-0.08
0.2662,-0.08,0.2662,-0.16
0.2664,0,0.2664,-0.16
0.2666,-0.08,0.2666,-0.16
0.2668,0,0.2668,-0.08
0.267,0,0.267,-0.08
0.2672,-0.08,0.2672,0
0.2674,0,0.2674,-0.08
0.2676,0,0.2676,-0.08
0.2678,0,0.2678,-0.08
0.268,-0.08,0.268,-0.08
0.2682,0,0.2682,-0.08
0.2684,0,0.2684,-0.08
0.2686,-0.08,0.2686,0
0.2688,-0.08,0.2688,-0.08
0.269,-0.08,0.269,-0.08
0.2692,-0.08,0.2692,-0.08
0.2694,0,0.2694,-0.08
0.2696,-0.08,0.2696,-0.08
0.2698,-0.08,0.2698,-0.08
0.27,0,0.27,-0.08
0.2702,0,0.2702,-0.08
0.2704,-0.08,0.2704,0
0.2706,0,0.2706,-0.08
0.2708,-0.08,0.2708,0
0.271,0,0.271,-0.08
0.2712,0,0.2712,-0.08
0.2714,0,0.2714,-0.08
0.2716,-0.16,0.2716,-0.08
0.2718,-0.08,0.2718,0
0.272,0,0.272,-0.08
0.2722,-0.08,0.2722,-0.08
0.2724,0,0.2724,-0.08
0.2726,-0.08,0.2726,0
0.2728,0,0.2728,-0.08
0.273,-0.08,0.273,0
0.2732,-0.08,0.2732,-0.08
0.2734,-0.08,0.2734,0
0.2736,0,0.2736,0
0.2738,0,0.2738,0
0.274,0.08,0.274,0.08
0.2742,0.08,0.2742,0
0.2744,0.08,0.2744,0.08
0.2746,0.08,0.2746,-0.08
0.2748,0,0.2748,-0.08
0.275,0,0.275,0
0.2752,0,0.2752,-0.08
0.2754,0.08,0.2754,-0.08
0.2756,-0.08,0.2756,-0.08
0.2758,-0.08,0.2758,0
0.276,0,0.276,-0.08
0.2762,-0.08,0.2762,0
0.2764,0,0.2764,0
0.2766,0,0.2766,0
0.2768,0,0.2768,0
0.277,-0.08,0.277,0
0.2772,-0.08,0.2772,0
0.2774,-0.08,0.2774,-0.08
0.2776,0.08,0.2776,-0.08
0.2778,0,0.2778,0
0.278,0,0.278,-0.08
0.2782,0,0.2782,-0.08
0.2784,0,0.2784,-0.08
0.2786,0,0.2786,0
0.2788,0,0.2788,0
0.279,0,0.279,0
0.2792,-0.08,0.2792,-0.08
0.2794,0.08,0.2794,0
0.2796,0,0.2796,0
0.2798,-0.08,0.2798,0.08
0.28,0.08,0.28,-0.08
0.2802,0,0.2802,-0.08
0.2804,0.08,0.2804,0
0.2806,-0.08,0.2806,-0.08
0.2808,0,0.2808,0
0.281,0,0.281,0
0.2812,0,0.2812,0
0.2814,-0.08,0.2814,0
0.2816,0.08,0.2816,0
0.2818,-0.08,0.2818,-0.08
0.282,0,0.282,0
0.2822,0,0.2822,0
0.2824,0,0.2824,0
0.2826,0,0.2826,-0.08
0.2828,-0.08,0.2828,-0.08
0.283,0,0.283,-0.08
0.2832,0.08,0.2832,-0.08
0.2834,0,0.2834,0.08
0.2836,0,0.2836,-0.08
0.2838,-0.08,0.2838,0
0.284,-0.08,0.284,-0.08
0.2842,0.08,0.2842,-0.08
0.2844,0,0.2844,0
0.2846,-0.08,0.2846,-0.08
0.2848,0,0.2848,0
0.285,0,0.285,-0.08
0.2852,0,0.2852,-0.08
0.2854,-0.08,0.2854,0
0.2856,0.08,0.2856,0
0.2858,-0.08,0.2858,0
0.286,0,0.286,0
0.2862,0,0.2862,-0.08
0.2864,0,0.2864,0
0.2866,0,0.2866,0
0.2868,0,0.2868,0
0.287,0,0.287,0
0.2872,0,0.2872,0
0.2874,0,0.2874,0
0.2876,0,0.2876,0
0.2878,0,0.2878,-0.08
0.288,0,0.288,0
0.2882,-0.08,0.2882,0
0.2884,0,0.2884,-0.08
0.2886,0,0.2886,0.16
0.2888,-0.08,0.2888,-0.08
0.289,-0.08,0.289,-0.08
0.2892,0,0.2892,0
0.2894,-0.08,0.2894,0
0.2896,0,0.2896,-0.08
0.2898,0,0.2898,-0.08
0.29,-0.08,0.29,0
0.2902,0,0.2902,-0.08
0.2904,0,0.2904,0
0.2906,0,0.2906,0
0.2908,0.08,0.2908,-0.08
0.291,0,0.291,-0.08
0.2912,-0.08,0.2912,-0.08
0.2914,0,0.2914,-0.08
0.2916,-0.08,0.2916,0
0.2918,0,0.2918,0
0.292,0,0.292,0
0.2922,-0.08,0.2922,0
0.2924,0,0.2924,0
0.2926,-0.08,0.2926,0
0.2928,-0.08,0.2928,0
0.293,0,0.293,-0.08
0.2932,0,0.2932,-0.08
0.2934,0,0.2934,0
0.2936,0,0.2936,0
0.2938,-0.08,0.2938,0
0.294,0.08,0.294,0
0.2942,-0.08,0.2942,-0.08
0.2944,0,0.2944,0
0.2946,-0.08,0.2946,-0.08
0.2948,0.08,0.2948,-0.08
0.295,-0.08,0.295,-0.08
0.2952,-0.08,0.2952,0
0.2954,-0.08,0.2954,0.08
0.2956,0,0.2956,0
0.2958,0,0.2958,0
0.296,-0.08,0.296,-0.08
0.2962,0,0.2962,-0.08
0.2964,0,0.2964,0
0.2966,0,0.2966,0
0.2968,0,0.2968,-0.08
0.297,0,0.297,0
0.2972,-0.08,0.2972,0
0.2974,0,0.2974,0
0.2976,-0.08,0.2976,0
0.2978,0,0.2978,-0.08
0.298,0,0.298,0.08
0.2982,0,0.2982,0.08
0.2984,0,0.2984,0
0.2986,0,0.2986,-0.08
0.2988,0,0.2988,0
0.299,0,0.299,0
0.2992,0,0.2992,0
0.2994,0,0.2994,0
0.2996,0,0.2996,0.08
0.2998,-0.08,0.2998,0
0.3,-0.08,0.3,0
0.3002,0,0.3002,0
0.3004,0,0.3004,0.08
0.3006,0,0.3006,-0.08
0.3008,0.08,0.3008,0
0.301,0,0.301,-0.08
0.3012,0.08,0.3012,0
0.3014,0,0.3014,0
0.3016,-0.08,0.3016,0
0.3018,0,0.3018,0.08
0.302,-0.08,0.302,-0.08
0.3022,-0.08,0.3022,-0.08
0.3024,0,0.3024,0
0.3026,-0.08,0.3026,0.08
0.3028,0,0.3028,-0.08
0.303,0,0.303,0.08
0.3032,-0.08,0.3032,0.08
0.3034,-0.08,0.3034,-0.08
0.3036,0,0.3036,0
0.3038,-0.08,0.3038,0
0.304,0,0.304,0
0.3042,0,0.3042,0
0.3044,0,0.3044,0.08
0.3046,0,0.3046,0
0.3048,0,0.3048,0
0.305,-0.08,0.305,0.08
0.3052,0,0.3052,0
0.3054,0.08,0.3054,0
0.3056,-0.08,0.3056,0
0.3058,-0.08,0.3058,0
0.306,0,0.306,0
0.3062,0,0.3062,0
0.3064,0,0.3064,0
0.3066,0.08,0.3066,0.08
0.3068,-0.08,0.3068,-0.08
0.307,0,0.307,0.08
0.3072,0,0.3072,0
0.3074,0,0.3074,-0.08
0.3076,0,0.3076,0
0.3078,0,0.3078,0.08
0.308,0,0.308,0
0.3082,-0.08,0.3082,0
0.3084,0,0.3084,0
0.3086,-0.08,0.3086,0
0.3088,0,0.3088,-0.08
0.309,0,0.309,0.08
0.3092,-0.08,0.3092,0
0.3094,0,0.3094,0
0.3096,0,0.3096,0
0.3098,0,0.3098,0
0.31,0,0.31,0
0.3102,-0.08,0.3102,0.08
0.3104,-0.08,0.3104,0
0.3106,0,0.3106,-0.08
0.3108,0,0.3108,-0.08
0.311,0,0.311,0
0.3112,0,0.3112,0
0.3114,0,0.3114,-0.08
0.3116,-0.08,0.3116,0.08
0.3118,0,0.3118,-0.08
0.312,-0.08,0.312,0
0.3122,0,0.3122,0.08
0.3124,-0.08,0.3124,0
0.3126,0,0.3126,0
0.3128,0,0.3128,0
0.313,-0.08,0.313,-0.08
0.3132,0,0.3132,-0.08
0.3134,0.08,0.3134,0
0.3136,0,0.3136,0
0.3138,0.08,0.3138,0
0.314,0,0.314,0
0.3142,0,0.3142,0.08
0.3144,0,0.3144,0
0.3146,0,0.3146,0
0.3148,0,0.3148,0
0.315,0,0.315,0.08
0.3152,0.08,0.3152,0
0.3154,0,0.3154,-0.08
0.3156,0,0.3156,0.08
0.3158,0,0.3158,0.08
0.316,0,0.316,0
0.3162,0,0.3162,0
0.3164,0,0.3164,0
0.3166,0,0.3166,-0.08
0.3168,-0.08,0.3168,0.08
0.317,0,0.317,0
0.3172,-0.08,0.3172,-0.08
0.3174,-0.08,0.3174,-0.08
0.3176,0,0.3176,-0.08
0.3178,0,0.3178,-0.08
0.318,0,0.318,-0.08
0.3182,-0.08,0.3182,-0.08
0.3184,-0.08,0.3184,-0.08
0.3186,0,0.3186,0
0.3188,0.08,0.3188,0.08
0.319,0,0.319,0
0.3192,0.08,0.3192,0.08
0.3194,0,0.3194,0.08
0.3196,-0.08,0.3196,0.08
0.3198,-0.08,0.3198,0
0.32,0.08,0.32,0.08
0.3202,0,0.3202,0.08
0.3204,0,0.3204,0
0.3206,0,0.3206,0
0.3208,0,0.3208,0
0.321,0,0.321,-0.08
0.3212,-0.08,0.3212,0
0.3214,0,0.3214,0
0.3216,-0.08,0.3216,0
0.3218,0,0.3218,0
0.322,-0.08,0.322,0
0.3222,0,0.3222,0.08
0.3224,-0.08,0.3224,0
0.3226,0,0.3226,0
0.3228,-0.08,0.3228,0.08
0.323,-0.08,0.323,0
0.3232,0,0.3232,0
0.3234,-0.08,0.3234,0.08
0.3236,-0.08,0.3236,0
0.3238,0,0.3238,0
0.324,0,0.324,0
0.3242,-0.08,0.3242,0.08
0.3244,0,0.3244,0
0.3246,0,0.3246,0
0.3248,-0.08,0.3248,0.08
0.325,0,0.325,0
0.3252,-0.16,0.3252,0.08
0.3254,0,0.3254,0
0.3256,0,0.3256,-0.08
0.3258,0,0.3258,0
0.326,0,0.326,0
0.3262,0,0.3262,0
0.3264,0.08,0.3264,0
0.3266,0,0.3266,0
0.3268,-0.08,0.3268,0
0.327,0.08,0.327,0
0.3272,0,0.3272,0
0.3274,-0.08,0.3274,0
0.3276,0,0.3276,0.08
0.3278,0,0.3278,0
0.328,0,0.328,-0.08
0.3282,-0.08,0.3282,0.08
0.3284,-0.08,0.3284,0.08
0.3286,-0.08,0.3286,0.08
0.3288,0.08,0.3288,0
0.329,-0.08,0.329,0
0.3292,0,0.3292,-0.08
0.3294,0,0.3294,0
0.3296,-0.08,0.3296,0
0.3298,0,0.3298,0
0.33,0,0.33,0
0.3302,0.08,0.3302,0.08
0.3304,0.08,0.3304,-0.08
0.3306,0,0.3306,-0.08
0.3308,-0.08,0.3308,0
0.331,0,0.331,-0.08
0.3312,0,0.3312,-0.08
0.3314,0,0.3314,-0.08
0.3316,0,0.3316,-0.08
0.3318,-0.08,0.3318,0
0.332,-0.08,0.332,0.08
0.3322,0,0.3322,-0.08
0.3324,0,0.3324,0.08
0.3326,0,0.3326,0
0.3328,-0.08,0.3328,0
0.333,0.08,0.333,0
0.3332,0,0.3332,0
0.3334,0,0.3334,0
0.3336,0,0.3336,0.08
0.3338,-0.08,0.3338,0
0.334,0,0.334,0
0.3342,0,0.3342,0
0.3344,0,0.3344,0
0.3346,-0.08,0.3346,-0.08
0.3348,0,0.3348,0
0.335,-0.08,0.335,0
0.3352,0,0.3352,0.08
0.3354,0,0.3354,0
0.3356,0,0.3356,0
0.3358,0,0.3358,0
0.336,0,0.336,0
0.3362,0,0.3362,0
0.3364,-0.08,0.3364,0
0.3366,-0.08,0.3366,0
0.3368,0,0.3368,0
0.337,0.08,0.337,0
0.3372,0,0.3372,0.08
0.3374,-0.08,0.3374,0
0.3376,-0.08,0.3376,0
0.3378,0,0.3378,0
0.338,-0.08,0.338,0
0.3382,0,0.3382,-0.08
0.3384,0.08,0.3384,0
0.3386,-0.08,0.3386,0
0.3388,0,0.3388,0
0.339,-0.08,0.339,0.08
0.3392,0,0.3392,0
0.3394,-0.08,0.3394,0.08
0.3396,-0.08,0.3396,0
0.3398,-0.08,0.3398,0
0.34,0,0.34,0
0.3402,-0.08,0.3402,-0.08
0.3404,0,0.3404,0
0.3406,-0.16,0.3406,0
0.3408,0,0.3408,0
0.341,0,0.341,-0.08
0.3412,0,0.3412,0
0.3414,0,0.3414,0
0.3416,-0.08,0.3416,0
0.3418,0,0.3418,0
0.342,0,0.342,0
0.3422,0,0.3422,0
0.3424,0,0.3424,0
0.3426,0,0.3426,0
0.3428,-0.08,0.3428,-0.08
0.343,0,0.343,0
0.3432,-0.08,0.3432,0.08
0.3434,0,0.3434,0
0.3436,0.08,0.3436,0
0.3438,-0.08,0.3438,-0.08
0.344,0,0.344,0
0.3442,-0.08,0.3442,0
0.3444,-0.08,0.3444,-0.08
0.3446,-0.16,0.3446,-0.08
0.3448,-0.08,0.3448,0
0.345,0.08,0.345,0
0.3452,0,0.3452,0
0.3454,0,0.3454,0
0.3456,0.08,0.3456,0
0.3458,-0.08,0.3458,-0.08
0.346,0,0.346,0
0.3462,0.08,0.3462,0
0.3464,0,0.3464,0
0.3466,-0.08,0.3466,0
0.3468,0,0.3468,0.08
0.347,0,0.347,0
0.3472,-0.08,0.3472,0
0.3474,-0.08,0.3474,0
0.3476,0,0.3476,-0.08
0.3478,0,0.3478,0.08
0.348,-0.08,0.348,0
0.3482,0,0.3482,0.08
0.3484,0,0.3484,0
0.3486,0,0.3486,0
0.3488,0,0.3488,0
0.349,-0.08,0.349,0.08
0.3492,0,0.3492,0
0.3494,0,0.3494,0
0.3496,-0.08,0.3496,0
0.3498,-0.08,0.3498,0
0.35,-0.08,0.35,0.08
0.3502,0,0.3502,0
0.3504,0,0.3504,-0.08
0.3506,-0.08,0.3506,0
0.3508,-0.08,0.3508,-0.08
0.351,0.08,0.351,0
0.3512,-0.08,0.3512,0
0.3514,-0.08,0.3514,0
0.3516,-0.08,0.3516,-0.08
0.3518,0,0.3518,0
0.352,-0.08,0.352,0
0.3522,0,0.3522,0.08
0.3524,-0.08,0.3524,0
0.3526,-0.08,0.3526,0
0.3528,0.08,0.3528,0.08
0.353,0,0.353,0
0.3532,0.08,0.3532,-0.08
0.3534,0,0.3534,0
0.3536,0.08,0.3536,0
0.3538,0.08,0.3538,0
0.354,0,0.354,0
0.3542,0,0.3542,0
0.3544,0,0.3544,-0.08
0.3546,0.08,0.3546,0
0.3548,-0.08,0.3548,0
0.355,0,0.355,0.08
0.3552,-0.08,0.3552,0
0.3554,0,0.3554,0
0.3556,-0.08,0.3556,0.08
0.3558,-0.08,0.3558,0
0.356,0.08,0.356,0
0.3562,0,0.3562,0
0.3564,-0.08,0.3564,0
0.3566,0,0.3566,0
0.3568,0.08,0.3568,0.08
0.357,0,0.357,0.08
0.3572,0,0.3572,-0.08
0.3574,0,0.3574,0.08
0.3576,0,0.3576,0.08
0.3578,-0.08,0.3578,0
0.358,0,0.358,-0.08
0.3582,0,0.3582,0
0.3584,0,0.3584,0
0.3586,0,0.3586,0
0.3588,0,0.3588,0
0.359,-0.08,0.359,0
0.3592,0,0.3592,0
0.3594,0,0.3594,0
0.3596,-0.08,0.3596,-0.08
0.3598,0,0.3598,0.08
0.36,0.08,0.36,0
0.3602,0,0.3602,0
0.3604,0,0.3604,-0.08
0.3606,0.08,0.3606,-0.08
0.3608,0,0.3608,0
0.361,-0.08,0.361,0
0.3612,0,0.3612,0.08
0.3614,0,0.3614,-0.08
0.3616,0,0.3616,0
0.3618,0.08,0.3618,0.08
0.362,-0.08,0.362,0
0.3622,0,0.3622,-0.08
0.3624,0,0.3624,0.08
0.3626,0,0.3626,0
0.3628,-0.08,0.3628,0
0.363,0,0.363,0
0.3632,0,0.3632,0
0.3634,0,0.3634,-0.08
0.3636,-0.08,0.3636,0
0.3638,0,0.3638,0
0.364,0,0.364,0.08
0.3642,0,0.3642,0
0.3644,0,0.3644,0
0.3646,0,0.3646,0
0.3648,0,0.3648,0
0.365,-0.08,0.365,0
0.3652,-0.08,0.3652,0
0.3654,-0.08,0.3654,0
0.3656,0,0.3656,0
0.3658,0.08,0.3658,0.08
0.366,-0.08,0.366,0
0.3662,0,0.3662,0
0.3664,0,0.3664,0
0.3666,0,0.3666,0
0.3668,0,0.3668,-0.08
0.367,0,0.367,-0.08
0.3672,0,0.3672,0
0.3674,-0.08,0.3674,0
0.3676,0,0.3676,0.08
0.3678,0,0.3678,0.08
0.368,0,0.368,0
0.3682,0,0.3682,-0.08
0.3684,0,0.3684,0
0.3686,-0.08,0.3686,0
0.3688,-0.08,0.3688,0
0.369,0,0.369,0
0.3692,0,0.3692,0.08
0.3694,0,0.3694,0
0.3696,0,0.3696,0
0.3698,0,0.3698,0
0.37,0,0.37,0.08
0.3702,0,0.3702,-0.08
0.3704,-0.08,0.3704,0
0.3706,-0.08,0.3706,0
0.3708,0,0.3708,-0.08
0.371,0,0.371,0.08
0.3712,0,0.3712,0
0.3714,-0.08,0.3714,0
0.3716,0,0.3716,0.08
0.3718,-0.08,0.3718,0
0.372,0,0.372,0
0.3722,-0.08,0.3722,0
0.3724,0,0.3724,-0.08
0.3726,0,0.3726,0
0.3728,0,0.3728,0
0.373,0,0.373,0
0.3732,0.08,0.3732,0.08
0.3734,0,0.3734,0
0.3736,-0.08,0.3736,0
0.3738,-0.08,0.3738,0
0.374,0,0.374,0.08
0.3742,-0.08,0.3742,0
0.3744,0,0.3744,0
0.3746,0,0.3746,0.08
0.3748,0,0.3748,0
0.375,0,0.375,0
0.3752,0,0.3752,0.08
0.3754,0,0.3754,0
0.3756,-0.08,0.3756,0.08
0.3758,-0.08,0.3758,0.08
0.376,0,0.376,0
0.3762,-0.08,0.3762,0
0.3764,0,0.3764,0.08
0.3766,-0.08,0.3766,0
0.3768,0,0.3768,0
0.377,-0.08,0.377,0
0.3772,-0.08,0.3772,0
0.3774,0,0.3774,0
0.3776,-0.08,0.3776,0
0.3778,0,0.3778,0
0.378,0,0.378,0
0.3782,0,0.3782,0
0.3784,0.08,0.3784,0.08
0.3786,0,0.3786,0
0.3788,0,0.3788,0
0.379,0,0.379,-0.08
0.3792,-0.08,0.3792,0
0.3794,-0.08,0.3794,-0.08
0.3796,0,0.3796,0
0.3798,0,0.3798,0
0.38,0,0.38,0
0.3802,0,0.3802,-0.08
0.3804,0.08,0.3804,0
0.3806,0,0.3806,0.08
0.3808,0,0.3808,0
0.381,0,0.381,0.08
0.3812,0,0.3812,0
0.3814,-0.08,0.3814,0
0.3816,0,0.3816,0
0.3818,0,0.3818,-0.08
0.382,0,0.382,0
0.3822,0,0.3822,0
0.3824,-0.08,0.3824,0.08
0.3826,-0.08,0.3826,-0.08
0.3828,-0.08,0.3828,0
0.383,0,0.383,-0.08
0.3832,0,0.3832,0
0.3834,0,0.3834,0
0.3836,-0.08,0.3836,-0.08
0.3838,0,0.3838,-0.08
0.384,0,0.384,0
0.3842,0,0.3842,0
0.3844,-0.08,0.3844,0
0.3846,0.08,0.3846,0.08
0.3848,-0.08,0.3848,0
0.385,-0.08,0.385,0
0.3852,0.08,0.3852,-0.08
0.3854,-0.08,0.3854,0.08
0.3856,0,0.3856,-0.08
0.3858,0.08,0.3858,0
0.386,-0.08,0.386,0
0.3862,-0.08,0.3862,0.08
0.3864,0,0.3864,0
0.3866,0,0.3866,-0.08
0.3868,0,0.3868,-0.08
0.387,0,0.387,0
0.3872,0,0.3872,-0.08
0.3874,0,0.3874,0
0.3876,0,0.3876,0
0.3878,-0.08,0.3878,0
0.388,-0.08,0.388,0
0.3882,0,0.3882,0.08
0.3884,-0.08,0.3884,0
0.3886,0,0.3886,0
0.3888,0,0.3888,0
0.389,0,0.389,0
0.3892,0,0.3892,0
0.3894,0,0.3894,0.08
0.3896,0,0.3896,0
0.3898,0,0.3898,-0.08
0.39,0,0.39,-0.08
0.3902,-0.16,0.3902,0
0.3904,-0.08,0.3904,0
0.3906,0,0.3906,0
0.3908,0,0.3908,0.08
0.391,-0.08,0.391,0.08
0.3912,0.08,0.3912,0
0.3914,-0.08,0.3914,0
0.3916,0,0.3916,0
0.3918,0.08,0.3918,0
0.392,-0.08,0.392,0
0.3922,-0.08,0.3922,-0.08
0.3924,0,0.3924,0
0.3926,-0.08,0.3926,0.08
0.3928,-0.08,0.3928,0
0.393,0,0.393,0.08
0.3932,0,0.3932,0
0.3934,-0.08,0.3934,0
0.3936,-0.08,0.3936,0
0.3938,0,0.3938,0
0.394,0,0.394,0
0.3942,0,0.3942,-0.08
0.3944,0,0.3944,-0.08
0.3946,0.08,0.3946,0
0.3948,0,0.3948,-0.08
0.395,0,0.395,0
0.3952,0,0.3952,0.08
0.3954,0,0.3954,0
0.3956,0,0.3956,0
0.3958,-0.08,0.3958,-0.08
0.396,0,0.396,0
0.3962,-0.08,0.3962,0
0.3964,0,0.3964,0.08
0.3966,0,0.3966,0
0.3968,0,0.3968,0
0.397,-0.08,0.397,-0.08
0.3972,0,0.3972,0.08
0.3974,0,0.3974,0
0.3976,-0.08,0.3976,-0.08
0.3978,0,0.3978,-0.08
0.398,0,0.398,0
0.3982,0,0.3982,0.08
0.3984,-0.08,0.3984,0.08
0.3986,-0.08,0.3986,0
0.3988,0,0.3988,0
0.399,0,0.399,-0.08
0.3992,-0.08,0.3992,0
0.3994,-0.08,0.3994,0
0.3996,0.08,0.3996,0
0.3998,0,0.3998,0.08
0.4,-0.08,0.4,-0.08
0.4002,0,0.4002,0
0.4004,0,0.4004,0
0.4006,0,0.4006,0
0.4008,0,0.4008,0
0.401,0,0.401,0
0.4012,-0.08,0.4012,0
0.4014,0,0.4014,0
0.4016,0,0.4016,0
0.4018,0,0.4018,-0.08
0.402,0.08,0.402,0
0.4022,0,0.4022,0.08
0.4024,-0.08,0.4024,0
0.4026,0,0.4026,0.08
0.4028,0,0.4028,0
0.403,0,0.403,-0.08
0.4032,0,0.4032,0.08
0.4034,-0.08,0.4034,0
0.4036,-0.08,0.4036,0
0.4038,0,0.4038,0
0.404,-0.08,0.404,0
0.4042,0,0.4042,0
0.4044,0,0.4044,0.08
0.4046,-0.08,0.4046,-0.08
0.4048,0,0.4048,0
0.405,0,0.405,0
0.4052,0,0.4052,0
0.4054,-0.08,0.4054,0
0.4056,0,0.4056,0
0.4058,0,0.4058,0
0.406,0.08,0.406,0
0.4062,0,0.4062,0
0.4064,0,0.4064,-0.08
0.4066,0,0.4066,0
0.4068,0,0.4068,0
0.407,-0.08,0.407,0
0.4072,-0.08,0.4072,0.08
0.4074,-0.08,0.4074,0
0.4076,-0.08,0.4076,-0.08
0.4078,0,0.4078,0
0.408,0,0.408,-0.08
0.4082,0,0.4082,-0.08
0.4084,0,0.4084,0.08
0.4086,0,0.4086,-0.08
0.4088,0,0.4088,0.08
0.409,0,0.409,0
0.4092,-0.08,0.4092,-0.08
0.4094,0,0.4094,0
0.4096,0,0.4096,0
0.4098,0,0.4098,0
0.41,-0.08,0.41,0.08
0.4102,0,0.4102,-0.08
0.4104,0,0.4104,-0.08
0.4106,-0.08,0.4106,0
0.4108,0,0.4108,-0.08
0.411,-0.08,0.411,-0.08
0.4112,-0.08,0.4112,0.08
0.4114,-0.08,0.4114,-0.08
0.4116,0,0.4116,0.08
0.4118,-0.08,0.4118,0.08
0.412,-0.08,0.412,0
0.4122,-0.08,0.4122,0
0.4124,-0.08,0.4124,-0.08
0.4126,0,0.4126,0
0.4128,0.08,0.4128,0
0.413,0.08,0.413,-0.08
0.4132,0.08,0.4132,0
0.4134,-0.08,0.4134,0
0.4136,0.08,0.4136,0
0.4138,0,0.4138,0
0.414,0.08,0.414,0
0.4142,0,0.4142,-0.08
0.4144,0,0.4144,0
0.4146,0,0.4146,0
0.4148,-0.08,0.4148,0
0.415,0.08,0.415,0
0.4152,0.08,0.4152,0
0.4154,0,0.4154,0.16
0.4156,-0.08,0.4156,0
0.4158,-0.08,0.4158,0
0.416,0,0.416,0
0.4162,0,0.4162,-0.08
0.4164,0,0.4164,0
0.4166,-0.08,0.4166,0
0.4168,0,0.4168,-0.08
0.417,0,0.417,-0.08
0.4172,0,0.4172,0
0.4174,-0.08,0.4174,-0.08
0.4176,0,0.4176,0
0.4178,0,0.4178,-0.08
0.418,0,0.418,0
0.4182,-0.08,0.4182,0
0.4184,0,0.4184,0.08
0.4186,0,0.4186,0.08
0.4188,0,0.4188,-0.08
0.419,0,0.419,0
0.4192,0,0.4192,0
0.4194,0,0.4194,0
0.4196,0,0.4196,0.08
0.4198,0,0.4198,0
0.42,0,0.42,0
0.4202,0,0.4202,0
0.4204,-0.08,0.4204,0
0.4206,0,0.4206,0
0.4208,0,0.4208,-0.08
0.421,-0.08,0.421,-0.08
0.4212,0.08,0.4212,0
0.4214,0,0.4214,0
0.4216,0,0.4216,0
0.4218,0,0.4218,0.08
0.422,0,0.422,0
0.4222,-0.08,0.4222,0
0.4224,-0.16,0.4224,0.08
0.4226,-0.08,0.4226,0
0.4228,0,0.4228,0
0.423,0,0.423,0.08
0.4232,-0.08,0.4232,0
0.4234,0,0.4234,0.08
0.4236,-0.08,0.4236,0
0.4238,-0.08,0.4238,0
0.424,0,0.424,0
0.4242,0,0.4242,0.08
0.4244,0,0.4244,0
0.4246,0,0.4246,0
0.4248,0,0.4248,0.08
0.425,-0.08,0.425,-0.08
0.4252,-0.08,0.4252,0
0.4254,0,0.4254,0
0.4256,-0.08,0.4256,0
0.4258,0,0.4258,0
0.426,0,0.426,0
0.4262,-0.08,0.4262,0
0.4264,0,0.4264,0
0.4266,-0.08,0.4266,0
0.4268,0,0.4268,0
0.427,-0.08,0.427,0.08
0.4272,0,0.4272,0
0.4274,-0.08,0.4274,0
0.4276,0,0.4276,0
0.4278,-0.08,0.4278,0
0.428,-0.08,0.428,0
0.4282,-0.08,0.4282,0
0.4284,0,0.4284,0
0.4286,0,0.4286,0
0.4288,0,0.4288,0.08
0.429,0,0.429,0
0.4292,0,0.4292,0
0.4294,0,0.4294,-0.08
0.4296,0,0.4296,-0.08
0.4298,-0.08,0.4298,0
0.43,-0.16,0.43,0
0.4302,0,0.4302,-0.08
0.4304,-0.08,0.4304,-0.08
0.4306,-0.16,0.4306,0
0.4308,0,0.4308,0
0.431,0,0.431,0
0.4312,0,0.4312,-0.08
0.4314,0,0.4314,0.08
0.4316,-0.08,0.4316,-0.08
0.4318,0,0.4318,0
0.432,-0.08,0.432,0
0.4322,0,0.4322,0.08
0.4324,0,0.4324,0
0.4326,0,0.4326,0
0.4328,-0.08,0.4328,0
0.433,0,0.433,0
0.4332,0,0.4332,0
0.4334,0,0.4334,0
0.4336,-0.08,0.4336,0
0.4338,0.08,0.4338,0
0.434,-0.08,0.434,0
0.4342,0,0.4342,0
0.4344,0,0.4344,0
0.4346,-0.08,0.4346,0
0.4348,-0.08,0.4348,0.08
0.435,0,0.435,0
0.4352,0,0.4352,0.08
0.4354,-0.08,0.4354,0
0.4356,-0.08,0.4356,0
0.4358,0,0.4358,-0.08
0.436,0,0.436,0
0.4362,-0.08,0.4362,0.08
0.4364,-0.08,0.4364,0
0.4366,0,0.4366,0.08
0.4368,0,0.4368,0.08
0.437,0.08,0.437,0
0.4372,-0.08,0.4372,-0.08
0.4374,0,0.4374,0
0.4376,0,0.4376,0
0.4378,0.08,0.4378,0
0.438,-0.08,0.438,0
0.4382,0,0.4382,0
0.4384,0,0.4384,0
0.4386,-0.08,0.4386,0
0.4388,0,0.4388,0
0.439,0,0.439,0.08
0.4392,0,0.4392,-0.08
0.4394,0,0.4394,0.08
0.4396,0,0.4396,0
0.4398,0.08,0.4398,0.08
0.44,0,0.44,0.08
0.4402,0,0.4402,0
0.4404,-0.08,0.4404,-0.08
0.4406,-0.08,0.4406,-0.08
0.4408,0,0.4408,-0.08
0.441,0,0.441,0
0.4412,-0.08,0.4412,0.08
0.4414,-0.08,0.4414,0
0.4416,-0.08,0.4416,0.08
0.4418,-0.08,0.4418,0.08
0.442,0,0.442,0
0.4422,-0.08,0.4422,0
0.4424,-0.08,0.4424,0
0.4426,0,0.4426,0
0.4428,-0.08,0.4428,0.08
0.443,0,0.443,-0.08
0.4432,0,0.4432,0.08
0.4434,-0.08,0.4434,0
0.4436,-0.08,0.4436,0.08
0.4438,0,0.4438,0.08
0.444,0.08,0.444,0.08
0.4442,0,0.4442,0
0.4444,-0.08,0.4444,0.08
0.4446,0,0.4446,0
0.4448,-0.08,0.4448,0
0.445,0,0.445,-0.08
0.4452,0.08,0.4452,0
0.4454,0,0.4454,-0.08
0.4456,0,0.4456,0
0.4458,0,0.4458,0.08
0.446,0,0.446,-0.08
0.4462,0,0.4462,-0.08
0.4464,-0.08,0.4464,0
0.4466,-0.08,0.4466,0
0.4468,-0.08,0.4468,0
0.447,-0.08,0.447,0.08
0.4472,0,0.4472,0.08
0.4474,0,0.4474,0
0.4476,0,0.4476,0
0.4478,0,0.4478,0
0.448,-0.08,0.448,0
0.4482,-0.08,0.4482,0.08
0.4484,0,0.4484,0
0.4486,-0.08,0.4486,0
0.4488,0,0.4488,0
0.449,0,0.449,0
0.4492,0.08,0.4492,0
0.4494,0,0.4494,-0.08
0.4496,-0.08,0.4496,0
0.4498,0,0.4498,0
0.45,0,0.45,0
0.4502,-0.08,0.4502,0.08
0.4504,0,0.4504,-0.08
0.4506,0,0.4506,0
0.4508,0,0.4508,0.08
0.451,-0.08,0.451,-0.08
0.4512,-0.16,0.4512,0
0.4514,-0.08,0.4514,-0.08
0.4516,-0.08,0.4516,0
0.4518,0,0.4518,0
0.452,0,0.452,-0.08
0.4522,0,0.4522,0
0.4524,-0.08,0.4524,0
0.4526,0.08,0.4526,0
0.4528,0,0.4528,0
0.453,-0.08,0.453,0
0.4532,0,0.4532,0
0.4534,0,0.4534,0
0.4536,0,0.4536,0.08
0.4538,0,0.4538,0
0.454,-0.16,0.454,0.08
0.4542,0,0.4542,0
0.4544,0,0.4544,0
0.4546,0,0.4546,-0.08
0.4548,0,0.4548,0
0.455,0,0.455,0.08
0.4552,0,0.4552,-0.08
0.4554,-0.08,0.4554,0.08
0.4556,0,0.4556,0
0.4558,0,0.4558,0
0.456,-0.08,0.456,0.08
0.4562,-0.08,0.4562,-0.08
0.4564,-0.08,0.4564,0.08
0.4566,0,0.4566,0
0.4568,0,0.4568,0
0.457,-0.08,0.457,0
0.4572,0,0.4572,0
0.4574,0,0.4574,0.08
0.4576,0,0.4576,0
0.4578,-0.08,0.4578,0
0.458,0,0.458,0
0.4582,0,0.4582,0
0.4584,-0.08,0.4584,0
0.4586,0,0.4586,0
0.4588,0,0.4588,0.08
0.459,0,0.459,0
0.4592,0,0.4592,0
0.4594,-0.08,0.4594,-0.08
0.4596,0.08,0.4596,0.08
0.4598,0,0.4598,0
0.46,0,0.46,0
0.4602,0,0.4602,0.08
0.4604,0,0.4604,-0.08
0.4606,-0.08,0.4606,0
0.4608,-0.08,0.4608,-0.08
0.461,0,0.461,0
0.4612,0,0.4612,-0.08
0.4614,-0.08,0.4614,0
0.4616,-0.08,0.4616,0
0.4618,0,0.4618,-0.08
0.462,0,0.462,0
0.4622,0,0.4622,-0.08
0.4624,0,0.4624,0.08
0.4626,0,0.4626,0
0.4628,-0.08,0.4628,-0.08
0.463,0,0.463,0.08
0.4632,0.08,0.4632,-0.08
0.4634,-0.08,0.4634,0
0.4636,0,0.4636,0.08
0.4638,0,0.4638,0.08
0.464,0,0.464,0
0.4642,-0.08,0.4642,0
0.4644,0,0.4644,0
0.4646,0,0.4646,0
0.4648,0,0.4648,0
0.465,-0.08,0.465,-0.08
0.4652,-0.08,0.4652,0
0.4654,0,0.4654,0
0.4656,0,0.4656,0
0.4658,-0.08,0.4658,-0.08
0.466,0,0.466,-0.08
0.4662,-0.08,0.4662,0
0.4664,0.08,0.4664,0
0.4666,0,0.4666,0
0.4668,0,0.4668,0
0.467,-0.08,0.467,0.08
0.4672,-0.08,0.4672,0.08
0.4674,0,0.4674,-0.08
0.4676,-0.08,0.4676,0
0.4678,0,0.4678,0.08
0.468,0,0.468,0
0.4682,0,0.4682,0
0.4684,-0.08,0.4684,0.08
0.4686,0,0.4686,0
0.4688,0,0.4688,0
0.469,0,0.469,0
0.4692,0,0.4692,0
0.4694,0,0.4694,0
0.4696,-0.08,0.4696,0.08
0.4698,-0.08,0.4698,0.08
0.47,-0.08,0.47,0
0.4702,0,0.4702,-0.08
0.4704,0,0.4704,0
0.4706,0,0.4706,0.08
0.4708,0,0.4708,-0.08
0.471,-0.08,0.471,0.08
0.4712,-0.08,0.4712,0
0.4714,-0.08,0.4714,-0.08
0.4716,0,0.4716,0
0.4718,-0.08,0.4718,0
0.472,0,0.472,0
0.4722,0.08,0.4722,-0.08
0.4724,0,0.4724,-0.08
0.4726,0,0.4726,0
0.4728,0,0.4728,0
0.473,-0.08,0.473,0
0.4732,-0.08,0.4732,-0.08
0.4734,0,0.4734,0
0.4736,0,0.4736,0.08
0.4738,0,0.4738,0
0.474,-0.08,0.474,-0.08
0.4742,0.08,0.4742,0
0.4744,-0.08,0.4744,0
0.4746,-0.08,0.4746,0
0.4748,0,0.4748,0.08
0.475,-0.08,0.475,0
0.4752,-0.08,0.4752,0
0.4754,-0.08,0.4754,0
0.4756,0,0.4756,0.08
0.4758,-0.08,0.4758,0
0.476,0,0.476,-0.08
0.4762,0,0.4762,0
0.4764,0,0.4764,0
0.4766,-0.08,0.4766,0
0.4768,0,0.4768,-0.08
0.477,0,0.477,0
0.4772,0,0.4772,0
0.4774,-0.08,0.4774,0
0.4776,-0.08,0.4776,0
0.4778,0,0.4778,0
0.478,0,0.478,0
0.4782,0,0.4782,-0.08
0.4784,-0.08,0.4784,0
0.4786,0,0.4786,0
0.4788,0,0.4788,0
0.479,0,0.479,0
0.4792,0,0.4792,-0.08
0.4794,-0.08,0.4794,0
0.4796,0,0.4796,0
0.4798,0,0.4798,0
0.48,0,0.48,0
0.4802,-0.08,0.4802,0
0.4804,-0.08,0.4804,0
0.4806,0,0.4806,0
0.4808,0,0.4808,-0.08
0.481,0,0.481,0
0.4812,-0.08,0.4812,0
0.4814,0,0.4814,0
0.4816,0,0.4816,0
0.4818,0,0.4818,0.08
0.482,-0.08,0.482,0
0.4822,0,0.4822,0
0.4824,-0.08,0.4824,0
0.4826,0.08,0.4826,0
0.4828,0,0.4828,0.08
0.483,0,0.483,0
0.4832,-0.08,0.4832,0
0.4834,0,0.4834,0.08
0.4836,-0.08,0.4836,0.08
0.4838,-0.08,0.4838,0
0.484,-0.08,0.484,-0.08
0.4842,0,0.4842,-0.08
0.4844,0,0.4844,0
0.4846,0,0.4846,0.08
0.4848,0,0.4848,0
0.485,-0.08,0.485,-0.08
0.4852,-0.08,0.4852,0
0.4854,-0.08,0.4854,0.08
0.4856,-0.08,0.4856,0
0.4858,0,0.4858,-0.08
0.486,0,0.486,0.08
0.4862,0.08,0.4862,0
0.4864,-0.08,0.4864,0
0.4866,0,0.4866,0
0.4868,-0.08,0.4868,0.08
0.487,0,0.487,0
0.4872,-0.08,0.4872,0
0.4874,0,0.4874,0
0.4876,0,0.4876,0
0.4878,0,0.4878,-0.08
0.488,-0.16,0.488,0
0.4882,-0.08,0.4882,0
0.4884,0,0.4884,0.08
0.4886,0,0.4886,0
0.4888,0,0.4888,-0.08
0.489,0.08,0.489,-0.08
0.4892,-0.08,0.4892,0
0.4894,0,0.4894,0
0.4896,0,0.4896,0
0.4898,0,0.4898,0
0.49,0,0.49,0
0.4902,0,0.4902,0
0.4904,0,0.4904,0
0.4906,-0.08,0.4906,0
0.4908,0,0.4908,0.08
0.491,0,0.491,0
0.4912,0,0.4912,0
0.4914,0,0.4914,0
0.4916,-0.08,0.4916,0
0.4918,0,0.4918,0.08
0.492,0,0.492,0
0.4922,-0.08,0.4922,-0.08
0.4924,0,0.4924,0.08
0.4926,-0.08,0.4926,0.08
0.4928,0,0.4928,-0.08
0.493,-0.08,0.493,-0.08
0.4932,0.08,0.4932,0
0.4934,-0.08,0.4934,0.08
0.4936,0,0.4936,0.08
0.4938,0,0.4938,0.08
0.494,-0.08,0.494,0
0.4942,-0.08,0.4942,0.08
0.4944,0,0.4944,0
0.4946,-0.08,0.4946,0
0.4948,0,0.4948,-0.08
0.495,-0.08,0.495,0
0.4952,-0.08,0.4952,0
0.4954,0,0.4954,0
0.4956,-0.08,0.4956,0
0.4958,-0.08,0.4958,0
0.496,-0.08,0.496,0.08
0.4962,0,0.4962,-0.08
0.4964,0,0.4964,0
0.4966,-0.08,0.4966,-0.08
0.4968,0,0.4968,0
0.497,-0.08,0.497,-0.08
0.4972,0,0.4972,0
0.4974,0,0.4974,-0.08
0.4976,-0.08,0.4976,0
0.4978,0.08,0.4978,0
0.498,-0.08,0.498,0
0.4982,0.08,0.4982,0
0.4984,0,0.4984,0.08
0.4986,0,0.4986,0
0.4988,0,0.4988,0.08
0.499,-0.08,0.499,0
0.4992,0,0.4992,0
0.4994,-0.08,0.4994,0
0.4996,-0.08,0.4996,0
0.4998,-0.08,0.4998,0
