Time - Plot 0,Amplitude - Plot 0,Time - Plot 1,Amplitude - Plot 1
0,-1.04,0,-0.82
2.00E-07,-1.02,2.00E-07,-0.8
4.00E-07,-1,4.00E-07,-0.8
6.00E-07,-1.02,6.00E-07,-0.82
8.00E-07,-1.02,8.00E-07,-0.82
1.00E-06,-1.02,1.00E-06,-0.82
1.20E-06,-1.06,1.20E-06,-0.8
1.40E-06,-1.02,1.40E-06,-0.84
1.60E-06,-1.04,1.60E-06,-0.8
1.80E-06,-1.02,1.80E-06,-0.82
2.00E-06,-1,2.00E-06,-0.82
2.20E-06,-1.02,2.20E-06,-0.84
2.40E-06,-1,2.40E-06,-0.84
2.60E-06,-1.02,2.60E-06,-0.82
2.80E-06,-1.02,2.80E-06,-0.84
3.00E-06,-1.02,3.00E-06,-0.86
3.20E-06,-1.02,3.20E-06,-0.82
3.40E-06,-1.02,3.40E-06,-0.84
3.60E-06,-1.02,3.60E-06,-0.82
3.80E-06,-1,3.80E-06,-0.86
4.00E-06,-1.04,4.00E-06,-0.82
4.20E-06,-1.02,4.20E-06,-0.84
4.40E-06,-1.02,4.40E-06,-0.86
4.60E-06,-1.04,4.60E-06,-0.86
4.80E-06,-1.04,4.80E-06,-0.84
5.00E-06,-1.04,5.00E-06,-0.86
5.20E-06,-1.02,5.20E-06,-0.84
5.40E-06,-1.02,5.40E-06,-0.84
5.60E-06,-1.04,5.60E-06,-0.84
5.80E-06,-1,5.80E-06,-0.84
6.00E-06,-1.02,6.00E-06,-0.84
6.20E-06,-1.02,6.20E-06,-0.86
6.40E-06,-1,6.40E-06,-0.86
6.60E-06,-1.02,6.60E-06,-0.86
6.80E-06,-1.04,6.80E-06,-0.88
7.00E-06,-1.02,7.00E-06,-0.84
7.20E-06,-1.02,7.20E-06,-0.86
7.40E-06,-1.02,7.40E-06,-0.86
7.60E-06,-1.02,7.60E-06,-0.84
7.80E-06,-1.04,7.80E-06,-0.84
8.00E-06,-1.04,8.00E-06,-0.84
8.20E-06,-1.02,8.20E-06,-0.84
8.40E-06,-1.04,8.40E-06,-0.86
8.60E-06,-1.02,8.60E-06,-0.86
8.80E-06,-1.02,8.80E-06,-0.88
9.00E-06,-1,9.00E-06,-0.88
9.20E-06,-0.98,9.20E-06,-0.88
9.40E-06,-1.02,9.40E-06,-0.88
9.60E-06,-1.02,9.60E-06,-0.88
9.80E-06,-1,9.80E-06,-0.84
1.00E-05,-1.02,1.00E-05,-0.88
1.02E-05,-1,1.02E-05,-0.88
1.04E-05,-1,1.04E-05,-0.88
1.06E-05,-1.02,1.06E-05,-0.88
1.08E-05,-1.02,1.08E-05,-0.86
1.10E-05,-1.04,1.10E-05,-0.9
1.12E-05,-1,1.12E-05,-0.86
1.14E-05,-1.04,1.14E-05,-0.86
1.16E-05,-1.04,1.16E-05,-0.84
1.18E-05,-1.02,1.18E-05,-0.88
1.20E-05,-1.02,1.20E-05,-0.88
1.22E-05,-1,1.22E-05,-0.86
1.24E-05,-1.02,1.24E-05,-0.88
1.26E-05,-1.02,1.26E-05,-0.88
1.28E-05,-1,1.28E-05,-0.88
1.30E-05,-1.02,1.30E-05,-0.9
1.32E-05,-1.02,1.32E-05,-0.88
1.34E-05,-1.02,1.34E-05,-0.86
1.36E-05,-1,1.36E-05,-0.88
1.38E-05,-1.02,1.38E-05,-0.9
1.40E-05,-1.02,1.40E-05,-0.86
1.42E-05,-1,1.42E-05,-0.88
1.44E-05,-1.02,1.44E-05,-0.86
1.46E-05,-1,1.46E-05,-0.86
1.48E-05,-1,1.48E-05,-0.88
1.50E-05,-1.02,1.50E-05,-0.88
1.52E-05,-1.04,1.52E-05,-0.9
1.54E-05,-1.02,1.54E-05,-0.9
1.56E-05,-1.02,1.56E-05,-0.88
1.58E-05,-1,1.58E-05,-0.88
1.60E-05,-1,1.60E-05,-0.9
1.62E-05,-1.04,1.62E-05,-0.9
1.64E-05,-1.02,1.64E-05,-0.88
1.66E-05,-1.02,1.66E-05,-0.88
1.68E-05,-1.02,1.68E-05,-0.9
1.70E-05,-1.02,1.70E-05,-0.88
1.72E-05,-1.02,1.72E-05,-0.92
1.74E-05,-1.02,1.74E-05,-0.88
1.76E-05,-1,1.76E-05,-0.92
1.78E-05,-1.02,1.78E-05,-0.9
1.80E-05,-1.04,1.80E-05,-0.9
1.82E-05,-1.02,1.82E-05,-0.86
1.84E-05,-1.02,1.84E-05,-0.88
1.86E-05,-1.02,1.86E-05,-0.9
1.88E-05,-1,1.88E-05,-0.9
1.90E-05,-1.02,1.90E-05,-0.88
1.92E-05,-1.02,1.92E-05,-0.88
1.94E-05,-1.04,1.94E-05,-0.92
1.96E-05,-1.02,1.96E-05,-0.9
1.98E-05,-1.02,1.98E-05,-0.88
2.00E-05,-1.02,2.00E-05,-0.9
2.02E-05,-1.02,2.02E-05,-0.9
2.04E-05,-1.02,2.04E-05,-0.92
2.06E-05,-1,2.06E-05,-0.88
2.08E-05,-1.02,2.08E-05,-0.9
2.10E-05,-1,2.10E-05,-0.92
2.12E-05,-0.98,2.12E-05,-0.94
2.14E-05,-1.02,2.14E-05,-0.9
2.16E-05,-1.02,2.16E-05,-0.92
2.18E-05,-1.02,2.18E-05,-0.92
2.20E-05,-1.04,2.20E-05,-0.92
2.22E-05,-1.04,2.22E-05,-0.9
2.24E-05,-1.04,2.24E-05,-0.9
2.26E-05,-1.02,2.26E-05,-0.92
2.28E-05,-1,2.28E-05,-0.9
2.30E-05,-1.04,2.30E-05,-0.9
2.32E-05,-1,2.32E-05,-0.9
2.34E-05,-1.02,2.34E-05,-0.88
2.36E-05,-1.02,2.36E-05,-0.88
2.38E-05,-1,2.38E-05,-0.88
2.40E-05,-1.02,2.40E-05,-0.9
2.42E-05,-1.02,2.42E-05,-0.88
2.44E-05,-1,2.44E-05,-0.92
2.46E-05,-1.02,2.46E-05,-0.9
2.48E-05,-1.04,2.48E-05,-0.92
2.50E-05,-0.98,2.50E-05,-0.92
2.52E-05,-1.04,2.52E-05,-0.92
2.54E-05,-1.02,2.54E-05,-0.92
2.56E-05,-1.02,2.56E-05,-0.9
2.58E-05,-1.02,2.58E-05,-0.92
2.60E-05,-1.04,2.60E-05,-0.92
2.62E-05,-1.02,2.62E-05,-0.92
2.64E-05,-1.04,2.64E-05,-0.92
2.66E-05,-1.02,2.66E-05,-0.92
2.68E-05,-1.02,2.68E-05,-0.92
2.70E-05,-1.02,2.70E-05,-0.92
2.72E-05,-1.02,2.72E-05,-0.9
2.74E-05,-1,2.74E-05,-0.88
2.76E-05,-1.04,2.76E-05,-0.94
2.78E-05,-1.02,2.78E-05,-0.9
2.80E-05,-1,2.80E-05,-0.92
2.82E-05,-1.02,2.82E-05,-0.92
2.84E-05,-1,2.84E-05,-0.9
2.86E-05,-1.02,2.86E-05,-0.92
2.88E-05,-1.02,2.88E-05,-0.92
2.90E-05,-1,2.90E-05,-0.92
2.92E-05,-1.02,2.92E-05,-0.94
2.94E-05,-1.02,2.94E-05,-0.9
2.96E-05,-1.02,2.96E-05,-0.92
2.98E-05,-1.04,2.98E-05,-0.92
3.00E-05,-1,3.00E-05,-0.92
3.02E-05,-1.04,3.02E-05,-0.92
3.04E-05,-1.02,3.04E-05,-0.92
3.06E-05,-1.02,3.06E-05,-0.92
3.08E-05,-1.04,3.08E-05,-0.9
3.10E-05,-1.02,3.10E-05,-0.92
3.12E-05,-1.04,3.12E-05,-0.94
3.14E-05,-1.02,3.14E-05,-0.92
3.16E-05,-1,3.16E-05,-0.92
3.18E-05,-1,3.18E-05,-0.92
3.20E-05,-1,3.20E-05,-0.92
3.22E-05,-1.02,3.22E-05,-0.92
3.24E-05,-1.02,3.24E-05,-0.92
3.26E-05,-1,3.26E-05,-0.9
3.28E-05,-1.02,3.28E-05,-0.94
3.30E-05,-1,3.30E-05,-0.92
3.32E-05,-1.02,3.32E-05,-0.94
3.34E-05,-1,3.34E-05,-0.92
3.36E-05,-1.02,3.36E-05,-0.92
3.38E-05,-1,3.38E-05,-0.92
3.40E-05,-1.02,3.40E-05,-0.92
3.42E-05,-1.02,3.42E-05,-0.92
3.44E-05,-1.02,3.44E-05,-0.92
3.46E-05,-1,3.46E-05,-0.9
3.48E-05,-1.02,3.48E-05,-0.9
3.50E-05,-1,3.50E-05,-0.92
3.52E-05,-1.02,3.52E-05,-0.92
3.54E-05,-1,3.54E-05,-0.94
3.56E-05,-1.04,3.56E-05,-0.92
3.58E-05,-1,3.58E-05,-0.92
3.60E-05,-1,3.60E-05,-0.94
3.62E-05,-1,3.62E-05,-0.92
3.64E-05,-1,3.64E-05,-0.92
3.66E-05,-1,3.66E-05,-0.92
3.68E-05,-1.02,3.68E-05,-0.92
3.70E-05,-1.02,3.70E-05,-0.94
3.72E-05,-1.02,3.72E-05,-0.9
3.74E-05,-1.02,3.74E-05,-0.94
3.76E-05,-1.02,3.76E-05,-0.92
3.78E-05,-1,3.78E-05,-0.96
3.80E-05,-1.02,3.80E-05,-0.9
3.82E-05,-1,3.82E-05,-0.92
3.84E-05,-1.02,3.84E-05,-0.92
3.86E-05,-1.02,3.86E-05,-0.92
3.88E-05,-1.02,3.88E-05,-0.92
3.90E-05,-1,3.90E-05,-0.92
3.92E-05,-1.04,3.92E-05,-0.92
3.94E-05,-1.02,3.94E-05,-0.94
3.96E-05,-1,3.96E-05,-0.9
3.98E-05,-1.02,3.98E-05,-0.92
4.00E-05,-1,4.00E-05,-0.9
4.02E-05,-1,4.02E-05,-0.92
4.04E-05,-1.02,4.04E-05,-0.92
4.06E-05,-1.02,4.06E-05,-0.92
4.08E-05,-1,4.08E-05,-0.94
4.10E-05,-1.02,4.10E-05,-0.96
4.12E-05,-1.02,4.12E-05,-0.92
4.14E-05,-1.02,4.14E-05,-0.94
4.16E-05,-1.02,4.16E-05,-0.92
4.18E-05,-1,4.18E-05,-0.96
4.20E-05,-1.02,4.20E-05,-0.92
4.22E-05,-1,4.22E-05,-0.92
4.24E-05,-1.02,4.24E-05,-0.94
4.26E-05,-1,4.26E-05,-0.94
4.28E-05,-1.02,4.28E-05,-0.92
4.30E-05,-1.02,4.30E-05,-0.9
4.32E-05,-1.02,4.32E-05,-0.94
4.34E-05,-1.02,4.34E-05,-0.92
4.36E-05,-1,4.36E-05,-0.9
4.38E-05,-1,4.38E-05,-0.94
4.40E-05,-1,4.40E-05,-0.92
4.42E-05,-1.02,4.42E-05,-0.96
4.44E-05,-1.02,4.44E-05,-0.94
4.46E-05,-1,4.46E-05,-0.94
4.48E-05,-1,4.48E-05,-0.94
4.50E-05,-1.02,4.50E-05,-0.92
4.52E-05,-1.02,4.52E-05,-0.94
4.54E-05,1.02,4.54E-05,-0.88
4.56E-05,0.98,4.56E-05,-0.92
4.58E-05,1.02,4.58E-05,-0.92
4.60E-05,1.02,4.60E-05,-0.88
4.62E-05,1.02,4.62E-05,-0.86
4.64E-05,1.02,4.64E-05,-0.82
4.66E-05,1.02,4.66E-05,-0.8
4.68E-05,1.04,4.68E-05,-0.8
4.70E-05,1.02,4.70E-05,-0.78
4.72E-05,1,4.72E-05,-0.76
4.74E-05,1,4.74E-05,-0.76
4.76E-05,1,4.76E-05,-0.72
4.78E-05,1.02,4.78E-05,-0.7
4.80E-05,1,4.80E-05,-0.7
4.82E-05,1.02,4.82E-05,-0.68
4.84E-05,1.02,4.84E-05,-0.66
4.86E-05,1.02,4.86E-05,-0.66
4.88E-05,1.02,4.88E-05,-0.64
4.90E-05,1.04,4.90E-05,-0.62
4.92E-05,1.02,4.92E-05,-0.62
4.94E-05,1.04,4.94E-05,-0.56
4.96E-05,1.02,4.96E-05,-0.58
4.98E-05,1.02,4.98E-05,-0.58
5.00E-05,1.02,5.00E-05,-0.56
5.02E-05,1.02,5.02E-05,-0.54
5.04E-05,1.02,5.04E-05,-0.5
5.06E-05,1,5.06E-05,-0.5
5.08E-05,1,5.08E-05,-0.5
5.10E-05,1.02,5.10E-05,-0.48
5.12E-05,1.02,5.12E-05,-0.46
5.14E-05,0.98,5.14E-05,-0.46
5.16E-05,1.02,5.16E-05,-0.44
5.18E-05,1.02,5.18E-05,-0.42
5.20E-05,1.02,5.20E-05,-0.4
5.22E-05,1.02,5.22E-05,-0.38
5.24E-05,1.02,5.24E-05,-0.4
5.26E-05,1.04,5.26E-05,-0.36
5.28E-05,1.02,5.28E-05,-0.36
5.30E-05,1,5.30E-05,-0.34
5.32E-05,1,5.32E-05,-0.32
5.34E-05,1.02,5.34E-05,-0.34
5.36E-05,1.04,5.36E-05,-0.3
5.38E-05,1,5.38E-05,-0.28
5.40E-05,1,5.40E-05,-0.26
5.42E-05,1.04,5.42E-05,-0.3
5.44E-05,1.04,5.44E-05,-0.24
5.46E-05,0.98,5.46E-05,-0.24
5.48E-05,1.02,5.48E-05,-0.22
5.50E-05,1.02,5.50E-05,-0.22
5.52E-05,1.04,5.52E-05,-0.2
5.54E-05,1.02,5.54E-05,-0.2
5.56E-05,1.02,5.56E-05,-0.18
5.58E-05,1.02,5.58E-05,-0.18
5.60E-05,1.02,5.60E-05,-0.18
5.62E-05,1,5.62E-05,-0.14
5.64E-05,1.02,5.64E-05,-0.14
5.66E-05,1.02,5.66E-05,-0.14
5.68E-05,1.04,5.68E-05,-0.14
5.70E-05,1,5.70E-05,-0.12
5.72E-05,1.04,5.72E-05,-0.1
5.74E-05,1.04,5.74E-05,-0.12
5.76E-05,1.04,5.76E-05,-0.08
5.78E-05,1.02,5.78E-05,-0.06
5.80E-05,1,5.80E-05,-0.08
5.82E-05,1.04,5.82E-05,-0.06
5.84E-05,1.04,5.84E-05,-0.06
5.86E-05,1,5.86E-05,-0.02
5.88E-05,1,5.88E-05,-0.02
5.90E-05,1.02,5.90E-05,0
5.92E-05,1.04,5.92E-05,-0.02
5.94E-05,1.04,5.94E-05,-0.02
5.96E-05,1,5.96E-05,0
5.98E-05,1.04,5.98E-05,0.02
6.00E-05,1.04,6.00E-05,0.04
6.02E-05,1.02,6.02E-05,0.04
6.04E-05,1.02,6.04E-05,0.04
6.06E-05,1.02,6.06E-05,0.04
6.08E-05,1.02,6.08E-05,0.06
6.10E-05,1.04,6.10E-05,0.1
6.12E-05,1,6.12E-05,0.08
6.14E-05,1,6.14E-05,0.06
6.16E-05,1.04,6.16E-05,0.12
6.18E-05,1.02,6.18E-05,0.1
6.20E-05,1.02,6.20E-05,0.12
6.22E-05,1.04,6.22E-05,0.12
6.24E-05,1.04,6.24E-05,0.12
6.26E-05,1.02,6.26E-05,0.12
6.28E-05,1.04,6.28E-05,0.16
6.30E-05,1,6.30E-05,0.14
6.32E-05,1.04,6.32E-05,0.16
6.34E-05,1.02,6.34E-05,0.16
6.36E-05,1.02,6.36E-05,0.16
6.38E-05,1.02,6.38E-05,0.16
6.40E-05,1.02,6.40E-05,0.16
6.42E-05,1.02,6.42E-05,0.2
6.44E-05,1.04,6.44E-05,0.2
6.46E-05,1.02,6.46E-05,0.2
6.48E-05,1.04,6.48E-05,0.22
6.50E-05,1.04,6.50E-05,0.24
6.52E-05,1.02,6.52E-05,0.24
6.54E-05,1.04,6.54E-05,0.26
6.56E-05,1.04,6.56E-05,0.24
6.58E-05,1.04,6.58E-05,0.22
6.60E-05,1.04,6.60E-05,0.28
6.62E-05,1.02,6.62E-05,0.28
6.64E-05,1.04,6.64E-05,0.28
6.66E-05,1.04,6.66E-05,0.28
6.68E-05,1.04,6.68E-05,0.28
6.70E-05,1.04,6.70E-05,0.3
6.72E-05,1.02,6.72E-05,0.3
6.74E-05,1.02,6.74E-05,0.3
6.76E-05,1.02,6.76E-05,0.3
6.78E-05,1.02,6.78E-05,0.3
6.80E-05,1.02,6.80E-05,0.32
6.82E-05,1.02,6.82E-05,0.3
6.84E-05,1,6.84E-05,0.3
6.86E-05,1.06,6.86E-05,0.32
6.88E-05,1.04,6.88E-05,0.34
6.90E-05,1.04,6.90E-05,0.36
6.92E-05,1.04,6.92E-05,0.36
6.94E-05,1.02,6.94E-05,0.36
6.96E-05,1.02,6.96E-05,0.34
6.98E-05,1.02,6.98E-05,0.36
7.00E-05,1.02,7.00E-05,0.38
7.02E-05,1.04,7.02E-05,0.4
7.04E-05,1,7.04E-05,0.4
7.06E-05,1.02,7.06E-05,0.4
7.08E-05,1.02,7.08E-05,0.38
7.10E-05,1.04,7.10E-05,0.4
7.12E-05,1.02,7.12E-05,0.4
7.14E-05,1.02,7.14E-05,0.38
7.16E-05,1.02,7.16E-05,0.44
7.18E-05,1.02,7.18E-05,0.42
7.20E-05,1.02,7.20E-05,0.42
7.22E-05,1.02,7.22E-05,0.44
7.24E-05,1.04,7.24E-05,0.42
7.26E-05,1.02,7.26E-05,0.42
7.28E-05,1.02,7.28E-05,0.44
7.30E-05,1.06,7.30E-05,0.44
7.32E-05,1.02,7.32E-05,0.42
7.34E-05,1.04,7.34E-05,0.48
7.36E-05,1.02,7.36E-05,0.48
7.38E-05,1,7.38E-05,0.44
7.40E-05,1.04,7.40E-05,0.48
7.42E-05,1.04,7.42E-05,0.48
7.44E-05,1.02,7.44E-05,0.48
7.46E-05,1.02,7.46E-05,0.48
7.48E-05,1.02,7.48E-05,0.48
7.50E-05,1.04,7.50E-05,0.5
7.52E-05,1.02,7.52E-05,0.5
7.54E-05,1.02,7.54E-05,0.52
7.56E-05,1.02,7.56E-05,0.5
7.58E-05,1,7.58E-05,0.5
7.60E-05,1.02,7.60E-05,0.52
7.62E-05,1.02,7.62E-05,0.5
7.64E-05,1.02,7.64E-05,0.5
7.66E-05,1.04,7.66E-05,0.56
7.68E-05,1,7.68E-05,0.54
7.70E-05,1.02,7.70E-05,0.56
7.72E-05,1.04,7.72E-05,0.54
7.74E-05,1.04,7.74E-05,0.52
7.76E-05,1.02,7.76E-05,0.58
7.78E-05,1.02,7.78E-05,0.52
7.80E-05,1.02,7.80E-05,0.56
7.82E-05,1.04,7.82E-05,0.54
7.84E-05,1.02,7.84E-05,0.58
7.86E-05,1.02,7.86E-05,0.58
7.88E-05,1,7.88E-05,0.56
7.90E-05,1.06,7.90E-05,0.56
7.92E-05,1.02,7.92E-05,0.56
7.94E-05,1,7.94E-05,0.6
7.96E-05,1.04,7.96E-05,0.58
7.98E-05,1.04,7.98E-05,0.6
8.00E-05,1.02,8.00E-05,0.62
8.02E-05,1.04,8.02E-05,0.6
8.04E-05,1.04,8.04E-05,0.6
8.06E-05,1.04,8.06E-05,0.6
8.08E-05,1.04,8.08E-05,0.6
8.10E-05,1.02,8.10E-05,0.6
8.12E-05,1.02,8.12E-05,0.62
8.14E-05,1.02,8.14E-05,0.64
8.16E-05,1.02,8.16E-05,0.62
8.18E-05,1.02,8.18E-05,0.62
8.20E-05,1.02,8.20E-05,0.62
8.22E-05,1,8.22E-05,0.62
8.24E-05,1.04,8.24E-05,0.64
8.26E-05,1,8.26E-05,0.66
8.28E-05,1.02,8.28E-05,0.62
8.30E-05,1.04,8.30E-05,0.62
8.32E-05,1.02,8.32E-05,0.64
8.34E-05,1.04,8.34E-05,0.68
8.36E-05,1.02,8.36E-05,0.66
8.38E-05,1.04,8.38E-05,0.64
8.40E-05,1.02,8.40E-05,0.66
8.42E-05,1.02,8.42E-05,0.64
8.44E-05,1.02,8.44E-05,0.64
8.46E-05,1.04,8.46E-05,0.66
8.48E-05,1.06,8.48E-05,0.68
8.50E-05,1.02,8.50E-05,0.66
8.52E-05,1.04,8.52E-05,0.68
8.54E-05,1.04,8.54E-05,0.68
8.56E-05,1.04,8.56E-05,0.66
8.58E-05,1.04,8.58E-05,0.66
8.60E-05,1.02,8.60E-05,0.68
8.62E-05,1.04,8.62E-05,0.7
8.64E-05,1.06,8.64E-05,0.68
8.66E-05,1.02,8.66E-05,0.68
8.68E-05,1.02,8.68E-05,0.7
8.70E-05,1.02,8.70E-05,0.68
8.72E-05,1,8.72E-05,0.7
8.74E-05,1.04,8.74E-05,0.72
8.76E-05,1.02,8.76E-05,0.7
8.78E-05,1.02,8.78E-05,0.7
8.80E-05,1.02,8.80E-05,0.7
8.82E-05,1.04,8.82E-05,0.7
8.84E-05,1.04,8.84E-05,0.72
8.86E-05,1.04,8.86E-05,0.7
8.88E-05,1.02,8.88E-05,0.7
8.90E-05,1.04,8.90E-05,0.7
8.92E-05,1.02,8.92E-05,0.72
8.94E-05,1.02,8.94E-05,0.72
8.96E-05,1.02,8.96E-05,0.74
8.98E-05,1.06,8.98E-05,0.72
9.00E-05,1.04,9.00E-05,0.72
9.02E-05,1.04,9.02E-05,0.72
9.04E-05,1.02,9.04E-05,0.72
9.06E-05,1.02,9.06E-05,0.72
9.08E-05,1.02,9.08E-05,0.74
9.10E-05,1,9.10E-05,0.74
9.12E-05,1.04,9.12E-05,0.72
9.14E-05,1.04,9.14E-05,0.76
9.16E-05,1.04,9.16E-05,0.74
9.18E-05,1.02,9.18E-05,0.74
9.20E-05,1.04,9.20E-05,0.74
9.22E-05,1.04,9.22E-05,0.76
9.24E-05,1.02,9.24E-05,0.74
9.26E-05,1,9.26E-05,0.76
9.28E-05,1,9.28E-05,0.74
9.30E-05,1,9.30E-05,0.74
9.32E-05,1.06,9.32E-05,0.78
9.34E-05,1.02,9.34E-05,0.76
9.36E-05,1.02,9.36E-05,0.76
9.38E-05,1.04,9.38E-05,0.78
9.40E-05,1.06,9.40E-05,0.78
9.42E-05,1.02,9.42E-05,0.76
9.44E-05,1.04,9.44E-05,0.78
9.46E-05,1.04,9.46E-05,0.78
9.48E-05,1.04,9.48E-05,0.76
9.50E-05,1.02,9.50E-05,0.78
9.52E-05,1.02,9.52E-05,0.8
9.54E-05,1.04,9.54E-05,0.78
9.56E-05,1.02,9.56E-05,0.78
9.58E-05,1.04,9.58E-05,0.78
9.60E-05,1.02,9.60E-05,0.78
9.62E-05,1.02,9.62E-05,0.8
9.64E-05,1.02,9.64E-05,0.78
9.66E-05,1.02,9.66E-05,0.8
9.68E-05,1.04,9.68E-05,0.78
9.70E-05,1.02,9.70E-05,0.78
9.72E-05,1.04,9.72E-05,0.78
9.74E-05,1.04,9.74E-05,0.78
9.76E-05,1.04,9.76E-05,0.78
9.78E-05,1.04,9.78E-05,0.8
9.80E-05,1.06,9.80E-05,0.78
9.82E-05,1.02,9.82E-05,0.78
9.84E-05,1.02,9.84E-05,0.8
9.86E-05,1.02,9.86E-05,0.82
9.88E-05,1.06,9.88E-05,0.82
9.90E-05,1.04,9.90E-05,0.84
9.92E-05,1.02,9.92E-05,0.8
9.94E-05,1.04,9.94E-05,0.8
9.96E-05,1.02,9.96E-05,0.82
9.98E-05,1.04,9.98E-05,0.8
0.0001,1.02,0.0001,0.82
0.0001,1.02,0.0001,0.8
0.0001,1.04,0.0001,0.8
0.000101,1.04,0.000101,0.8
0.000101,1.02,0.000101,0.82
0.000101,1.02,0.000101,0.82
0.000101,1.02,0.000101,0.82
0.000101,1.04,0.000101,0.84
0.000102,1.02,0.000102,0.84
0.000102,1.02,0.000102,0.82
0.000102,1,0.000102,0.8
0.000102,1.02,0.000102,0.84
0.000102,1.02,0.000102,0.82
0.000103,1.02,0.000103,0.82
0.000103,1.02,0.000103,0.84
0.000103,1.04,0.000103,0.84
0.000103,1.04,0.000103,0.84
0.000103,1.02,0.000103,0.84
0.000104,1.04,0.000104,0.82
0.000104,1.04,0.000104,0.82
0.000104,1.04,0.000104,0.82
0.000104,1.02,0.000104,0.82
0.000104,1.04,0.000104,0.84
0.000105,1.04,0.000105,0.84
0.000105,1.04,0.000105,0.84
0.000105,1.02,0.000105,0.86
0.000105,1.02,0.000105,0.84
0.000105,1.04,0.000105,0.84
0.000106,1.04,0.000106,0.84
0.000106,1.02,0.000106,0.84
0.000106,1.04,0.000106,0.86
0.000106,1.02,0.000106,0.84
0.000106,1.04,0.000106,0.86
0.000107,1.02,0.000107,0.86
0.000107,1.02,0.000107,0.86
0.000107,1.02,0.000107,0.84
0.000107,1.02,0.000107,0.84
0.000107,1,0.000107,0.82
0.000108,1.02,0.000108,0.88
0.000108,1.02,0.000108,0.84
0.000108,1.04,0.000108,0.86
0.000108,1.04,0.000108,0.82
0.000108,1.04,0.000108,0.84
0.000109,1.02,0.000109,0.84
0.000109,1.06,0.000109,0.84
0.000109,1.02,0.000109,0.84
0.000109,1.02,0.000109,0.86
0.000109,1.04,0.000109,0.86
0.00011,1.02,0.00011,0.86
0.00011,1.04,0.00011,0.84
0.00011,1.02,0.00011,0.86
0.00011,1.02,0.00011,0.84
0.00011,1.04,0.00011,0.84
0.000111,1.02,0.000111,0.84
0.000111,1.02,0.000111,0.86
0.000111,1.04,0.000111,0.86
0.000111,1.02,0.000111,0.86
0.000111,1.04,0.000111,0.86
0.000112,1,0.000112,0.86
0.000112,1.02,0.000112,0.86
0.000112,1.04,0.000112,0.84
0.000112,1.04,0.000112,0.88
0.000112,1.04,0.000112,0.88
0.000113,1.06,0.000113,0.86
0.000113,1.02,0.000113,0.82
0.000113,1.04,0.000113,0.86
0.000113,1.02,0.000113,0.88
0.000113,1.04,0.000113,0.86
0.000114,1.04,0.000114,0.86
0.000114,1.06,0.000114,0.86
0.000114,1.04,0.000114,0.86
0.000114,1.02,0.000114,0.86
0.000114,1.02,0.000114,0.88
0.000115,1.04,0.000115,0.88
0.000115,1.02,0.000115,0.88
0.000115,1.02,0.000115,0.86
0.000115,1.02,0.000115,0.86
0.000115,1.02,0.000115,0.86
0.000116,1.02,0.000116,0.88
0.000116,1.02,0.000116,0.88
0.000116,1.04,0.000116,0.88
0.000116,1,0.000116,0.88
0.000116,1.04,0.000116,0.88
0.000117,1.02,0.000117,0.9
0.000117,1,0.000117,0.88
0.000117,1.02,0.000117,0.88
0.000117,1.04,0.000117,0.9
0.000117,1.02,0.000117,0.88
0.000118,1.02,0.000118,0.86
0.000118,1.04,0.000118,0.88
0.000118,1.02,0.000118,0.9
0.000118,1.02,0.000118,0.9
0.000118,1.02,0.000118,0.9
0.000119,1.04,0.000119,0.88
0.000119,1.02,0.000119,0.88
0.000119,1.02,0.000119,0.9
0.000119,1.04,0.000119,0.88
0.000119,1.02,0.000119,0.88
0.00012,1.02,0.00012,0.88
0.00012,1,0.00012,0.9
0.00012,1.04,0.00012,0.9
0.00012,1.04,0.00012,0.86
0.00012,1,0.00012,0.9
0.000121,1,0.000121,0.92
0.000121,1.02,0.000121,0.88
0.000121,1.04,0.000121,0.88
0.000121,1.04,0.000121,0.9
0.000121,1.04,0.000121,0.88
0.000122,1.02,0.000122,0.9
0.000122,1.04,0.000122,0.9
0.000122,1.02,0.000122,0.88
0.000122,1.02,0.000122,0.9
0.000122,1.02,0.000122,0.9
0.000123,1.02,0.000123,0.9
0.000123,1.04,0.000123,0.88
0.000123,1.04,0.000123,0.88
0.000123,1,0.000123,0.92
0.000123,1.06,0.000123,0.86
0.000124,1.04,0.000124,0.9
0.000124,1.04,0.000124,0.9
0.000124,1.02,0.000124,0.9
0.000124,1.04,0.000124,0.9
0.000124,1.02,0.000124,0.9
0.000125,1.04,0.000125,0.92
0.000125,1.04,0.000125,0.88
0.000125,1.02,0.000125,0.9
0.000125,1.04,0.000125,0.92
0.000125,1,0.000125,0.9
0.000126,1.02,0.000126,0.94
0.000126,1.04,0.000126,0.9
0.000126,1.04,0.000126,0.9
0.000126,1.04,0.000126,0.9
0.000126,1.02,0.000126,0.9
0.000127,1.02,0.000127,0.9
0.000127,1.04,0.000127,0.92
0.000127,1.04,0.000127,0.9
0.000127,1.02,0.000127,0.9
0.000127,1.04,0.000127,0.92
0.000128,1,0.000128,0.9
0.000128,1.04,0.000128,0.92
0.000128,1.04,0.000128,0.9
0.000128,1.02,0.000128,0.9
0.000128,1.04,0.000128,0.92
0.000129,1.04,0.000129,0.9
0.000129,1.04,0.000129,0.92
0.000129,1.02,0.000129,0.9
0.000129,1.04,0.000129,0.92
0.000129,1.04,0.000129,0.92
0.00013,1.02,0.00013,0.9
0.00013,1.04,0.00013,0.92
0.00013,1.02,0.00013,0.9
0.00013,1.02,0.00013,0.92
0.00013,1,0.00013,0.9
0.000131,1,0.000131,0.9
0.000131,1.02,0.000131,0.92
0.000131,1.02,0.000131,0.94
0.000131,1.04,0.000131,0.9
0.000131,1.02,0.000131,0.92
0.000132,1.02,0.000132,0.94
0.000132,1.04,0.000132,0.92
0.000132,1.02,0.000132,0.9
0.000132,1,0.000132,0.94
0.000132,1.02,0.000132,0.92
0.000133,1.02,0.000133,0.9
0.000133,1.04,0.000133,0.9
0.000133,1.02,0.000133,0.92
0.000133,1.02,0.000133,0.92
0.000133,1.02,0.000133,0.92
0.000134,1.04,0.000134,0.92
0.000134,1.02,0.000134,0.92
0.000134,1.02,0.000134,0.88
0.000134,1,0.000134,0.9
0.000134,1.02,0.000134,0.92
0.000135,1.02,0.000135,0.92
0.000135,1.02,0.000135,0.92
0.000135,1.02,0.000135,0.9
0.000135,1.04,0.000135,0.9
0.000135,1,0.000135,0.92
0.000136,1.02,0.000136,0.9
0.000136,1,0.000136,0.92
0.000136,1,0.000136,0.9
0.000136,1,0.000136,0.92
0.000136,1,0.000136,0.92
0.000137,1.04,0.000137,0.9
0.000137,1.02,0.000137,0.92
0.000137,1,0.000137,0.92
0.000137,1,0.000137,0.92
0.000137,1.02,0.000137,0.9
0.000138,1.02,0.000138,0.9
0.000138,1,0.000138,0.92
0.000138,1.02,0.000138,0.9
0.000138,1.02,0.000138,0.92
0.000138,1.02,0.000138,0.9
0.000139,1.02,0.000139,0.94
0.000139,1,0.000139,0.9
0.000139,1.04,0.000139,0.92
0.000139,1.04,0.000139,0.92
0.000139,1.02,0.000139,0.9
0.00014,1.02,0.00014,0.92
0.00014,1.02,0.00014,0.9
0.00014,1.04,0.00014,0.94
0.00014,1.04,0.00014,0.92
0.00014,1.02,0.00014,0.88
0.000141,1.02,0.000141,0.92
0.000141,1.04,0.000141,0.92
0.000141,1.02,0.000141,0.9
0.000141,0.98,0.000141,0.9
0.000141,1.02,0.000141,0.9
0.000142,1.02,0.000142,0.9
0.000142,1.02,0.000142,0.92
0.000142,1.02,0.000142,0.92
0.000142,1,0.000142,0.9
0.000142,1.04,0.000142,0.92
0.000143,1.04,0.000143,0.92
0.000143,1.02,0.000143,0.94
0.000143,1.02,0.000143,0.92
0.000143,1.02,0.000143,0.9
0.000143,1.02,0.000143,0.92
0.000144,1,0.000144,0.9
0.000144,1.02,0.000144,0.92
0.000144,1.04,0.000144,0.92
0.000144,1.04,0.000144,0.92
0.000144,1.04,0.000144,0.92
0.000145,1,0.000145,0.9
0.000145,1.02,0.000145,0.9
0.000145,1.02,0.000145,0.94
0.000145,1,0.000145,0.9
0.000145,-1.04,0.000145,0.88
0.000146,-1.02,0.000146,0.9
0.000146,-1.02,0.000146,0.88
0.000146,-1.02,0.000146,0.86
0.000146,-1,0.000146,0.84
0.000146,-0.98,0.000146,0.8
0.000147,-1,0.000147,0.82
0.000147,-1.02,0.000147,0.78
0.000147,-1,0.000147,0.74
0.000147,-1,0.000147,0.74
0.000147,-1,0.000147,0.72
0.000148,-1,0.000148,0.72
0.000148,-0.98,0.000148,0.72
0.000148,-1.02,0.000148,0.68
0.000148,-1.02,0.000148,0.66
0.000148,-0.98,0.000148,0.66
0.000149,-1.02,0.000149,0.66
0.000149,-1.02,0.000149,0.62
0.000149,-1.02,0.000149,0.6
0.000149,-1,0.000149,0.58
0.000149,-1.02,0.000149,0.58
0.00015,-1.02,0.00015,0.58
0.00015,-1,0.00015,0.54
0.00015,-1.04,0.00015,0.52
0.00015,-1,0.00015,0.52
0.00015,-0.98,0.00015,0.5
0.000151,-1,0.000151,0.48
0.000151,-1.02,0.000151,0.48
0.000151,-0.98,0.000151,0.44
0.000151,-0.98,0.000151,0.44
0.000151,-1,0.000151,0.44
0.000152,-1.02,0.000152,0.44
0.000152,-1,0.000152,0.38
0.000152,-1,0.000152,0.4
0.000152,-1,0.000152,0.38
0.000152,-1,0.000152,0.34
0.000153,-1,0.000153,0.34
0.000153,-1,0.000153,0.34
0.000153,-1,0.000153,0.32
0.000153,-1.02,0.000153,0.3
0.000153,-1,0.000153,0.3
0.000154,-1,0.000154,0.28
0.000154,-1,0.000154,0.3
0.000154,-1.02,0.000154,0.26
0.000154,-1,0.000154,0.26
0.000154,-1,0.000154,0.24
0.000155,-1.02,0.000155,0.24
0.000155,-1,0.000155,0.22
0.000155,-1.02,0.000155,0.2
0.000155,-1.04,0.000155,0.2
0.000155,-1.02,0.000155,0.2
0.000156,-1.02,0.000156,0.18
0.000156,-1,0.000156,0.16
0.000156,-1.02,0.000156,0.14
0.000156,-1,0.000156,0.14
0.000156,-1.02,0.000156,0.12
0.000157,-1,0.000157,0.12
0.000157,-1,0.000157,0.12
0.000157,-1.02,0.000157,0.1
0.000157,-1,0.000157,0.1
0.000157,-1.02,0.000157,0.08
0.000158,-1.02,0.000158,0.06
0.000158,-1.02,0.000158,0.06
0.000158,-1,0.000158,0.04
0.000158,-1,0.000158,0.06
0.000158,-1,0.000158,0.04
0.000159,-1,0.000159,0.02
0.000159,-1,0.000159,0
0.000159,-1.02,0.000159,0.02
0.000159,-0.98,0.000159,0
0.000159,-1.02,0.000159,0
0.00016,-1,0.00016,-0.02
0.00016,-1.02,0.00016,-0.06
0.00016,-1,0.00016,-0.02
0.00016,-1.02,0.00016,-0.06
0.00016,-1,0.00016,-0.04
0.000161,-1,0.000161,-0.06
0.000161,-1,0.000161,-0.08
0.000161,-1,0.000161,-0.1
0.000161,-1.02,0.000161,-0.1
0.000161,-1.04,0.000161,-0.12
0.000162,-0.98,0.000162,-0.12
0.000162,-1,0.000162,-0.12
0.000162,-1.02,0.000162,-0.14
0.000162,-1.02,0.000162,-0.14
0.000162,-1,0.000162,-0.12
0.000163,-1,0.000163,-0.14
0.000163,-1.02,0.000163,-0.16
0.000163,-1,0.000163,-0.18
0.000163,-1,0.000163,-0.14
0.000163,-1.02,0.000163,-0.18
0.000164,-1.02,0.000164,-0.18
0.000164,-1,0.000164,-0.2
0.000164,-1.02,0.000164,-0.22
0.000164,-1.02,0.000164,-0.22
0.000164,-1.02,0.000164,-0.22
0.000165,-1.04,0.000165,-0.22
0.000165,-1.02,0.000165,-0.22
0.000165,-1,0.000165,-0.26
0.000165,-1.02,0.000165,-0.26
0.000165,-1,0.000165,-0.24
0.000166,-1.04,0.000166,-0.26
0.000166,-1,0.000166,-0.26
0.000166,-1,0.000166,-0.26
0.000166,-1.04,0.000166,-0.3
0.000166,-1,0.000166,-0.28
0.000167,-1,0.000167,-0.3
0.000167,-1.02,0.000167,-0.3
0.000167,-1,0.000167,-0.3
0.000167,-1.02,0.000167,-0.32
0.000167,-1,0.000167,-0.3
0.000168,-0.98,0.000168,-0.32
0.000168,-1,0.000168,-0.34
0.000168,-1.02,0.000168,-0.34
0.000168,-1.04,0.000168,-0.36
0.000168,-1,0.000168,-0.38
0.000169,-1.02,0.000169,-0.38
0.000169,-1.02,0.000169,-0.38
0.000169,-1.02,0.000169,-0.34
0.000169,-1.02,0.000169,-0.36
0.000169,-1.02,0.000169,-0.38
0.00017,-1.02,0.00017,-0.38
0.00017,-1.02,0.00017,-0.38
0.00017,-1.02,0.00017,-0.4
0.00017,-1.04,0.00017,-0.4
0.00017,-1,0.00017,-0.42
0.000171,-1.02,0.000171,-0.42
0.000171,-1.02,0.000171,-0.42
0.000171,-1.02,0.000171,-0.4
0.000171,-1,0.000171,-0.42
0.000171,-1.02,0.000171,-0.42
0.000172,-1.02,0.000172,-0.44
0.000172,-1,0.000172,-0.44
0.000172,-0.98,0.000172,-0.44
0.000172,-1,0.000172,-0.48
0.000172,-1,0.000172,-0.46
0.000173,-1.04,0.000173,-0.46
0.000173,-1,0.000173,-0.44
0.000173,-1,0.000173,-0.48
0.000173,-1.02,0.000173,-0.46
0.000173,-1.02,0.000173,-0.48
0.000174,-1.02,0.000174,-0.5
0.000174,-1.02,0.000174,-0.48
0.000174,-1.02,0.000174,-0.46
0.000174,-1.02,0.000174,-0.52
0.000174,-1.02,0.000174,-0.52
0.000175,-1.02,0.000175,-0.52
0.000175,-1,0.000175,-0.5
0.000175,-1.02,0.000175,-0.52
0.000175,-1.02,0.000175,-0.52
0.000175,-1.02,0.000175,-0.52
0.000176,-1,0.000176,-0.54
0.000176,-1.02,0.000176,-0.54
0.000176,-1,0.000176,-0.54
0.000176,-1.02,0.000176,-0.56
0.000176,-1.02,0.000176,-0.54
0.000177,-1.02,0.000177,-0.54
0.000177,-1.02,0.000177,-0.54
0.000177,-1.02,0.000177,-0.56
0.000177,-1.02,0.000177,-0.56
0.000177,-1,0.000177,-0.56
0.000178,-1.02,0.000178,-0.56
0.000178,-1.02,0.000178,-0.54
0.000178,-1.02,0.000178,-0.58
0.000178,-1,0.000178,-0.56
0.000178,-1.02,0.000178,-0.58
0.000179,-1.02,0.000179,-0.58
0.000179,-1.04,0.000179,-0.6
0.000179,-1.02,0.000179,-0.58
0.000179,-1.02,0.000179,-0.6
0.000179,-1,0.000179,-0.64
0.00018,-1.02,0.00018,-0.6
0.00018,-1,0.00018,-0.6
0.00018,-1.02,0.00018,-0.6
0.00018,-1,0.00018,-0.6
0.00018,-1.02,0.00018,-0.62
0.000181,-1.02,0.000181,-0.62
0.000181,-1,0.000181,-0.62
0.000181,-1.02,0.000181,-0.62
0.000181,-1.02,0.000181,-0.64
0.000181,-1.02,0.000181,-0.62
0.000182,-1.04,0.000182,-0.62
0.000182,-1.04,0.000182,-0.62
0.000182,-1.02,0.000182,-0.62
0.000182,-1.02,0.000182,-0.64
0.000182,-1.04,0.000182,-0.66
0.000183,-1.02,0.000183,-0.66
0.000183,-1,0.000183,-0.66
0.000183,-1,0.000183,-0.64
0.000183,-1.02,0.000183,-0.66
0.000183,-1.02,0.000183,-0.66
0.000184,-1,0.000184,-0.66
0.000184,-1.02,0.000184,-0.66
0.000184,-1.04,0.000184,-0.66
0.000184,-1.02,0.000184,-0.66
0.000184,-1.02,0.000184,-0.68
0.000185,-1.02,0.000185,-0.68
0.000185,-1.02,0.000185,-0.68
0.000185,-1.04,0.000185,-0.7
0.000185,-1,0.000185,-0.7
0.000185,-1.02,0.000185,-0.7
0.000186,-1.02,0.000186,-0.68
0.000186,-1.02,0.000186,-0.68
0.000186,-1.02,0.000186,-0.68
0.000186,-1.04,0.000186,-0.7
0.000186,-1,0.000186,-0.7
0.000187,-1.02,0.000187,-0.7
0.000187,-1.02,0.000187,-0.72
0.000187,-1,0.000187,-0.72
0.000187,-1.02,0.000187,-0.7
0.000187,-1,0.000187,-0.7
0.000188,-1,0.000188,-0.72
0.000188,-1,0.000188,-0.72
0.000188,-1.04,0.000188,-0.74
0.000188,-1.02,0.000188,-0.72
0.000188,-1.02,0.000188,-0.72
0.000189,-1.02,0.000189,-0.74
0.000189,-1.02,0.000189,-0.72
0.000189,-1.02,0.000189,-0.74
0.000189,-1.04,0.000189,-0.72
0.000189,-1,0.000189,-0.72
0.00019,-1.06,0.00019,-0.72
0.00019,-1.02,0.00019,-0.76
0.00019,-1.02,0.00019,-0.72
0.00019,-1.02,0.00019,-0.74
0.00019,-1.02,0.00019,-0.76
0.000191,-1,0.000191,-0.76
0.000191,-1,0.000191,-0.76
0.000191,-1,0.000191,-0.74
0.000191,-1,0.000191,-0.74
0.000191,-1.02,0.000191,-0.74
0.000192,-1.04,0.000192,-0.76
0.000192,-1,0.000192,-0.76
0.000192,-1.04,0.000192,-0.76
0.000192,-1.02,0.000192,-0.74
0.000192,-1.04,0.000192,-0.78
0.000193,-1.04,0.000193,-0.76
0.000193,-1.04,0.000193,-0.74
0.000193,-1.02,0.000193,-0.74
0.000193,-1,0.000193,-0.78
0.000193,-1.02,0.000193,-0.78
0.000194,-1,0.000194,-0.78
0.000194,-1.02,0.000194,-0.76
0.000194,-1.02,0.000194,-0.8
0.000194,-1.02,0.000194,-0.76
0.000194,-1.02,0.000194,-0.8
0.000195,-1.02,0.000195,-0.78
0.000195,-1.02,0.000195,-0.76
0.000195,-1.02,0.000195,-0.82
0.000195,-1,0.000195,-0.78
0.000195,-1,0.000195,-0.78
0.000196,-1,0.000196,-0.8
0.000196,-1,0.000196,-0.78
0.000196,-1,0.000196,-0.8
0.000196,-1.02,0.000196,-0.78
0.000196,-1.02,0.000196,-0.78
0.000197,-1.02,0.000197,-0.78
0.000197,-1,0.000197,-0.8
0.000197,-1.02,0.000197,-0.8
0.000197,-1.02,0.000197,-0.78
0.000197,-1,0.000197,-0.8
0.000198,-1.02,0.000198,-0.78
0.000198,-1.02,0.000198,-0.8
0.000198,-1.02,0.000198,-0.8
0.000198,-1,0.000198,-0.8
0.000198,-1,0.000198,-0.78
0.000199,-1,0.000199,-0.78
0.000199,-1.04,0.000199,-0.8
0.000199,-1.02,0.000199,-0.8
0.000199,-1.02,0.000199,-0.82
0.000199,-1.02,0.000199,-0.84
0.0002,-1.02,0.0002,-0.82
0.0002,-1.02,0.0002,-0.82
0.0002,-1.02,0.0002,-0.82
0.0002,-1.02,0.0002,-0.84
0.0002,-1,0.0002,-0.82
0.000201,-1.04,0.000201,-0.84
0.000201,-1.02,0.000201,-0.84
0.000201,-1,0.000201,-0.82
0.000201,-1.04,0.000201,-0.82
0.000201,-1.02,0.000201,-0.84
0.000202,-1.04,0.000202,-0.82
0.000202,-1.02,0.000202,-0.84
0.000202,-1.02,0.000202,-0.84
0.000202,-1.04,0.000202,-0.84
0.000202,-1.02,0.000202,-0.82
0.000203,-1,0.000203,-0.86
0.000203,-1.02,0.000203,-0.82
0.000203,-1,0.000203,-0.84
0.000203,-1,0.000203,-0.84
0.000203,-1,0.000203,-0.84
0.000204,-1.02,0.000204,-0.84
0.000204,-1.02,0.000204,-0.82
0.000204,-1.02,0.000204,-0.84
0.000204,-1.02,0.000204,-0.88
0.000204,-1.04,0.000204,-0.84
0.000205,-1.02,0.000205,-0.84
0.000205,-1.02,0.000205,-0.84
0.000205,-1.04,0.000205,-0.84
0.000205,-1.02,0.000205,-0.86
0.000205,-1,0.000205,-0.86
0.000206,-1,0.000206,-0.82
0.000206,-1.04,0.000206,-0.88
0.000206,-1.02,0.000206,-0.84
0.000206,-1.02,0.000206,-0.84
0.000206,-1,0.000206,-0.86
0.000207,-1.04,0.000207,-0.84
0.000207,-1.02,0.000207,-0.84
0.000207,-1.02,0.000207,-0.86
0.000207,-1,0.000207,-0.88
0.000207,-1.02,0.000207,-0.84
0.000208,-1.02,0.000208,-0.88
0.000208,-1.04,0.000208,-0.86
0.000208,-1.02,0.000208,-0.86
0.000208,-1.02,0.000208,-0.86
0.000208,-1.04,0.000208,-0.86
0.000209,-1.04,0.000209,-0.86
0.000209,-1.02,0.000209,-0.84
0.000209,-1.04,0.000209,-0.86
0.000209,-1.02,0.000209,-0.84
0.000209,-1.02,0.000209,-0.86
0.00021,-1.02,0.00021,-0.86
0.00021,-1,0.00021,-0.84
0.00021,-1.02,0.00021,-0.86
0.00021,-1.02,0.00021,-0.86
0.00021,-0.98,0.00021,-0.86
0.000211,-1.02,0.000211,-0.88
0.000211,-1.02,0.000211,-0.88
0.000211,-1.04,0.000211,-0.88
0.000211,-1.02,0.000211,-0.88
0.000211,-1,0.000211,-0.88
0.000212,-1.02,0.000212,-0.88
0.000212,-1.04,0.000212,-0.88
0.000212,-1,0.000212,-0.86
0.000212,-1.02,0.000212,-0.88
0.000212,-1.02,0.000212,-0.88
0.000213,-1,0.000213,-0.88
0.000213,-1.02,0.000213,-0.86
0.000213,-1.02,0.000213,-0.88
0.000213,-1,0.000213,-0.9
0.000213,-1,0.000213,-0.86
0.000214,-1.02,0.000214,-0.88
0.000214,-1.02,0.000214,-0.86
0.000214,-1.04,0.000214,-0.86
0.000214,-1.04,0.000214,-0.88
0.000214,-1.02,0.000214,-0.88
0.000215,-1,0.000215,-0.88
0.000215,-1,0.000215,-0.9
0.000215,-1.02,0.000215,-0.9
0.000215,-1.02,0.000215,-0.9
0.000215,-1.02,0.000215,-0.86
0.000216,-1.02,0.000216,-0.88
0.000216,-1.04,0.000216,-0.9
0.000216,-1.04,0.000216,-0.9
0.000216,-1,0.000216,-0.88
0.000216,-1.02,0.000216,-0.88
0.000217,-1,0.000217,-0.88
0.000217,-1.02,0.000217,-0.88
0.000217,-1,0.000217,-0.88
0.000217,-1.02,0.000217,-0.88
0.000217,-1.02,0.000217,-0.88
0.000218,-1.02,0.000218,-0.9
0.000218,-1.02,0.000218,-0.9
0.000218,-1.02,0.000218,-0.88
0.000218,-1,0.000218,-0.9
0.000218,-1,0.000218,-0.92
0.000219,-1.02,0.000219,-0.88
0.000219,-1,0.000219,-0.9
0.000219,-1.04,0.000219,-0.88
0.000219,-1.02,0.000219,-0.92
0.000219,-1.04,0.000219,-0.9
0.00022,-1.02,0.00022,-0.88
0.00022,-1,0.00022,-0.92
0.00022,-1.02,0.00022,-0.92
0.00022,-1.02,0.00022,-0.88
0.00022,-1.02,0.00022,-0.88
0.000221,-1,0.000221,-0.92
0.000221,-1.02,0.000221,-0.9
0.000221,-1,0.000221,-0.88
0.000221,-1.02,0.000221,-0.9
0.000221,-1.04,0.000221,-0.92
0.000222,-1.02,0.000222,-0.88
0.000222,-1,0.000222,-0.9
0.000222,-1.02,0.000222,-0.9
0.000222,-1.02,0.000222,-0.88
0.000222,-1,0.000222,-0.92
0.000223,-1.02,0.000223,-0.9
0.000223,-1.02,0.000223,-0.9
0.000223,-1.02,0.000223,-0.9
0.000223,-1,0.000223,-0.9
0.000223,-1.02,0.000223,-0.92
0.000224,-1,0.000224,-0.88
0.000224,-1.04,0.000224,-0.92
0.000224,-1.02,0.000224,-0.9
0.000224,-1,0.000224,-0.9
0.000224,-1.02,0.000224,-0.94
0.000225,-1.02,0.000225,-0.9
0.000225,-1,0.000225,-0.88
0.000225,-1.02,0.000225,-0.92
0.000225,-1.02,0.000225,-0.92
0.000225,-1.02,0.000225,-0.9
0.000226,-1.02,0.000226,-0.92
0.000226,-1,0.000226,-0.9
0.000226,-1.02,0.000226,-0.88
0.000226,-1.02,0.000226,-0.92
0.000226,-1.04,0.000226,-0.9
0.000227,-1.02,0.000227,-0.88
0.000227,-1,0.000227,-0.94
0.000227,-1,0.000227,-0.92
0.000227,-1.02,0.000227,-0.92
0.000227,-1.02,0.000227,-0.92
0.000228,-1.04,0.000228,-0.94
0.000228,-1.02,0.000228,-0.94
0.000228,-1.02,0.000228,-0.92
0.000228,-1.02,0.000228,-0.92
0.000228,-1.02,0.000228,-0.92
0.000229,-1.02,0.000229,-0.92
0.000229,-1,0.000229,-0.92
0.000229,-1.04,0.000229,-0.92
0.000229,-1.02,0.000229,-0.9
0.000229,-1,0.000229,-0.94
0.00023,-1.04,0.00023,-0.92
0.00023,-1.02,0.00023,-0.92
0.00023,-1.02,0.00023,-0.9
0.00023,-1,0.00023,-0.9
0.00023,-1.02,0.00023,-0.92
0.000231,-1.02,0.000231,-0.92
0.000231,-1.02,0.000231,-0.94
0.000231,-1,0.000231,-0.9
0.000231,-1.02,0.000231,-0.92
0.000231,-1.02,0.000231,-0.94
0.000232,-1.02,0.000232,-0.94
0.000232,-1.02,0.000232,-0.92
0.000232,-1,0.000232,-0.94
0.000232,-1.04,0.000232,-0.92
0.000232,-1.02,0.000232,-0.92
0.000233,-1,0.000233,-0.9
0.000233,-1,0.000233,-0.92
0.000233,-1,0.000233,-0.94
0.000233,-1.02,0.000233,-0.92
0.000233,-0.98,0.000233,-0.92
0.000234,-1.04,0.000234,-0.92
0.000234,-1.02,0.000234,-0.92
0.000234,-1,0.000234,-0.92
0.000234,-1.02,0.000234,-0.92
0.000234,-1.02,0.000234,-0.92
0.000235,-1.02,0.000235,-0.94
0.000235,-1.02,0.000235,-0.94
0.000235,-1,0.000235,-0.92
0.000235,-1.02,0.000235,-0.92
0.000235,-1.02,0.000235,-0.94
0.000236,-1.02,0.000236,-0.92
0.000236,-1.02,0.000236,-0.94
0.000236,-1.02,0.000236,-0.9
0.000236,-1.02,0.000236,-0.92
0.000236,-1,0.000236,-0.92
0.000237,-1,0.000237,-0.94
0.000237,-1,0.000237,-0.92
0.000237,-1,0.000237,-0.92
0.000237,-1,0.000237,-0.92
0.000237,-1.02,0.000237,-0.94
0.000238,-1,0.000238,-0.92
0.000238,-1,0.000238,-0.94
0.000238,-1,0.000238,-0.9
0.000238,-1.04,0.000238,-0.94
0.000238,-1.02,0.000238,-0.9
0.000239,-0.98,0.000239,-0.94
0.000239,-1,0.000239,-0.96
0.000239,-1,0.000239,-0.94
0.000239,-1.02,0.000239,-0.92
0.000239,-1,0.000239,-0.92
0.00024,-1.02,0.00024,-0.92
0.00024,-1,0.00024,-0.94
0.00024,-1.02,0.00024,-0.92
0.00024,-1,0.00024,-0.92
0.00024,-1.02,0.00024,-0.92
0.000241,-1.02,0.000241,-0.92
0.000241,-1.02,0.000241,-0.9
0.000241,-1.02,0.000241,-0.92
0.000241,-1.02,0.000241,-0.94
0.000241,-1.02,0.000241,-0.94
0.000242,-1,0.000242,-0.92
0.000242,-1.02,0.000242,-0.94
0.000242,-1,0.000242,-0.92
0.000242,-1.02,0.000242,-0.96
0.000242,-1,0.000242,-0.94
0.000243,-1,0.000243,-0.94
0.000243,-1.02,0.000243,-0.92
0.000243,-1.02,0.000243,-0.92
0.000243,-0.98,0.000243,-0.92
0.000243,-1,0.000243,-0.94
0.000244,-1,0.000244,-0.96
0.000244,-1,0.000244,-0.94
0.000244,-1.02,0.000244,-0.94
0.000244,-1,0.000244,-0.92
0.000244,-1.02,0.000244,-0.94
0.000245,-1,0.000245,-0.92
0.000245,-1.02,0.000245,-0.94
0.000245,-1.02,0.000245,-0.94
0.000245,-1,0.000245,-0.92
0.000245,1.02,0.000245,-0.88
0.000246,1.02,0.000246,-0.9
0.000246,1.02,0.000246,-0.9
0.000246,1,0.000246,-0.9
0.000246,1,0.000246,-0.84
0.000246,1,0.000246,-0.84
0.000247,1.02,0.000247,-0.86
0.000247,1.02,0.000247,-0.8
0.000247,1.02,0.000247,-0.8
0.000247,1.02,0.000247,-0.76
0.000247,1.02,0.000247,-0.76
0.000248,1.02,0.000248,-0.72
0.000248,1.02,0.000248,-0.74
0.000248,0.98,0.000248,-0.7
0.000248,1,0.000248,-0.66
0.000248,1.02,0.000248,-0.68
0.000249,1,0.000249,-0.66
0.000249,1,0.000249,-0.62
0.000249,1.02,0.000249,-0.64
0.000249,1,0.000249,-0.6
0.000249,1,0.000249,-0.62
0.00025,1.02,0.00025,-0.58
0.00025,1.02,0.00025,-0.54
0.00025,1.02,0.00025,-0.56
0.00025,1.04,0.00025,-0.54
0.00025,1,0.00025,-0.54
0.000251,1.04,0.000251,-0.52
0.000251,1.02,0.000251,-0.5
0.000251,1.02,0.000251,-0.48
0.000251,1,0.000251,-0.46
0.000251,1,0.000251,-0.44
0.000252,1.02,0.000252,-0.42
0.000252,1.02,0.000252,-0.4
0.000252,1,0.000252,-0.42
0.000252,1.06,0.000252,-0.38
0.000252,1.04,0.000252,-0.4
0.000253,1.02,0.000253,-0.36
0.000253,1,0.000253,-0.38
0.000253,1.02,0.000253,-0.34
0.000253,1.02,0.000253,-0.32
0.000253,1,0.000253,-0.3
0.000254,1,0.000254,-0.32
0.000254,1.02,0.000254,-0.34
0.000254,1.02,0.000254,-0.3
0.000254,1,0.000254,-0.28
0.000254,1.02,0.000254,-0.28
0.000255,1,0.000255,-0.26
0.000255,1.04,0.000255,-0.26
0.000255,1,0.000255,-0.24
0.000255,1.02,0.000255,-0.2
0.000255,1,0.000255,-0.2
0.000256,1.02,0.000256,-0.2
0.000256,1.02,0.000256,-0.18
0.000256,1.02,0.000256,-0.18
0.000256,1.04,0.000256,-0.18
0.000256,1.02,0.000256,-0.16
0.000257,1,0.000257,-0.14
0.000257,1.04,0.000257,-0.14
0.000257,1.04,0.000257,-0.12
0.000257,1.04,0.000257,-0.12
0.000257,1.02,0.000257,-0.1
0.000258,1,0.000258,-0.06
0.000258,1.04,0.000258,-0.08
0.000258,1.06,0.000258,-0.08
0.000258,1,0.000258,-0.04
0.000258,1.02,0.000258,-0.06
0.000259,1.02,0.000259,-0.06
0.000259,1.02,0.000259,-0.04
0.000259,1.04,0.000259,-0.04
0.000259,1.02,0.000259,-0.02
0.000259,1,0.000259,0
0.00026,1.02,0.00026,0
0.00026,1.04,0.00026,0.04
0.00026,1,0.00026,0.02
0.00026,1.02,0.00026,0.04
0.00026,1.04,0.00026,0.04
0.000261,1,0.000261,0.06
0.000261,1,0.000261,0.08
0.000261,1.02,0.000261,0.06
0.000261,1.02,0.000261,0.1
0.000261,1,0.000261,0.1
0.000262,1.04,0.000262,0.1
0.000262,1.02,0.000262,0.1
0.000262,1.04,0.000262,0.1
0.000262,1.02,0.000262,0.12
0.000262,1.02,0.000262,0.12
0.000263,1.02,0.000263,0.14
0.000263,1,0.000263,0.14
0.000263,1.04,0.000263,0.14
0.000263,1.02,0.000263,0.16
0.000263,1,0.000263,0.16
0.000264,1.02,0.000264,0.14
0.000264,1.02,0.000264,0.18
0.000264,1.02,0.000264,0.18
0.000264,1.04,0.000264,0.18
0.000264,1.02,0.000264,0.2
0.000265,1.02,0.000265,0.2
0.000265,1.02,0.000265,0.22
0.000265,1.04,0.000265,0.22
0.000265,1.02,0.000265,0.22
0.000265,1.02,0.000265,0.24
0.000266,1.02,0.000266,0.22
0.000266,1.02,0.000266,0.24
0.000266,1.02,0.000266,0.26
0.000266,1.02,0.000266,0.26
0.000266,1.04,0.000266,0.26
0.000267,1.04,0.000267,0.26
0.000267,1,0.000267,0.26
0.000267,1.02,0.000267,0.26
0.000267,1.04,0.000267,0.28
0.000267,1.04,0.000267,0.3
0.000268,1.02,0.000268,0.3
0.000268,1.02,0.000268,0.32
0.000268,1.02,0.000268,0.32
0.000268,1.02,0.000268,0.34
0.000268,1.02,0.000268,0.32
0.000269,1.02,0.000269,0.32
0.000269,1.02,0.000269,0.34
0.000269,1.04,0.000269,0.36
0.000269,1.02,0.000269,0.34
0.000269,1.04,0.000269,0.34
0.00027,1.04,0.00027,0.38
0.00027,1.02,0.00027,0.36
0.00027,1.02,0.00027,0.38
0.00027,1.02,0.00027,0.36
0.00027,1.06,0.00027,0.38
0.000271,1,0.000271,0.38
0.000271,1.02,0.000271,0.4
0.000271,1.06,0.000271,0.4
0.000271,1.02,0.000271,0.4
0.000271,1.04,0.000271,0.42
0.000272,1,0.000272,0.42
0.000272,1.02,0.000272,0.42
0.000272,1.06,0.000272,0.42
0.000272,1.06,0.000272,0.44
0.000272,1,0.000272,0.44
0.000273,1,0.000273,0.44
0.000273,1.02,0.000273,0.46
0.000273,1.02,0.000273,0.44
0.000273,1.02,0.000273,0.46
0.000273,1.04,0.000273,0.48
0.000274,1,0.000274,0.46
0.000274,1.02,0.000274,0.46
0.000274,1.02,0.000274,0.48
0.000274,1.02,0.000274,0.46
0.000274,1.02,0.000274,0.46
0.000275,1.04,0.000275,0.46
0.000275,1.02,0.000275,0.48
0.000275,1.02,0.000275,0.5
0.000275,1.02,0.000275,0.5
0.000275,1.04,0.000275,0.52
0.000276,1.04,0.000276,0.52
0.000276,1.02,0.000276,0.5
0.000276,1.04,0.000276,0.52
0.000276,1.04,0.000276,0.52
0.000276,1.02,0.000276,0.52
0.000277,1.02,0.000277,0.54
0.000277,1.02,0.000277,0.54
0.000277,1.02,0.000277,0.52
0.000277,1,0.000277,0.54
0.000277,1.02,0.000277,0.54
0.000278,1.04,0.000278,0.56
0.000278,1.02,0.000278,0.54
0.000278,1.02,0.000278,0.54
0.000278,1.02,0.000278,0.58
0.000278,1.02,0.000278,0.56
0.000279,1.02,0.000279,0.56
0.000279,1.02,0.000279,0.58
0.000279,1.04,0.000279,0.56
0.000279,1.02,0.000279,0.58
0.000279,1.04,0.000279,0.56
0.00028,1.04,0.00028,0.58
0.00028,1.02,0.00028,0.6
0.00028,1.02,0.00028,0.6
0.00028,1.02,0.00028,0.6
0.00028,1.02,0.00028,0.6
0.000281,1.04,0.000281,0.6
0.000281,1,0.000281,0.6
0.000281,1.02,0.000281,0.6
0.000281,1.04,0.000281,0.62
0.000281,1.04,0.000281,0.62
0.000282,1.02,0.000282,0.62
0.000282,1.02,0.000282,0.64
0.000282,1.06,0.000282,0.64
0.000282,1.02,0.000282,0.62
0.000282,1.04,0.000282,0.62
0.000283,1.04,0.000283,0.64
0.000283,1.02,0.000283,0.64
0.000283,1.04,0.000283,0.64
0.000283,1.04,0.000283,0.64
0.000283,1.02,0.000283,0.62
0.000284,1.04,0.000284,0.62
0.000284,1.02,0.000284,0.66
0.000284,1.02,0.000284,0.64
0.000284,1.04,0.000284,0.66
0.000284,1.04,0.000284,0.64
0.000285,1.04,0.000285,0.64
0.000285,1.02,0.000285,0.68
0.000285,1.02,0.000285,0.66
0.000285,1.02,0.000285,0.68
0.000285,1.04,0.000285,0.66
0.000286,1.02,0.000286,0.66
0.000286,1.04,0.000286,0.7
0.000286,1.02,0.000286,0.68
0.000286,1.04,0.000286,0.68
0.000286,1.04,0.000286,0.7
0.000287,1.02,0.000287,0.68
0.000287,1.04,0.000287,0.68
0.000287,1.04,0.000287,0.68
0.000287,1.04,0.000287,0.68
0.000287,1.02,0.000287,0.68
0.000288,1.02,0.000288,0.68
0.000288,1.06,0.000288,0.7
0.000288,1.02,0.000288,0.7
0.000288,1.02,0.000288,0.7
0.000288,1.04,0.000288,0.7
0.000289,1,0.000289,0.7
0.000289,1.04,0.000289,0.7
0.000289,1,0.000289,0.72
0.000289,1.04,0.000289,0.72
0.000289,1.04,0.000289,0.72
0.00029,1.04,0.00029,0.72
0.00029,1.04,0.00029,0.72
0.00029,1.02,0.00029,0.74
0.00029,1.02,0.00029,0.72
0.00029,1.04,0.00029,0.74
0.000291,1.02,0.000291,0.74
0.000291,1.04,0.000291,0.72
0.000291,1.04,0.000291,0.7
0.000291,1.02,0.000291,0.74
0.000291,1.02,0.000291,0.72
0.000292,1.02,0.000292,0.74
0.000292,1.02,0.000292,0.74
0.000292,1.04,0.000292,0.72
0.000292,1.02,0.000292,0.76
0.000292,1.04,0.000292,0.76
0.000293,1,0.000293,0.74
0.000293,1.04,0.000293,0.76
0.000293,1.02,0.000293,0.72
0.000293,1,0.000293,0.74
0.000293,1.02,0.000293,0.74
0.000294,1.04,0.000294,0.74
0.000294,1.02,0.000294,0.78
0.000294,1.02,0.000294,0.76
0.000294,1.02,0.000294,0.78
0.000294,1.04,0.000294,0.72
0.000295,1.02,0.000295,0.78
0.000295,1.02,0.000295,0.78
0.000295,1.02,0.000295,0.76
0.000295,1.04,0.000295,0.8
0.000295,1.04,0.000295,0.8
0.000296,1.02,0.000296,0.78
0.000296,1.04,0.000296,0.78
0.000296,1.04,0.000296,0.76
0.000296,1.02,0.000296,0.78
0.000296,1.02,0.000296,0.78
0.000297,1.02,0.000297,0.76
0.000297,1.04,0.000297,0.78
0.000297,1.02,0.000297,0.8
0.000297,1,0.000297,0.78
0.000297,1,0.000297,0.78
0.000298,1.02,0.000298,0.8
0.000298,1,0.000298,0.8
0.000298,1.02,0.000298,0.82
0.000298,1.04,0.000298,0.8
0.000298,1.06,0.000298,0.8
0.000299,1.04,0.000299,0.8
0.000299,1.02,0.000299,0.82
0.000299,1.02,0.000299,0.8
0.000299,1.06,0.000299,0.8
0.000299,1.04,0.000299,0.8
0.0003,1,0.0003,0.78
0.0003,1.02,0.0003,0.8
0.0003,1.02,0.0003,0.8
0.0003,1.02,0.0003,0.8
0.0003,1.02,0.0003,0.82
0.000301,1,0.000301,0.82
0.000301,1.02,0.000301,0.82
0.000301,1.02,0.000301,0.8
0.000301,1.02,0.000301,0.8
0.000301,1.02,0.000301,0.82
0.000302,1.04,0.000302,0.8
0.000302,1.02,0.000302,0.8
0.000302,1.04,0.000302,0.82
0.000302,1.02,0.000302,0.82
0.000302,1.04,0.000302,0.84
0.000303,1.04,0.000303,0.84
0.000303,1.04,0.000303,0.82
0.000303,1.02,0.000303,0.84
0.000303,1.02,0.000303,0.82
0.000303,1.04,0.000303,0.82
0.000304,1,0.000304,0.8
0.000304,1.04,0.000304,0.84
0.000304,1,0.000304,0.86
0.000304,1.02,0.000304,0.84
0.000304,1.04,0.000304,0.84
0.000305,1.04,0.000305,0.84
0.000305,1,0.000305,0.82
0.000305,1.04,0.000305,0.84
0.000305,1.04,0.000305,0.82
0.000305,1.02,0.000305,0.82
0.000306,1,0.000306,0.86
0.000306,1.04,0.000306,0.86
0.000306,1.04,0.000306,0.84
0.000306,1.02,0.000306,0.84
0.000306,1.04,0.000306,0.82
0.000307,1.04,0.000307,0.84
0.000307,1.04,0.000307,0.84
0.000307,1.02,0.000307,0.84
0.000307,1.06,0.000307,0.84
0.000307,1.04,0.000307,0.86
0.000308,1.06,0.000308,0.86
0.000308,1.02,0.000308,0.86
0.000308,1.04,0.000308,0.86
0.000308,1.04,0.000308,0.86
0.000308,1,0.000308,0.84
0.000309,1.04,0.000309,0.86
0.000309,1.04,0.000309,0.84
0.000309,1.02,0.000309,0.86
0.000309,1.04,0.000309,0.86
0.000309,1.02,0.000309,0.86
0.00031,1,0.00031,0.86
0.00031,1.04,0.00031,0.84
0.00031,1.02,0.00031,0.84
0.00031,1.02,0.00031,0.88
0.00031,1.02,0.00031,0.86
0.000311,1.04,0.000311,0.84
0.000311,1.02,0.000311,0.86
0.000311,1.02,0.000311,0.82
0.000311,1.04,0.000311,0.86
0.000311,1.02,0.000311,0.88
0.000312,1.02,0.000312,0.88
0.000312,1.04,0.000312,0.9
0.000312,1.04,0.000312,0.86
0.000312,1.02,0.000312,0.84
0.000312,1.04,0.000312,0.86
0.000313,1.02,0.000313,0.84
0.000313,1.02,0.000313,0.86
0.000313,1.02,0.000313,0.86
0.000313,1.06,0.000313,0.86
0.000313,1.04,0.000313,0.84
0.000314,1.04,0.000314,0.88
0.000314,1.02,0.000314,0.86
0.000314,1.02,0.000314,0.88
0.000314,1.02,0.000314,0.88
0.000314,1.02,0.000314,0.86
0.000315,1.02,0.000315,0.88
0.000315,1.02,0.000315,0.86
0.000315,1.04,0.000315,0.88
0.000315,1.04,0.000315,0.86
0.000315,1,0.000315,0.88
0.000316,1.02,0.000316,0.86
0.000316,1.02,0.000316,0.88
0.000316,1.02,0.000316,0.88
0.000316,1.04,0.000316,0.88
0.000316,1.04,0.000316,0.86
0.000317,1.04,0.000317,0.88
0.000317,1.02,0.000317,0.88
0.000317,1.02,0.000317,0.88
0.000317,1.04,0.000317,0.88
0.000317,1.02,0.000317,0.9
0.000318,1.02,0.000318,0.86
0.000318,1.02,0.000318,0.88
0.000318,1.02,0.000318,0.88
0.000318,1.04,0.000318,0.86
0.000318,1.04,0.000318,0.88
0.000319,1,0.000319,0.9
0.000319,1,0.000319,0.9
0.000319,1.04,0.000319,0.86
0.000319,1.02,0.000319,0.88
0.000319,1,0.000319,0.9
0.00032,1,0.00032,0.86
0.00032,1.02,0.00032,0.88
0.00032,1.04,0.00032,0.88
0.00032,1.04,0.00032,0.88
0.00032,1,0.00032,0.9
0.000321,1.02,0.000321,0.88
0.000321,1.04,0.000321,0.9
0.000321,1.04,0.000321,0.88
0.000321,1.02,0.000321,0.9
0.000321,1.04,0.000321,0.9
0.000322,1.04,0.000322,0.88
0.000322,1.04,0.000322,0.9
0.000322,1.04,0.000322,0.88
0.000322,1.04,0.000322,0.9
0.000322,1.04,0.000322,0.92
0.000323,1.02,0.000323,0.9
0.000323,1.02,0.000323,0.9
0.000323,1.02,0.000323,0.88
0.000323,1.02,0.000323,0.88
0.000323,1.04,0.000323,0.9
0.000324,1.02,0.000324,0.88
0.000324,1,0.000324,0.9
0.000324,1.02,0.000324,0.9
0.000324,1.04,0.000324,0.88
0.000324,1.04,0.000324,0.9
0.000325,1.02,0.000325,0.9
0.000325,1.02,0.000325,0.88
0.000325,1.04,0.000325,0.88
0.000325,1.04,0.000325,0.88
0.000325,1.02,0.000325,0.9
0.000326,1.02,0.000326,0.9
0.000326,1.04,0.000326,0.92
0.000326,1.04,0.000326,0.9
0.000326,1.04,0.000326,0.9
0.000326,1.04,0.000326,0.92
0.000327,1.02,0.000327,0.9
0.000327,1.02,0.000327,0.88
0.000327,1.04,0.000327,0.92
0.000327,1.02,0.000327,0.88
0.000327,1.04,0.000327,0.88
0.000328,1.02,0.000328,0.9
0.000328,1.04,0.000328,0.92
0.000328,1.04,0.000328,0.9
0.000328,1.04,0.000328,0.88
0.000328,1.04,0.000328,0.9
0.000329,1,0.000329,0.88
0.000329,1.02,0.000329,0.92
0.000329,1,0.000329,0.9
0.000329,1.02,0.000329,0.92
0.000329,1,0.000329,0.9
0.00033,1.02,0.00033,0.92
0.00033,1.04,0.00033,0.92
0.00033,1.02,0.00033,0.9
0.00033,1.02,0.00033,0.92
0.00033,1.02,0.00033,0.9
0.000331,1.02,0.000331,0.88
0.000331,1.04,0.000331,0.88
0.000331,1.02,0.000331,0.9
0.000331,1.02,0.000331,0.92
0.000331,1.06,0.000331,0.9
0.000332,1.02,0.000332,0.9
0.000332,1.02,0.000332,0.9
0.000332,1.02,0.000332,0.88
0.000332,1.02,0.000332,0.92
0.000332,1.04,0.000332,0.9
0.000333,1.02,0.000333,0.9
0.000333,1,0.000333,0.9
0.000333,1.02,0.000333,0.9
0.000333,1.04,0.000333,0.9
0.000333,1.04,0.000333,0.92
0.000334,1.02,0.000334,0.9
0.000334,1.02,0.000334,0.92
0.000334,1.02,0.000334,0.9
0.000334,1.02,0.000334,0.9
0.000334,1.02,0.000334,0.92
0.000335,1.02,0.000335,0.92
0.000335,1.04,0.000335,0.92
0.000335,1.02,0.000335,0.92
0.000335,1.02,0.000335,0.92
0.000335,1.02,0.000335,0.92
0.000336,1.04,0.000336,0.92
0.000336,1.04,0.000336,0.92
0.000336,1.02,0.000336,0.9
0.000336,1.02,0.000336,0.94
0.000336,1.04,0.000336,0.9
0.000337,1.04,0.000337,0.9
0.000337,1.02,0.000337,0.92
0.000337,1.04,0.000337,0.92
0.000337,1.02,0.000337,0.9
0.000337,1.02,0.000337,0.92
0.000338,1.02,0.000338,0.9
0.000338,1.02,0.000338,0.92
0.000338,1.04,0.000338,0.92
0.000338,1.04,0.000338,0.94
0.000338,1,0.000338,0.94
0.000339,1.02,0.000339,0.92
0.000339,1.04,0.000339,0.92
0.000339,1.04,0.000339,0.9
0.000339,1.04,0.000339,0.9
0.000339,1.04,0.000339,0.92
0.00034,1.04,0.00034,0.92
0.00034,1.02,0.00034,0.92
0.00034,1.04,0.00034,0.9
0.00034,1.02,0.00034,0.92
0.00034,1.04,0.00034,0.92
0.000341,1.02,0.000341,0.92
0.000341,1.02,0.000341,0.9
0.000341,1.04,0.000341,0.9
0.000341,1.04,0.000341,0.9
0.000341,1.02,0.000341,0.9
0.000342,1.02,0.000342,0.9
0.000342,1.02,0.000342,0.9
0.000342,1.02,0.000342,0.92
0.000342,1.04,0.000342,0.9
0.000342,1.04,0.000342,0.9
0.000343,1.04,0.000343,0.9
0.000343,1,0.000343,0.94
0.000343,1.06,0.000343,0.92
0.000343,1.04,0.000343,0.9
0.000343,1.02,0.000343,0.9
0.000344,1,0.000344,0.92
0.000344,1.02,0.000344,0.9
0.000344,1.02,0.000344,0.9
0.000344,1.02,0.000344,0.94
0.000344,1.02,0.000344,0.9
0.000345,1.02,0.000345,0.92
0.000345,1.04,0.000345,0.92
0.000345,1,0.000345,0.92
0.000345,1,0.000345,0.92
0.000345,-1,0.000345,0.88
0.000346,-1.02,0.000346,0.9
0.000346,-1,0.000346,0.86
0.000346,-0.98,0.000346,0.84
0.000346,-1.02,0.000346,0.84
0.000346,-1,0.000346,0.82
0.000347,-0.98,0.000347,0.8
0.000347,-1,0.000347,0.8
0.000347,-1.02,0.000347,0.76
0.000347,-1,0.000347,0.74
0.000347,-1,0.000347,0.74
0.000348,-1.02,0.000348,0.74
0.000348,-1.02,0.000348,0.7
0.000348,-1,0.000348,0.68
0.000348,-1,0.000348,0.66
0.000348,-1.02,0.000348,0.66
0.000349,-0.98,0.000349,0.62
0.000349,-0.98,0.000349,0.64
0.000349,-1,0.000349,0.62
0.000349,-1,0.000349,0.56
0.000349,-1,0.000349,0.56
0.00035,-1,0.00035,0.56
0.00035,-1,0.00035,0.54
0.00035,-1,0.00035,0.52
0.00035,-0.98,0.00035,0.52
0.00035,-1,0.00035,0.5
0.000351,-1,0.000351,0.48
0.000351,-1,0.000351,0.46
0.000351,-1,0.000351,0.44
0.000351,-1,0.000351,0.44
0.000351,-1,0.000351,0.42
0.000352,-1,0.000352,0.44
0.000352,-1.02,0.000352,0.38
0.000352,-1,0.000352,0.38
0.000352,-1.02,0.000352,0.38
0.000352,-1,0.000352,0.36
0.000353,-1,0.000353,0.36
0.000353,-1,0.000353,0.34
0.000353,-1.02,0.000353,0.34
0.000353,-1,0.000353,0.32
0.000353,-1,0.000353,0.32
0.000354,-0.98,0.000354,0.28
0.000354,-1,0.000354,0.26
0.000354,-1,0.000354,0.28
0.000354,-1,0.000354,0.26
0.000354,-1,0.000354,0.26
0.000355,-1.02,0.000355,0.24
0.000355,-0.98,0.000355,0.24
0.000355,-1,0.000355,0.2
0.000355,-1,0.000355,0.2
0.000355,-1,0.000355,0.18
0.000356,-1.02,0.000356,0.18
0.000356,-1,0.000356,0.14
0.000356,-1,0.000356,0.14
0.000356,-1,0.000356,0.14
0.000356,-1,0.000356,0.14
0.000357,-1.02,0.000357,0.12
0.000357,-1,0.000357,0.1
0.000357,-1,0.000357,0.1
0.000357,-1,0.000357,0.1
0.000357,-1.02,0.000357,0.08
0.000358,-1,0.000358,0.08
0.000358,-1,0.000358,0.06
0.000358,-1,0.000358,0.04
0.000358,-1.02,0.000358,0.04
0.000358,-1,0.000358,0.02
0.000359,-1.02,0.000359,0.02
0.000359,-1.02,0.000359,0
0.000359,-0.98,0.000359,0
0.000359,-1.02,0.000359,0
0.000359,-1,0.000359,-0.02
0.00036,-1,0.00036,-0.04
0.00036,-1,0.00036,-0.04
0.00036,-1.02,0.00036,-0.04
0.00036,-1,0.00036,-0.06
0.00036,-1,0.00036,-0.06
0.000361,-1.02,0.000361,-0.08
0.000361,-1.02,0.000361,-0.08
0.000361,-1,0.000361,-0.1
0.000361,-1.02,0.000361,-0.12
0.000361,-1.02,0.000361,-0.1
0.000362,-1,0.000362,-0.1
0.000362,-1.02,0.000362,-0.12
0.000362,-0.98,0.000362,-0.12
0.000362,-1.02,0.000362,-0.16
0.000362,-1.04,0.000362,-0.14
0.000363,-1.02,0.000363,-0.16
0.000363,-1.02,0.000363,-0.14
0.000363,-1.02,0.000363,-0.18
0.000363,-1.02,0.000363,-0.2
0.000363,-1.02,0.000363,-0.2
0.000364,-1.04,0.000364,-0.18
0.000364,-1,0.000364,-0.2
0.000364,-1.02,0.000364,-0.18
0.000364,-1.02,0.000364,-0.2
0.000364,-1,0.000364,-0.22
0.000365,-1,0.000365,-0.24
0.000365,-1.02,0.000365,-0.22
0.000365,-1,0.000365,-0.22
0.000365,-1,0.000365,-0.26
0.000365,-1,0.000365,-0.26
0.000366,-0.98,0.000366,-0.26
0.000366,-1,0.000366,-0.24
0.000366,-1,0.000366,-0.26
0.000366,-1.02,0.000366,-0.28
0.000366,-1.02,0.000366,-0.3
0.000367,-1,0.000367,-0.3
0.000367,-1.04,0.000367,-0.3
0.000367,-1.04,0.000367,-0.3
0.000367,-1.04,0.000367,-0.3
0.000367,-1.02,0.000367,-0.32
0.000368,-1.02,0.000368,-0.32
0.000368,-1.02,0.000368,-0.32
0.000368,-1,0.000368,-0.34
0.000368,-1.02,0.000368,-0.34
0.000368,-1,0.000368,-0.36
0.000369,-1.02,0.000369,-0.32
0.000369,-1.02,0.000369,-0.34
0.000369,-1.02,0.000369,-0.36
0.000369,-1,0.000369,-0.36
0.000369,-1.04,0.000369,-0.38
0.00037,-1,0.00037,-0.36
0.00037,-1.02,0.00037,-0.38
0.00037,-1.04,0.00037,-0.38
0.00037,-1,0.00037,-0.4
0.00037,-1,0.00037,-0.4
0.000371,-1,0.000371,-0.4
0.000371,-1.02,0.000371,-0.42
0.000371,-1,0.000371,-0.4
0.000371,-1.02,0.000371,-0.44
0.000371,-1,0.000371,-0.42
0.000372,-1,0.000372,-0.46
0.000372,-1.02,0.000372,-0.42
0.000372,-1.02,0.000372,-0.44
0.000372,-1,0.000372,-0.46
0.000372,-1.02,0.000372,-0.44
0.000373,-1.02,0.000373,-0.5
0.000373,-1.04,0.000373,-0.46
0.000373,-1.02,0.000373,-0.46
0.000373,-1.02,0.000373,-0.48
0.000373,-1,0.000373,-0.48
0.000374,-1.02,0.000374,-0.5
0.000374,-1,0.000374,-0.5
0.000374,-1,0.000374,-0.48
0.000374,-1.02,0.000374,-0.48
0.000374,-1.02,0.000374,-0.52
0.000375,-1.02,0.000375,-0.5
0.000375,-1.02,0.000375,-0.5
0.000375,-1.02,0.000375,-0.52
0.000375,-1,0.000375,-0.54
0.000375,-1.02,0.000375,-0.54
0.000376,-1,0.000376,-0.52
0.000376,-1.02,0.000376,-0.52
0.000376,-1.02,0.000376,-0.54
0.000376,-1,0.000376,-0.5
0.000376,-1.02,0.000376,-0.54
0.000377,-1,0.000377,-0.54
0.000377,-1.02,0.000377,-0.54
0.000377,-1.02,0.000377,-0.56
0.000377,-1.02,0.000377,-0.54
0.000377,-1.02,0.000377,-0.58
0.000378,-1,0.000378,-0.56
0.000378,-1.02,0.000378,-0.58
0.000378,-1.02,0.000378,-0.58
0.000378,-1.02,0.000378,-0.56
0.000378,-1.02,0.000378,-0.58
0.000379,-1.02,0.000379,-0.58
0.000379,-1,0.000379,-0.6
0.000379,-1,0.000379,-0.6
0.000379,-1.02,0.000379,-0.6
0.000379,-1.02,0.000379,-0.58
0.00038,-1.02,0.00038,-0.6
0.00038,-1.02,0.00038,-0.6
0.00038,-1.02,0.00038,-0.6
0.00038,-0.98,0.00038,-0.6
0.00038,-1,0.00038,-0.6
0.000381,-1.04,0.000381,-0.62
0.000381,-1,0.000381,-0.64
0.000381,-1.02,0.000381,-0.62
0.000381,-1.04,0.000381,-0.62
0.000381,-1.02,0.000381,-0.62
0.000382,-1.02,0.000382,-0.62
0.000382,-1.02,0.000382,-0.64
0.000382,-1.02,0.000382,-0.64
0.000382,-1.02,0.000382,-0.66
0.000382,-1.02,0.000382,-0.66
0.000383,-1.02,0.000383,-0.66
0.000383,-1,0.000383,-0.66
0.000383,-1.02,0.000383,-0.66
0.000383,-1,0.000383,-0.64
0.000383,-1.02,0.000383,-0.68
0.000384,-1.02,0.000384,-0.68
0.000384,-1.02,0.000384,-0.66
0.000384,-1.02,0.000384,-0.68
0.000384,-1,0.000384,-0.66
0.000384,-1.02,0.000384,-0.68
0.000385,-1.02,0.000385,-0.68
0.000385,-1.02,0.000385,-0.68
0.000385,-1,0.000385,-0.68
0.000385,-1.02,0.000385,-0.68
0.000385,-1.02,0.000385,-0.68
0.000386,-1,0.000386,-0.68
0.000386,-1.04,0.000386,-0.7
0.000386,-1.06,0.000386,-0.7
0.000386,-1,0.000386,-0.72
0.000386,-1.02,0.000386,-0.72
0.000387,-1.02,0.000387,-0.7
0.000387,-1.02,0.000387,-0.7
0.000387,-1.02,0.000387,-0.68
0.000387,-1.04,0.000387,-0.72
0.000387,-1.02,0.000387,-0.7
0.000388,-1.02,0.000388,-0.72
0.000388,-1.02,0.000388,-0.72
0.000388,-1.02,0.000388,-0.7
0.000388,-1,0.000388,-0.72
0.000388,-1.02,0.000388,-0.7
0.000389,-1,0.000389,-0.7
0.000389,-1.02,0.000389,-0.74
0.000389,-1,0.000389,-0.72
0.000389,-1.04,0.000389,-0.74
0.000389,-1.02,0.000389,-0.72
0.00039,-1.02,0.00039,-0.72
0.00039,-1,0.00039,-0.74
0.00039,-1,0.00039,-0.76
0.00039,-1.02,0.00039,-0.74
0.00039,-1,0.00039,-0.74
0.000391,-1.02,0.000391,-0.74
0.000391,-1.04,0.000391,-0.74
0.000391,-1,0.000391,-0.76
0.000391,-1,0.000391,-0.74
0.000391,-1,0.000391,-0.76
0.000392,-1.02,0.000392,-0.76
0.000392,-1.02,0.000392,-0.74
0.000392,-1.04,0.000392,-0.76
0.000392,-1.02,0.000392,-0.74
0.000392,-0.98,0.000392,-0.78
0.000393,-1.02,0.000393,-0.76
0.000393,-1,0.000393,-0.78
0.000393,-1.04,0.000393,-0.76
0.000393,-1.04,0.000393,-0.78
0.000393,-1,0.000393,-0.8
0.000394,-1,0.000394,-0.78
0.000394,-1.02,0.000394,-0.78
0.000394,-1.02,0.000394,-0.78
0.000394,-1.04,0.000394,-0.78
0.000394,-1.04,0.000394,-0.78
0.000395,-1.02,0.000395,-0.78
0.000395,-1,0.000395,-0.78
0.000395,-1.02,0.000395,-0.78
0.000395,-1.02,0.000395,-0.82
0.000395,-1.02,0.000395,-0.78
0.000396,-1,0.000396,-0.78
0.000396,-1.04,0.000396,-0.8
0.000396,-1.02,0.000396,-0.78
0.000396,-1,0.000396,-0.82
0.000396,-1,0.000396,-0.8
0.000397,-1,0.000397,-0.8
0.000397,-1.04,0.000397,-0.8
0.000397,-1.02,0.000397,-0.8
0.000397,-1.04,0.000397,-0.78
0.000397,-1,0.000397,-0.82
0.000398,-1.02,0.000398,-0.8
0.000398,-1.04,0.000398,-0.8
0.000398,-1.04,0.000398,-0.82
0.000398,-1.02,0.000398,-0.82
0.000398,-1.02,0.000398,-0.8
0.000399,-1.04,0.000399,-0.8
0.000399,-1.02,0.000399,-0.84
0.000399,-1.02,0.000399,-0.8
0.000399,-1.02,0.000399,-0.82
0.000399,-1,0.000399,-0.82
0.0004,-1.02,0.0004,-0.82
0.0004,-1.02,0.0004,-0.8
0.0004,-1.04,0.0004,-0.8
0.0004,-1.02,0.0004,-0.8
0.0004,-1.02,0.0004,-0.82
0.000401,-1,0.000401,-0.84
0.000401,-1,0.000401,-0.82
0.000401,-1.02,0.000401,-0.84
0.000401,-1,0.000401,-0.82
0.000401,-1,0.000401,-0.82
0.000402,-1,0.000402,-0.82
0.000402,-1.02,0.000402,-0.82
0.000402,-1.02,0.000402,-0.86
0.000402,-1.02,0.000402,-0.82
0.000402,-1.02,0.000402,-0.82
0.000403,-1,0.000403,-0.84
0.000403,-1.02,0.000403,-0.84
0.000403,-1.02,0.000403,-0.82
0.000403,-1.04,0.000403,-0.84
0.000403,-1,0.000403,-0.86
0.000404,-1,0.000404,-0.84
0.000404,-1.02,0.000404,-0.84
0.000404,-1.02,0.000404,-0.84
0.000404,-1.02,0.000404,-0.84
0.000404,-1.02,0.000404,-0.84
0.000405,-1.02,0.000405,-0.82
0.000405,-1.02,0.000405,-0.86
0.000405,-1,0.000405,-0.84
0.000405,-0.98,0.000405,-0.84
0.000405,-1.02,0.000405,-0.86
0.000406,-1.02,0.000406,-0.82
0.000406,-1.02,0.000406,-0.84
0.000406,-1.02,0.000406,-0.84
0.000406,-1.04,0.000406,-0.86
0.000406,-1,0.000406,-0.86
0.000407,-1.02,0.000407,-0.84
0.000407,-1.02,0.000407,-0.86
0.000407,-1.04,0.000407,-0.86
0.000407,-1,0.000407,-0.86
0.000407,-1.04,0.000407,-0.84
0.000408,-1.02,0.000408,-0.86
0.000408,-1.02,0.000408,-0.84
0.000408,-1.02,0.000408,-0.88
0.000408,-1.02,0.000408,-0.84
0.000408,-1.02,0.000408,-0.86
0.000409,-1.02,0.000409,-0.86
0.000409,-1.02,0.000409,-0.86
0.000409,-0.98,0.000409,-0.86
0.000409,-1.02,0.000409,-0.84
0.000409,-1.02,0.000409,-0.88
0.00041,-1,0.00041,-0.88
0.00041,-1.02,0.00041,-0.88
0.00041,-1,0.00041,-0.86
0.00041,-1.04,0.00041,-0.88
0.00041,-1.02,0.00041,-0.86
0.000411,-1.02,0.000411,-0.86
0.000411,-1,0.000411,-0.86
0.000411,-1,0.000411,-0.88
0.000411,-1,0.000411,-0.88
0.000411,-1,0.000411,-0.88
0.000412,-1,0.000412,-0.88
0.000412,-0.98,0.000412,-0.88
0.000412,-1.02,0.000412,-0.88
0.000412,-1,0.000412,-0.88
0.000412,-1.02,0.000412,-0.86
0.000413,-1,0.000413,-0.88
0.000413,-1.04,0.000413,-0.88
0.000413,-1,0.000413,-0.9
0.000413,-1.02,0.000413,-0.9
0.000413,-1,0.000413,-0.86
0.000414,-1.02,0.000414,-0.9
0.000414,-1.02,0.000414,-0.88
0.000414,-1.02,0.000414,-0.9
0.000414,-1.02,0.000414,-0.86
0.000414,-1.02,0.000414,-0.86
0.000415,-1,0.000415,-0.9
0.000415,-1,0.000415,-0.9
0.000415,-1,0.000415,-0.88
0.000415,-1.02,0.000415,-0.9
0.000415,-1.04,0.000415,-0.88
0.000416,-1.02,0.000416,-0.92
0.000416,-1.02,0.000416,-0.88
0.000416,-1.02,0.000416,-0.88
0.000416,-1.02,0.000416,-0.88
0.000416,-1.02,0.000416,-0.86
0.000417,-1.02,0.000417,-0.86
0.000417,-1,0.000417,-0.88
0.000417,-1.02,0.000417,-0.9
0.000417,-1.02,0.000417,-0.92
0.000417,-1.02,0.000417,-0.88
0.000418,-1,0.000418,-0.88
0.000418,-1.02,0.000418,-0.9
0.000418,-1.02,0.000418,-0.92
0.000418,-1,0.000418,-0.88
0.000418,-1.02,0.000418,-0.9
0.000419,-1.04,0.000419,-0.9
0.000419,-1,0.000419,-0.92
0.000419,-1,0.000419,-0.88
0.000419,-1.02,0.000419,-0.9
0.000419,-1.02,0.000419,-0.9
0.00042,-1,0.00042,-0.9
0.00042,-1.02,0.00042,-0.88
0.00042,-1,0.00042,-0.9
0.00042,-1.02,0.00042,-0.9
0.00042,-1,0.00042,-0.92
0.000421,-1.02,0.000421,-0.88
0.000421,-1.02,0.000421,-0.92
0.000421,-1,0.000421,-0.9
0.000421,-1.02,0.000421,-0.9
0.000421,-1.04,0.000421,-0.92
0.000422,-1.02,0.000422,-0.9
0.000422,-1.02,0.000422,-0.92
0.000422,-1.02,0.000422,-0.94
0.000422,-1.02,0.000422,-0.88
0.000422,-1,0.000422,-0.88
0.000423,-1.02,0.000423,-0.9
0.000423,-1.02,0.000423,-0.88
0.000423,-1.02,0.000423,-0.9
0.000423,-1.02,0.000423,-0.9
0.000423,-1.02,0.000423,-0.92
0.000424,-1,0.000424,-0.92
0.000424,-1.02,0.000424,-0.9
0.000424,-1,0.000424,-0.9
0.000424,-1.02,0.000424,-0.9
0.000424,-1.04,0.000424,-0.9
0.000425,-1,0.000425,-0.9
0.000425,-1.02,0.000425,-0.9
0.000425,-1,0.000425,-0.94
0.000425,-1.02,0.000425,-0.92
0.000425,-1.02,0.000425,-0.9
0.000426,-1.04,0.000426,-0.9
0.000426,-1,0.000426,-0.92
0.000426,-1.02,0.000426,-0.92
0.000426,-1.04,0.000426,-0.92
0.000426,-1.04,0.000426,-0.9
0.000427,-1.02,0.000427,-0.9
0.000427,-1,0.000427,-0.9
0.000427,-1.02,0.000427,-0.9
0.000427,-1.02,0.000427,-0.92
0.000427,-1.02,0.000427,-0.92
0.000428,-0.98,0.000428,-0.9
0.000428,-1,0.000428,-0.92
0.000428,-1,0.000428,-0.92
0.000428,-1.02,0.000428,-0.9
0.000428,-1,0.000428,-0.92
0.000429,-0.98,0.000429,-0.92
0.000429,-1,0.000429,-0.92
0.000429,-1.02,0.000429,-0.9
0.000429,-1.02,0.000429,-0.92
0.000429,-1,0.000429,-0.92
0.00043,-1.02,0.00043,-0.92
0.00043,-1,0.00043,-0.92
0.00043,-1,0.00043,-0.92
0.00043,-1,0.00043,-0.92
0.00043,-1,0.00043,-0.92
0.000431,-0.98,0.000431,-0.92
0.000431,-1.02,0.000431,-0.92
0.000431,-1,0.000431,-0.94
0.000431,-1.04,0.000431,-0.92
0.000431,-1,0.000431,-0.92
0.000432,-1,0.000432,-0.92
0.000432,-1.02,0.000432,-0.92
0.000432,-1,0.000432,-0.92
0.000432,-1,0.000432,-0.92
0.000432,-1,0.000432,-0.94
0.000433,-1.02,0.000433,-0.92
0.000433,-1.02,0.000433,-0.9
0.000433,-1,0.000433,-0.94
0.000433,-1,0.000433,-0.9
0.000433,-1,0.000433,-0.94
0.000434,-1,0.000434,-0.94
0.000434,-1.02,0.000434,-0.94
0.000434,-1.04,0.000434,-0.92
0.000434,-1.02,0.000434,-0.94
0.000434,-1.02,0.000434,-0.94
0.000435,-1,0.000435,-0.92
0.000435,-1,0.000435,-0.9
0.000435,-1,0.000435,-0.92
0.000435,-1.02,0.000435,-0.94
0.000435,-1,0.000435,-0.94
0.000436,-1.02,0.000436,-0.9
0.000436,-1,0.000436,-0.94
0.000436,-1,0.000436,-0.92
0.000436,-1,0.000436,-0.96
0.000436,-1,0.000436,-0.92
0.000437,-0.98,0.000437,-0.92
0.000437,-1,0.000437,-0.92
0.000437,-1,0.000437,-0.94
0.000437,-1,0.000437,-0.94
0.000437,-1,0.000437,-0.92
0.000438,-0.98,0.000438,-0.92
0.000438,-1.02,0.000438,-0.96
0.000438,-1.02,0.000438,-0.92
0.000438,-1.02,0.000438,-0.94
0.000438,-1.02,0.000438,-0.94
0.000439,-1,0.000439,-0.96
0.000439,-1.02,0.000439,-0.92
0.000439,-1.02,0.000439,-0.92
0.000439,-1,0.000439,-0.94
0.000439,-1,0.000439,-0.92
0.00044,-1.02,0.00044,-0.94
0.00044,-1,0.00044,-0.94
0.00044,-1,0.00044,-0.92
0.00044,-1,0.00044,-0.94
0.00044,-1,0.00044,-0.9
0.000441,-1,0.000441,-0.94
0.000441,-1,0.000441,-0.9
0.000441,-1,0.000441,-0.94
0.000441,-1,0.000441,-0.96
0.000441,-1.02,0.000441,-0.92
0.000442,-1,0.000442,-0.96
0.000442,-1,0.000442,-0.96
0.000442,-1,0.000442,-0.92
0.000442,-1.02,0.000442,-0.94
0.000442,-1.02,0.000442,-0.94
0.000443,-1,0.000443,-0.94
0.000443,-1.02,0.000443,-0.94
0.000443,-1,0.000443,-0.92
0.000443,-1,0.000443,-0.92
0.000443,-1,0.000443,-0.94
0.000444,-1.04,0.000444,-0.9
0.000444,-1.02,0.000444,-0.94
0.000444,-1,0.000444,-0.96
0.000444,-1.02,0.000444,-0.92
0.000444,-1.02,0.000444,-0.94
0.000445,-1.02,0.000445,-0.94
0.000445,-1,0.000445,-0.96
0.000445,-1,0.000445,-0.96
0.000445,-1.02,0.000445,-0.94
0.000445,1.04,0.000445,-0.88
0.000446,1.02,0.000446,-0.92
0.000446,1.02,0.000446,-0.9
0.000446,1,0.000446,-0.86
0.000446,1.02,0.000446,-0.84
0.000446,1,0.000446,-0.84
0.000447,1,0.000447,-0.8
0.000447,1.02,0.000447,-0.8
0.000447,1,0.000447,-0.76
0.000447,1.02,0.000447,-0.78
0.000447,1,0.000447,-0.74
0.000448,1.02,0.000448,-0.76
0.000448,1,0.000448,-0.74
0.000448,1.02,0.000448,-0.7
0.000448,1.02,0.000448,-0.7
0.000448,0.98,0.000448,-0.68
0.000449,1.02,0.000449,-0.66
0.000449,1,0.000449,-0.64
0.000449,1.02,0.000449,-0.62
0.000449,1.02,0.000449,-0.6
0.000449,1,0.000449,-0.62
0.00045,1.02,0.00045,-0.58
0.00045,0.98,0.00045,-0.56
0.00045,1,0.00045,-0.52
0.00045,1.04,0.00045,-0.54
0.00045,1.02,0.00045,-0.5
0.000451,1.02,0.000451,-0.5
0.000451,1,0.000451,-0.48
0.000451,1,0.000451,-0.48
0.000451,1.02,0.000451,-0.46
0.000451,1.02,0.000451,-0.44
0.000452,1.02,0.000452,-0.42
0.000452,1.02,0.000452,-0.44
0.000452,1.02,0.000452,-0.4
0.000452,1.02,0.000452,-0.38
0.000452,1.02,0.000452,-0.4
0.000453,1,0.000453,-0.38
0.000453,1.04,0.000453,-0.4
0.000453,1,0.000453,-0.34
0.000453,1,0.000453,-0.32
0.000453,1.02,0.000453,-0.32
0.000454,1.02,0.000454,-0.3
0.000454,1.02,0.000454,-0.3
0.000454,1,0.000454,-0.26
0.000454,1.02,0.000454,-0.28
0.000454,1.04,0.000454,-0.24
0.000455,1.02,0.000455,-0.24
0.000455,1.04,0.000455,-0.24
0.000455,1.02,0.000455,-0.22
0.000455,1.06,0.000455,-0.22
0.000455,1,0.000455,-0.2
0.000456,1.02,0.000456,-0.2
0.000456,1.02,0.000456,-0.18
0.000456,1.02,0.000456,-0.16
0.000456,1,0.000456,-0.16
0.000456,1.04,0.000456,-0.14
0.000457,1,0.000457,-0.14
0.000457,1.04,0.000457,-0.12
0.000457,1.04,0.000457,-0.12
0.000457,1,0.000457,-0.12
0.000457,1,0.000457,-0.1
0.000458,1.02,0.000458,-0.1
0.000458,1.04,0.000458,-0.06
0.000458,1.02,0.000458,-0.08
0.000458,1.02,0.000458,-0.06
0.000458,1.02,0.000458,-0.06
0.000459,1.04,0.000459,-0.04
0.000459,1.02,0.000459,-0.02
0.000459,1,0.000459,-0.02
0.000459,1.02,0.000459,0
0.000459,1.02,0.000459,0
0.00046,1,0.00046,0
0.00046,1.02,0.00046,0.02
0.00046,1.02,0.00046,0.02
0.00046,1.02,0.00046,0.04
0.00046,1.02,0.00046,0.04
0.000461,1.02,0.000461,0.06
0.000461,1.02,0.000461,0.06
0.000461,1.04,0.000461,0.06
0.000461,1.02,0.000461,0.1
0.000461,1,0.000461,0.08
0.000462,1.04,0.000462,0.1
0.000462,1,0.000462,0.1
0.000462,1.02,0.000462,0.1
0.000462,1.02,0.000462,0.12
0.000462,1.04,0.000462,0.12
0.000463,1.02,0.000463,0.14
0.000463,1.04,0.000463,0.16
0.000463,1.02,0.000463,0.16
0.000463,1,0.000463,0.16
0.000463,1.02,0.000463,0.16
0.000464,1.02,0.000464,0.18
0.000464,1,0.000464,0.18
0.000464,1.02,0.000464,0.2
0.000464,1.02,0.000464,0.2
0.000464,1,0.000464,0.18
0.000465,1.04,0.000465,0.22
0.000465,1.04,0.000465,0.2
0.000465,1.02,0.000465,0.22
0.000465,1.04,0.000465,0.22
0.000465,1,0.000465,0.24
0.000466,1.02,0.000466,0.24
0.000466,1,0.000466,0.24
0.000466,1.04,0.000466,0.26
0.000466,1,0.000466,0.28
0.000466,1.04,0.000466,0.26
0.000467,1.04,0.000467,0.28
0.000467,1.02,0.000467,0.28
0.000467,1.02,0.000467,0.28
0.000467,1,0.000467,0.28
0.000467,1.04,0.000467,0.28
0.000468,1,0.000468,0.32
0.000468,1.02,0.000468,0.32
0.000468,1.02,0.000468,0.32
0.000468,1.04,0.000468,0.32
0.000468,1.02,0.000468,0.34
0.000469,1.04,0.000469,0.34
0.000469,1.04,0.000469,0.34
0.000469,1.02,0.000469,0.36
0.000469,1.02,0.000469,0.32
0.000469,1.06,0.000469,0.36
0.00047,1.02,0.00047,0.36
0.00047,1.02,0.00047,0.38
0.00047,1.04,0.00047,0.38
0.00047,1.04,0.00047,0.36
0.00047,1,0.00047,0.4
0.000471,1.04,0.000471,0.38
0.000471,1.02,0.000471,0.4
0.000471,1.04,0.000471,0.42
0.000471,1.02,0.000471,0.4
0.000471,1.02,0.000471,0.4
0.000472,1.02,0.000472,0.42
0.000472,1.04,0.000472,0.42
0.000472,1.04,0.000472,0.44
0.000472,1.02,0.000472,0.42
0.000472,1.02,0.000472,0.46
0.000473,1.04,0.000473,0.44
0.000473,1.04,0.000473,0.44
0.000473,1.02,0.000473,0.46
0.000473,1.02,0.000473,0.46
0.000473,1.02,0.000473,0.48
0.000474,1.02,0.000474,0.48
0.000474,1.04,0.000474,0.48
0.000474,1.02,0.000474,0.48
0.000474,1.02,0.000474,0.46
0.000474,1.04,0.000474,0.5
0.000475,1.04,0.000475,0.5
0.000475,1.02,0.000475,0.5
0.000475,1.04,0.000475,0.5
0.000475,1.04,0.000475,0.52
0.000475,1.02,0.000475,0.5
0.000476,1.02,0.000476,0.5
0.000476,1.04,0.000476,0.52
0.000476,1.02,0.000476,0.52
0.000476,1.04,0.000476,0.52
0.000476,1.02,0.000476,0.52
0.000477,1.04,0.000477,0.5
0.000477,1.06,0.000477,0.52
0.000477,1.02,0.000477,0.54
0.000477,1,0.000477,0.54
0.000477,1.02,0.000477,0.56
0.000478,1.02,0.000478,0.54
0.000478,1.02,0.000478,0.56
0.000478,1,0.000478,0.56
0.000478,1.02,0.000478,0.56
0.000478,1.02,0.000478,0.56
0.000479,1.02,0.000479,0.56
0.000479,1.02,0.000479,0.56
0.000479,1.04,0.000479,0.58
0.000479,1.02,0.000479,0.6
0.000479,1.02,0.000479,0.58
0.00048,1.04,0.00048,0.6
0.00048,1.04,0.00048,0.58
0.00048,1.02,0.00048,0.58
0.00048,1.02,0.00048,0.6
0.00048,1.02,0.00048,0.6
0.000481,1.04,0.000481,0.6
0.000481,1.06,0.000481,0.6
0.000481,1.04,0.000481,0.62
0.000481,1.02,0.000481,0.62
0.000481,1.02,0.000481,0.6
0.000482,1.02,0.000482,0.62
0.000482,1.04,0.000482,0.6
0.000482,1.02,0.000482,0.62
0.000482,1.06,0.000482,0.62
0.000482,1.02,0.000482,0.62
0.000483,1.04,0.000483,0.6
0.000483,1.02,0.000483,0.64
0.000483,1.02,0.000483,0.62
0.000483,1.02,0.000483,0.66
0.000483,1.06,0.000483,0.62
0.000484,1.02,0.000484,0.66
0.000484,1.02,0.000484,0.64
0.000484,1.02,0.000484,0.64
0.000484,1.04,0.000484,0.64
0.000484,1.06,0.000484,0.66
0.000485,1.02,0.000485,0.66
0.000485,1.06,0.000485,0.66
0.000485,1.04,0.000485,0.68
0.000485,1.02,0.000485,0.66
0.000485,1.02,0.000485,0.66
0.000486,1.02,0.000486,0.66
0.000486,1,0.000486,0.66
0.000486,1.02,0.000486,0.66
0.000486,1.02,0.000486,0.68
0.000486,1.04,0.000486,0.68
0.000487,1.04,0.000487,0.68
0.000487,1.02,0.000487,0.7
0.000487,1,0.000487,0.7
0.000487,1.06,0.000487,0.68
0.000487,1.02,0.000487,0.68
0.000488,1.04,0.000488,0.7
0.000488,1.04,0.000488,0.72
0.000488,1.02,0.000488,0.7
0.000488,1.04,0.000488,0.72
0.000488,1.04,0.000488,0.72
0.000489,1.02,0.000489,0.72
0.000489,1.04,0.000489,0.7
0.000489,1.02,0.000489,0.72
0.000489,1.04,0.000489,0.72
0.000489,1.02,0.000489,0.7
0.00049,1,0.00049,0.72
0.00049,1.04,0.00049,0.72
0.00049,1.04,0.00049,0.72
0.00049,1.02,0.00049,0.72
0.00049,1,0.00049,0.72
0.000491,1,0.000491,0.74
0.000491,1.02,0.000491,0.74
0.000491,1.02,0.000491,0.72
0.000491,1.02,0.000491,0.74
0.000491,1.02,0.000491,0.74
0.000492,1.04,0.000492,0.72
0.000492,1.02,0.000492,0.72
0.000492,1.04,0.000492,0.74
0.000492,1.02,0.000492,0.74
0.000492,1.02,0.000492,0.76
0.000493,1.04,0.000493,0.72
0.000493,1.04,0.000493,0.76
0.000493,1.04,0.000493,0.74
0.000493,1.04,0.000493,0.76
0.000493,1.04,0.000493,0.74
0.000494,1.02,0.000494,0.76
0.000494,1.04,0.000494,0.74
0.000494,1.02,0.000494,0.78
0.000494,1.02,0.000494,0.78
0.000494,1.04,0.000494,0.76
0.000495,1.02,0.000495,0.78
0.000495,1.06,0.000495,0.76
0.000495,1.04,0.000495,0.76
0.000495,1,0.000495,0.78
0.000495,1.04,0.000495,0.8
0.000496,1.02,0.000496,0.78
0.000496,1,0.000496,0.78
0.000496,1.02,0.000496,0.8
0.000496,1.02,0.000496,0.78
0.000496,1.06,0.000496,0.74
0.000497,1.04,0.000497,0.8
0.000497,1.02,0.000497,0.8
0.000497,1.02,0.000497,0.76
0.000497,1.02,0.000497,0.8
0.000497,1.02,0.000497,0.8
0.000498,1.02,0.000498,0.8
0.000498,1.02,0.000498,0.78
0.000498,1.02,0.000498,0.78
0.000498,1.04,0.000498,0.8
0.000498,1.02,0.000498,0.82
0.000499,1,0.000499,0.82
0.000499,1.02,0.000499,0.8
0.000499,1,0.000499,0.8
0.000499,1.04,0.000499,0.8
0.000499,1.04,0.000499,0.8
0.0005,1.02,0.0005,0.76
0.0005,1.04,0.0005,0.8
