t_out,v_out,t_in,v_in
0.0,-0.016,0.0,-1.04
1e-07,-0.008,1e-07,-1.08
2e-07,-0.024,2e-07,-1.08
3e-07,-0.016,3e-07,-1.04
4e-07,-0.016,4e-07,-1.04
5e-07,-0.024,5e-07,-1.08
6e-07,-0.016,6e-07,-1.08
7e-07,-0.024,7e-07,-1.04
8e-07,-0.024,8e-07,-1.12
9e-07,-0.032,9e-07,-1.08
1e-06,-0.032,1e-06,-1.08
1.1e-06,-0.024,1.1e-06,-1.04
1.2e-06,-0.032,1.2e-06,-1.04
1.3e-06,-0.032,1.3e-06,-1.08
1.4e-06,-0.032,1.4e-06,-1.08
1.5e-06,-0.032,1.5e-06,-1.08
1.6e-06,-0.04,1.6e-06,-1.04
1.7e-06,-0.048,1.7e-06,-1.12
1.8e-06,-0.04,1.8e-06,-1.08
1.9e-06,-0.04,1.9e-06,-1.0
2e-06,-0.048,2e-06,-1.08
2.1e-06,-0.04,2.1e-06,-1.04
2.2e-06,-0.04,2.2e-06,-1.04
2.3e-06,-0.056,2.3e-06,-1.08
2.4e-06,-0.048,2.4e-06,-1.04
2.5e-06,-0.048,2.5e-06,-1.08
2.6e-06,-0.056,2.6e-06,-1.04
2.7e-06,-0.056,2.7e-06,-1.04
2.8e-06,-0.048,2.8e-06,-1.04
2.9e-06,-0.048,2.9e-06,-1.04
3e-06,-0.064,3e-06,-1.04
3.1e-06,-0.056,3.1e-06,-1.08
3.2e-06,-0.056,3.2e-06,-1.08
3.3e-06,-0.064,3.3e-06,-1.12
3.4e-06,-0.056,3.4e-06,-1.04
3.5e-06,-0.064,3.5e-06,-1.08
3.6e-06,-0.064,3.6e-06,-1.08
3.7e-06,-0.064,3.7e-06,-1.04
3.8e-06,-0.064,3.8e-06,-1.08
3.9e-06,-0.072,3.9e-06,-1.04
4e-06,-0.072,4e-06,-1.04
4.1e-06,-0.08,4.1e-06,-1.04
4.2e-06,-0.08,4.2e-06,-1.04
4.3e-06,-0.08,4.3e-06,-1.08
4.4e-06,-0.08,4.4e-06,-1.08
4.5e-06,-0.072,4.5e-06,-1.08
4.6e-06,-0.08,4.6e-06,-1.0
4.7e-06,-0.08,4.7e-06,-1.12
4.8e-06,-0.08,4.8e-06,-1.08
4.9e-06,-0.08,4.9e-06,-1.08
5e-06,-0.088,5e-06,-1.04
5.1e-06,-0.088,5.1e-06,-1.04
5.2e-06,-0.096,5.2e-06,-1.12
5.3e-06,-0.088,5.3e-06,-1.08
5.4e-06,-0.096,5.4e-06,-1.08
5.5e-06,-0.096,5.5e-06,-1.04
5.6e-06,-0.088,5.6e-06,-1.08
5.7e-06,-0.088,5.7e-06,-1.08
5.8e-06,-0.104,5.8e-06,-1.04
5.9e-06,-0.104,5.9e-06,-1.08
6e-06,-0.104,6e-06,-1.04
6.1e-06,-0.104,6.1e-06,-1.04
6.2e-06,-0.112,6.2e-06,-1.04
6.3e-06,-0.104,6.3e-06,-1.12
6.4e-06,-0.104,6.4e-06,-1.08
6.5e-06,-0.112,6.5e-06,-1.08
6.6e-06,-0.112,6.6e-06,-1.08
6.7e-06,-0.112,6.7e-06,-1.04
6.8e-06,-0.12,6.8e-06,-1.04
6.9e-06,-0.12,6.9e-06,-1.0
7e-06,-0.12,7e-06,-1.04
7.1e-06,-0.112,7.1e-06,-1.04
7.2e-06,-0.112,7.2e-06,-1.04
7.3e-06,-0.112,7.3e-06,-1.08
7.4e-06,-0.128,7.4e-06,-1.04
7.5e-06,-0.12,7.5e-06,-1.08
7.6e-06,-0.128,7.6e-06,-1.0
7.7e-06,-0.136,7.7e-06,-1.08
7.8e-06,-0.128,7.8e-06,-1.04
7.9e-06,-0.128,7.9e-06,-1.04
8e-06,-0.12,8e-06,-1.04
8.1e-06,-0.128,8.1e-06,-1.08
8.2e-06,-0.128,8.2e-06,-1.04
8.3e-06,-0.144,8.3e-06,-1.04
8.4e-06,-0.136,8.4e-06,-1.04
8.5e-06,-0.144,8.5e-06,-1.04
8.6e-06,-0.144,8.6e-06,-1.04
8.7e-06,-0.144,8.7e-06,-1.08
8.8e-06,-0.136,8.8e-06,-1.08
8.9e-06,-0.144,8.9e-06,-1.04
9e-06,-0.144,9e-06,-1.0
9.1e-06,-0.152,9.1e-06,-1.0
9.2e-06,-0.152,9.2e-06,-1.04
9.3e-06,-0.144,9.3e-06,-1.04
9.4e-06,-0.152,9.4e-06,-1.04
9.5e-06,-0.144,9.5e-06,-1.04
9.6e-06,-0.152,9.6e-06,-1.08
9.7e-06,-0.152,9.7e-06,-1.08
9.8e-06,-0.144,9.8e-06,-1.12
9.9e-06,-0.152,9.9e-06,-1.04
1e-05,-0.16,1e-05,-1.08
1.01e-05,-0.16,1.01e-05,-1.08
1.02e-05,-0.16,1.02e-05,-1.08
1.03e-05,-0.16,1.03e-05,-1.04
1.04e-05,-0.16,1.04e-05,-1.08
1.05e-05,-0.16,1.05e-05,-1.0
1.06e-05,-0.16,1.06e-05,-1.08
1.07e-05,-0.16,1.07e-05,-1.04
1.08e-05,-0.168,1.08e-05,-1.08
1.09e-05,-0.168,1.09e-05,-1.04
1.1e-05,-0.176,1.1e-05,-1.08
1.11e-05,-0.16,1.11e-05,-1.04
1.12e-05,-0.176,1.12e-05,-1.08
1.13e-05,-0.176,1.13e-05,-1.08
1.14e-05,-0.16,1.14e-05,-1.08
1.15e-05,-0.168,1.15e-05,-1.04
1.16e-05,-0.176,1.16e-05,-1.12
1.17e-05,-0.176,1.17e-05,-1.08
1.18e-05,-0.176,1.18e-05,-1.04
1.19e-05,-0.176,1.19e-05,-1.08
1.2e-05,-0.176,1.2e-05,-1.04
1.21e-05,-0.184,1.21e-05,0.96
1.22e-05,-0.192,1.22e-05,0.96
1.23e-05,-0.176,1.23e-05,0.96
1.24e-05,-0.176,1.24e-05,0.92
1.25e-05,-0.168,1.25e-05,0.92
1.26e-05,-0.168,1.26e-05,0.96
1.27e-05,-0.16,1.27e-05,0.92
1.28e-05,-0.168,1.28e-05,1.0
1.29e-05,-0.16,1.29e-05,0.96
1.3e-05,-0.16,1.3e-05,1.0
1.31e-05,-0.16,1.31e-05,0.96
1.32e-05,-0.152,1.32e-05,1.0
1.33e-05,-0.16,1.33e-05,0.96
1.34e-05,-0.152,1.34e-05,0.96
1.35e-05,-0.144,1.35e-05,1.0
1.36e-05,-0.144,1.36e-05,0.96
1.37e-05,-0.144,1.37e-05,0.96
1.38e-05,-0.152,1.38e-05,0.96
1.39e-05,-0.136,1.39e-05,0.96
1.4e-05,-0.144,1.4e-05,0.96
1.41e-05,-0.144,1.41e-05,1.0
1.42e-05,-0.144,1.42e-05,0.96
1.43e-05,-0.144,1.43e-05,0.96
1.44e-05,-0.128,1.44e-05,0.96
1.45e-05,-0.136,1.45e-05,1.0
1.46e-05,-0.128,1.46e-05,0.96
1.47e-05,-0.12,1.47e-05,1.0
1.48e-05,-0.12,1.48e-05,0.96
1.49e-05,-0.12,1.49e-05,0.96
1.5e-05,-0.112,1.5e-05,1.0
1.51e-05,-0.128,1.51e-05,0.96
1.52e-05,-0.112,1.52e-05,0.96
1.53e-05,-0.112,1.53e-05,0.96
1.54e-05,-0.112,1.54e-05,0.92
1.55e-05,-0.112,1.55e-05,0.92
1.56e-05,-0.104,1.56e-05,1.0
1.57e-05,-0.104,1.57e-05,1.0
1.58e-05,-0.104,1.58e-05,0.96
1.59e-05,-0.104,1.59e-05,0.96
1.6e-05,-0.096,1.6e-05,0.92
1.61e-05,-0.104,1.61e-05,0.96
1.62e-05,-0.096,1.62e-05,0.96
1.63e-05,-0.096,1.63e-05,0.92
1.64e-05,-0.096,1.64e-05,0.92
1.65e-05,-0.088,1.65e-05,0.92
1.66e-05,-0.08,1.66e-05,0.96
1.67e-05,-0.08,1.67e-05,0.92
1.68e-05,-0.08,1.68e-05,1.0
1.69e-05,-0.08,1.69e-05,0.96
1.7e-05,-0.088,1.7e-05,0.92
1.71e-05,-0.072,1.71e-05,0.96
1.72e-05,-0.08,1.72e-05,0.96
1.73e-05,-0.08,1.73e-05,0.96
1.74e-05,-0.064,1.74e-05,0.96
1.75e-05,-0.072,1.75e-05,0.96
1.76e-05,-0.08,1.76e-05,0.96
1.77e-05,-0.072,1.77e-05,1.04
1.78e-05,-0.064,1.78e-05,0.96
1.79e-05,-0.056,1.79e-05,0.96
1.8e-05,-0.064,1.8e-05,0.96
1.81e-05,-0.064,1.81e-05,0.96
1.82e-05,-0.064,1.82e-05,0.96
1.83e-05,-0.056,1.83e-05,0.96
1.84e-05,-0.048,1.84e-05,0.96
1.85e-05,-0.048,1.85e-05,0.96
1.86e-05,-0.04,1.86e-05,1.0
1.87e-05,-0.048,1.87e-05,0.96
1.88e-05,-0.048,1.88e-05,0.96
1.89e-05,-0.048,1.89e-05,1.0
1.9e-05,-0.048,1.9e-05,1.0
1.91e-05,-0.04,1.91e-05,1.0
1.92e-05,-0.048,1.92e-05,0.96
1.93e-05,-0.04,1.93e-05,0.96
1.94e-05,-0.048,1.94e-05,0.96
1.95e-05,-0.04,1.95e-05,0.96
1.96e-05,-0.032,1.96e-05,0.96
1.97e-05,-0.032,1.97e-05,0.96
1.98e-05,-0.04,1.98e-05,0.96
1.99e-05,-0.032,1.99e-05,0.92
2e-05,-0.032,2e-05,0.92
2.01e-05,-0.032,2.01e-05,1.0
2.02e-05,-0.024,2.02e-05,0.96
2.03e-05,-0.024,2.03e-05,0.92
2.04e-05,-0.024,2.04e-05,0.96
2.05e-05,-0.016,2.05e-05,0.96
2.06e-05,-0.024,2.06e-05,0.96
2.07e-05,-0.016,2.07e-05,0.96
2.08e-05,-0.024,2.08e-05,1.0
2.09e-05,-0.008,2.09e-05,0.96
2.1e-05,-0.016,2.1e-05,1.0
2.11e-05,-0.016,2.11e-05,0.96
2.12e-05,-0.008,2.12e-05,0.96
2.13e-05,-0.008,2.13e-05,0.92
2.14e-05,-0.008,2.14e-05,0.96
2.15e-05,0.0,2.15e-05,0.96
2.16e-05,-0.008,2.16e-05,0.96
2.17e-05,0.008,2.17e-05,1.0
2.18e-05,0.0,2.18e-05,0.92
2.19e-05,0.008,2.19e-05,0.96
2.2e-05,0.008,2.2e-05,1.0
2.21e-05,0.008,2.21e-05,1.0
2.22e-05,0.008,2.22e-05,0.96
2.23e-05,0.008,2.23e-05,0.96
2.24e-05,0.008,2.24e-05,0.92
2.25e-05,0.008,2.25e-05,1.0
2.26e-05,0.024,2.26e-05,0.96
2.27e-05,0.016,2.27e-05,0.96
2.28e-05,0.024,2.28e-05,0.96
2.29e-05,0.016,2.29e-05,0.92
2.3e-05,0.024,2.3e-05,0.96
2.31e-05,0.024,2.31e-05,0.96
2.32e-05,0.032,2.32e-05,1.0
2.33e-05,0.032,2.33e-05,0.96
2.34e-05,0.032,2.34e-05,0.96
2.35e-05,0.032,2.35e-05,0.96
2.36e-05,0.032,2.36e-05,0.96
2.37e-05,0.032,2.37e-05,0.96
2.38e-05,0.032,2.38e-05,0.96
2.39e-05,0.032,2.39e-05,1.0
2.4e-05,0.04,2.4e-05,0.96
2.41e-05,0.032,2.41e-05,0.96
2.42e-05,0.04,2.42e-05,0.92
2.43e-05,0.04,2.43e-05,1.0
2.44e-05,0.048,2.44e-05,0.96
2.45e-05,0.048,2.45e-05,1.0
2.46e-05,0.048,2.46e-05,1.0
2.47e-05,0.048,2.47e-05,0.96
2.48e-05,0.056,2.48e-05,1.0
2.49e-05,0.048,2.49e-05,0.96
2.5e-05,0.056,2.5e-05,1.0
2.51e-05,0.056,2.51e-05,0.96
2.52e-05,0.064,2.52e-05,1.0
2.53e-05,0.056,2.53e-05,1.0
2.54e-05,0.064,2.54e-05,0.96
2.55e-05,0.064,2.55e-05,1.0
2.56e-05,0.064,2.56e-05,1.0
2.57e-05,0.064,2.57e-05,1.0
2.58e-05,0.072,2.58e-05,0.96
2.59e-05,0.064,2.59e-05,0.96
2.6e-05,0.064,2.6e-05,0.96
2.61e-05,0.072,2.61e-05,0.92
2.62e-05,0.08,2.62e-05,0.96
2.63e-05,0.072,2.63e-05,0.96
2.64e-05,0.072,2.64e-05,0.96
2.65e-05,0.072,2.65e-05,1.0
2.66e-05,0.08,2.66e-05,0.96
2.67e-05,0.08,2.67e-05,1.0
2.68e-05,0.08,2.68e-05,1.0
2.69e-05,0.088,2.69e-05,0.96
2.7e-05,0.08,2.7e-05,0.96
2.71e-05,0.088,2.71e-05,1.0
2.72e-05,0.096,2.72e-05,0.96
2.73e-05,0.088,2.73e-05,1.0
2.74e-05,0.088,2.74e-05,1.0
2.75e-05,0.08,2.75e-05,0.96
2.76e-05,0.096,2.76e-05,1.0
2.77e-05,0.088,2.77e-05,0.96
2.78e-05,0.104,2.78e-05,0.96
2.79e-05,0.096,2.79e-05,0.96
2.8e-05,0.096,2.8e-05,0.96
2.81e-05,0.104,2.81e-05,1.0
2.82e-05,0.104,2.82e-05,1.0
2.83e-05,0.096,2.83e-05,0.96
2.84e-05,0.104,2.84e-05,1.0
2.85e-05,0.112,2.85e-05,0.92
2.86e-05,0.104,2.86e-05,0.96
2.87e-05,0.104,2.87e-05,0.96
2.88e-05,0.112,2.88e-05,0.96
2.89e-05,0.112,2.89e-05,1.0
2.9e-05,0.112,2.9e-05,0.96
2.91e-05,0.112,2.91e-05,0.96
2.92e-05,0.112,2.92e-05,1.0
2.93e-05,0.128,2.93e-05,0.96
2.94e-05,0.12,2.94e-05,0.96
2.95e-05,0.12,2.95e-05,1.0
2.96e-05,0.128,2.96e-05,0.96
2.97e-05,0.128,2.97e-05,1.0
2.98e-05,0.136,2.98e-05,0.96
2.99e-05,0.128,2.99e-05,0.96
3e-05,0.128,3e-05,1.0
3.01e-05,0.128,3.01e-05,0.96
3.02e-05,0.136,3.02e-05,1.0
3.03e-05,0.144,3.03e-05,0.96
3.04e-05,0.136,3.04e-05,1.0
3.05e-05,0.136,3.05e-05,1.0
3.06e-05,0.136,3.06e-05,0.96
3.07e-05,0.136,3.07e-05,0.96
3.08e-05,0.136,3.08e-05,1.0
3.09e-05,0.144,3.09e-05,1.0
3.1e-05,0.152,3.1e-05,0.96
3.11e-05,0.144,3.11e-05,0.96
3.12e-05,0.144,3.12e-05,0.96
3.13e-05,0.144,3.13e-05,1.0
3.14e-05,0.144,3.14e-05,0.92
3.15e-05,0.152,3.15e-05,0.96
3.16e-05,0.16,3.16e-05,0.96
3.17e-05,0.152,3.17e-05,1.0
3.18e-05,0.16,3.18e-05,1.0
3.19e-05,0.16,3.19e-05,1.0
3.2e-05,0.152,3.2e-05,0.96
3.21e-05,0.16,3.21e-05,0.96
3.22e-05,0.16,3.22e-05,0.96
3.23e-05,0.152,3.23e-05,0.96
3.24e-05,0.168,3.24e-05,1.0
3.25e-05,0.16,3.25e-05,0.96
3.26e-05,0.168,3.26e-05,0.96
3.27e-05,0.168,3.27e-05,0.96
3.28e-05,0.176,3.28e-05,0.96
3.29e-05,0.168,3.29e-05,0.96
3.3e-05,0.176,3.3e-05,0.96
3.31e-05,0.176,3.31e-05,0.96
3.32e-05,0.184,3.32e-05,1.0
3.33e-05,0.176,3.33e-05,0.92
3.34e-05,0.176,3.34e-05,1.0
3.35e-05,0.184,3.35e-05,0.96
3.36e-05,0.176,3.36e-05,0.96
3.37e-05,0.184,3.37e-05,0.96
3.38e-05,0.176,3.38e-05,1.0
3.39e-05,0.176,3.39e-05,0.96
3.4e-05,0.176,3.4e-05,1.0
3.41e-05,0.184,3.41e-05,0.96
3.42e-05,0.192,3.42e-05,0.96
3.43e-05,0.184,3.43e-05,1.0
3.44e-05,0.192,3.44e-05,0.96
3.45e-05,0.184,3.45e-05,1.0
3.46e-05,0.192,3.46e-05,1.0
3.47e-05,0.2,3.47e-05,0.96
3.48e-05,0.2,3.48e-05,1.0
3.49e-05,0.192,3.49e-05,0.96
3.5e-05,0.2,3.5e-05,1.0
3.51e-05,0.2,3.51e-05,1.0
3.52e-05,0.208,3.52e-05,0.96
3.53e-05,0.208,3.53e-05,0.96
3.54e-05,0.208,3.54e-05,0.96
3.55e-05,0.216,3.55e-05,1.0
3.56e-05,0.208,3.56e-05,0.96
3.57e-05,0.208,3.57e-05,0.96
3.58e-05,0.216,3.58e-05,1.0
3.59e-05,0.208,3.59e-05,1.0
3.6e-05,0.208,3.6e-05,0.96
3.61e-05,0.216,3.61e-05,0.96
3.62e-05,0.216,3.62e-05,0.96
3.63e-05,0.208,3.63e-05,0.96
3.64e-05,0.224,3.64e-05,1.0
3.65e-05,0.216,3.65e-05,1.0
3.66e-05,0.216,3.66e-05,0.96
3.67e-05,0.224,3.67e-05,1.04
3.68e-05,0.224,3.68e-05,0.96
3.69e-05,0.216,3.69e-05,0.96
3.7e-05,0.224,3.7e-05,1.0
3.71e-05,0.224,3.71e-05,-1.04
3.72e-05,0.232,3.72e-05,-1.08
3.73e-05,0.216,3.73e-05,-1.04
3.74e-05,0.208,3.74e-05,-1.04
3.75e-05,0.224,3.75e-05,-1.0
3.76e-05,0.208,3.76e-05,-1.04
3.77e-05,0.216,3.77e-05,-1.04
3.78e-05,0.208,3.78e-05,-1.12
3.79e-05,0.2,3.79e-05,-1.04
3.8e-05,0.208,3.8e-05,-1.08
3.81e-05,0.2,3.81e-05,-1.08
3.82e-05,0.192,3.82e-05,-1.08
3.83e-05,0.2,3.83e-05,-1.08
3.84e-05,0.192,3.84e-05,-1.04
3.85e-05,0.2,3.85e-05,-1.04
3.86e-05,0.184,3.86e-05,-1.0
3.87e-05,0.192,3.87e-05,-1.04
3.88e-05,0.192,3.88e-05,-1.04
3.89e-05,0.184,3.89e-05,-1.0
3.9e-05,0.176,3.9e-05,-1.04
3.91e-05,0.176,3.91e-05,-1.08
3.92e-05,0.176,3.92e-05,-1.04
3.93e-05,0.176,3.93e-05,-1.08
3.94e-05,0.184,3.94e-05,-1.04
3.95e-05,0.176,3.95e-05,-1.08
3.96e-05,0.16,3.96e-05,-1.04
3.97e-05,0.168,3.97e-05,-1.08
3.98e-05,0.168,3.98e-05,-1.08
3.99e-05,0.16,3.99e-05,-1.0
4e-05,0.168,4e-05,-1.04
4.01e-05,0.16,4.01e-05,-1.08
4.02e-05,0.16,4.02e-05,-1.04
4.03e-05,0.152,4.03e-05,-1.08
4.04e-05,0.16,4.04e-05,-1.04
4.05e-05,0.144,4.05e-05,-1.08
4.06e-05,0.144,4.06e-05,-1.04
4.07e-05,0.144,4.07e-05,-1.04
4.08e-05,0.152,4.08e-05,-1.08
4.09e-05,0.152,4.09e-05,-1.04
4.1e-05,0.144,4.1e-05,-1.04
4.11e-05,0.136,4.11e-05,-1.08
4.12e-05,0.136,4.12e-05,-1.04
4.13e-05,0.144,4.13e-05,-1.04
4.14e-05,0.128,4.14e-05,-1.04
4.15e-05,0.136,4.15e-05,-1.0
4.16e-05,0.128,4.16e-05,-1.04
4.17e-05,0.136,4.17e-05,-1.04
4.18e-05,0.128,4.18e-05,-1.04
4.19e-05,0.128,4.19e-05,-1.08
4.2e-05,0.12,4.2e-05,-1.08
4.21e-05,0.112,4.21e-05,-1.08
4.22e-05,0.112,4.22e-05,-1.08
4.23e-05,0.12,4.23e-05,-1.04
4.24e-05,0.12,4.24e-05,-1.04
4.25e-05,0.112,4.25e-05,-1.04
4.26e-05,0.112,4.26e-05,-1.08
4.27e-05,0.112,4.27e-05,-1.04
4.28e-05,0.104,4.28e-05,-1.08
4.29e-05,0.104,4.29e-05,-1.08
4.3e-05,0.104,4.3e-05,-1.04
4.31e-05,0.112,4.31e-05,-1.08
4.32e-05,0.104,4.32e-05,-1.04
4.33e-05,0.096,4.33e-05,-1.08
4.34e-05,0.096,4.34e-05,-1.08
4.35e-05,0.096,4.35e-05,-1.08
4.36e-05,0.104,4.36e-05,-1.08
4.37e-05,0.088,4.37e-05,-1.04
4.38e-05,0.088,4.38e-05,-1.04
4.39e-05,0.08,4.39e-05,-1.04
4.4e-05,0.08,4.4e-05,-1.08
4.41e-05,0.088,4.41e-05,-1.04
4.42e-05,0.088,4.42e-05,-1.04
4.43e-05,0.08,4.43e-05,-1.08
4.44e-05,0.08,4.44e-05,-1.0
4.45e-05,0.088,4.45e-05,-1.08
4.46e-05,0.072,4.46e-05,-1.04
4.47e-05,0.072,4.47e-05,-1.04
4.48e-05,0.08,4.48e-05,-1.04
4.49e-05,0.072,4.49e-05,-1.0
4.5e-05,0.064,4.5e-05,-1.04
4.51e-05,0.064,4.51e-05,-1.08
4.52e-05,0.072,4.52e-05,-1.08
4.53e-05,0.072,4.53e-05,-1.08
4.54e-05,0.056,4.54e-05,-1.04
4.55e-05,0.056,4.55e-05,-1.04
4.56e-05,0.064,4.56e-05,-1.0
4.57e-05,0.056,4.57e-05,-1.04
4.58e-05,0.056,4.58e-05,-1.08
4.59e-05,0.048,4.59e-05,-1.12
4.6e-05,0.056,4.6e-05,-1.08
4.61e-05,0.048,4.61e-05,-1.08
4.62e-05,0.048,4.62e-05,-1.04
4.63e-05,0.04,4.63e-05,-1.12
4.64e-05,0.048,4.64e-05,-1.04
4.65e-05,0.048,4.65e-05,-1.08
4.66e-05,0.048,4.66e-05,-1.04
4.67e-05,0.04,4.67e-05,-1.04
4.68e-05,0.04,4.68e-05,-1.08
4.69e-05,0.04,4.69e-05,-1.08
4.7e-05,0.032,4.7e-05,-1.0
4.71e-05,0.032,4.71e-05,-1.08
4.72e-05,0.032,4.72e-05,-1.08
4.73e-05,0.024,4.73e-05,-1.08
4.74e-05,0.024,4.74e-05,-1.0
4.75e-05,0.032,4.75e-05,-1.04
4.76e-05,0.032,4.76e-05,-1.0
4.77e-05,0.024,4.77e-05,-1.12
4.78e-05,0.024,4.78e-05,-0.96
4.79e-05,0.024,4.79e-05,-1.08
4.8e-05,0.024,4.8e-05,-1.08
4.81e-05,0.016,4.81e-05,-1.04
4.82e-05,0.016,4.82e-05,-1.08
4.83e-05,0.008,4.83e-05,-1.12
4.84e-05,0.016,4.84e-05,-1.12
4.85e-05,0.008,4.85e-05,-1.04
4.86e-05,0.008,4.86e-05,-1.08
4.87e-05,0.008,4.87e-05,-1.08
4.88e-05,0.0,4.88e-05,-1.08
4.89e-05,0.016,4.89e-05,-1.04
4.9e-05,0.0,4.9e-05,-1.04
4.91e-05,0.008,4.91e-05,-1.08
4.92e-05,-0.008,4.92e-05,-1.08
4.93e-05,0.0,4.93e-05,-1.12
4.94e-05,-0.008,4.94e-05,-1.04
4.95e-05,0.008,4.95e-05,-1.04
4.96e-05,-0.008,4.96e-05,-1.08
4.97e-05,0.0,4.97e-05,-1.12
4.98e-05,-0.008,4.98e-05,-1.04
4.99e-05,-0.016,4.99e-05,-1.08
5e-05,-0.008,5e-05,-1.08
5.01e-05,-0.008,5.01e-05,-1.0
5.02e-05,-0.016,5.02e-05,-1.08
5.03e-05,-0.008,5.03e-05,-1.04
5.04e-05,-0.016,5.04e-05,-1.08
5.05e-05,-0.024,5.05e-05,-1.08
5.06e-05,-0.024,5.06e-05,-1.08
5.07e-05,-0.024,5.07e-05,-1.08
5.08e-05,-0.024,5.08e-05,-1.08
5.09e-05,-0.024,5.09e-05,-1.08
5.1e-05,-0.024,5.1e-05,-1.08
5.11e-05,-0.032,5.11e-05,-1.0
5.12e-05,-0.04,5.12e-05,-1.08
5.13e-05,-0.032,5.13e-05,-1.08
5.14e-05,-0.032,5.14e-05,-1.08
5.15e-05,-0.032,5.15e-05,-1.08
5.16e-05,-0.032,5.16e-05,-1.08
5.17e-05,-0.024,5.17e-05,-1.08
5.18e-05,-0.048,5.18e-05,-1.12
5.19e-05,-0.04,5.19e-05,-1.08
5.2e-05,-0.04,5.2e-05,-1.08
5.21e-05,-0.048,5.21e-05,-1.12
5.22e-05,-0.048,5.22e-05,-1.04
5.23e-05,-0.04,5.23e-05,-1.08
5.24e-05,-0.048,5.24e-05,-1.04
5.25e-05,-0.048,5.25e-05,-1.08
5.26e-05,-0.056,5.26e-05,-1.08
5.27e-05,-0.048,5.27e-05,-1.08
5.28e-05,-0.056,5.28e-05,-1.12
5.29e-05,-0.056,5.29e-05,-1.04
5.3e-05,-0.056,5.3e-05,-1.04
5.31e-05,-0.064,5.31e-05,-1.08
5.32e-05,-0.064,5.32e-05,-1.08
5.33e-05,-0.056,5.33e-05,-1.04
5.34e-05,-0.064,5.34e-05,-1.08
5.35e-05,-0.064,5.35e-05,-1.08
5.36e-05,-0.072,5.36e-05,-1.08
5.37e-05,-0.08,5.37e-05,-1.04
5.38e-05,-0.08,5.38e-05,-1.0
5.39e-05,-0.072,5.39e-05,-1.04
5.4e-05,-0.072,5.4e-05,-1.04
5.41e-05,-0.072,5.41e-05,-1.08
5.42e-05,-0.072,5.42e-05,-1.04
5.43e-05,-0.072,5.43e-05,-1.04
5.44e-05,-0.08,5.44e-05,-1.08
5.45e-05,-0.072,5.45e-05,-1.04
5.46e-05,-0.08,5.46e-05,-1.0
5.47e-05,-0.088,5.47e-05,-1.12
5.48e-05,-0.08,5.48e-05,-1.04
5.49e-05,-0.08,5.49e-05,-1.04
5.5e-05,-0.088,5.5e-05,-1.08
5.51e-05,-0.088,5.51e-05,-1.04
5.52e-05,-0.088,5.52e-05,-1.04
5.53e-05,-0.08,5.53e-05,-1.08
5.54e-05,-0.096,5.54e-05,-1.08
5.55e-05,-0.096,5.55e-05,-1.04
5.56e-05,-0.096,5.56e-05,-1.08
5.57e-05,-0.096,5.57e-05,-1.08
5.58e-05,-0.096,5.58e-05,-1.12
5.59e-05,-0.104,5.59e-05,-1.08
5.6e-05,-0.104,5.6e-05,-1.08
5.61e-05,-0.104,5.61e-05,-1.08
5.62e-05,-0.104,5.62e-05,-1.04
5.63e-05,-0.104,5.63e-05,-1.08
5.64e-05,-0.104,5.64e-05,-1.04
5.65e-05,-0.104,5.65e-05,-1.04
5.66e-05,-0.112,5.66e-05,-1.08
5.67e-05,-0.112,5.67e-05,-1.08
5.68e-05,-0.104,5.68e-05,-1.08
5.69e-05,-0.112,5.69e-05,-1.04
5.7e-05,-0.112,5.7e-05,-1.08
5.71e-05,-0.12,5.71e-05,-1.04
5.72e-05,-0.128,5.72e-05,-1.08
5.73e-05,-0.112,5.73e-05,-1.08
5.74e-05,-0.128,5.74e-05,-1.08
5.75e-05,-0.112,5.75e-05,-1.04
5.76e-05,-0.112,5.76e-05,-1.08
5.77e-05,-0.12,5.77e-05,-1.08
5.78e-05,-0.128,5.78e-05,-1.04
5.79e-05,-0.128,5.79e-05,-1.04
5.8e-05,-0.128,5.8e-05,-1.12
5.81e-05,-0.128,5.81e-05,-1.04
5.82e-05,-0.128,5.82e-05,-1.04
5.83e-05,-0.128,5.83e-05,-1.08
5.84e-05,-0.128,5.84e-05,-1.08
5.85e-05,-0.128,5.85e-05,-1.08
5.86e-05,-0.136,5.86e-05,-1.04
5.87e-05,-0.136,5.87e-05,-1.04
5.88e-05,-0.144,5.88e-05,-1.04
5.89e-05,-0.144,5.89e-05,-1.04
5.9e-05,-0.136,5.9e-05,-1.04
5.91e-05,-0.144,5.91e-05,-1.08
5.92e-05,-0.144,5.92e-05,-1.08
5.93e-05,-0.144,5.93e-05,-1.08
5.94e-05,-0.152,5.94e-05,-1.08
5.95e-05,-0.144,5.95e-05,-1.08
5.96e-05,-0.152,5.96e-05,-1.08
5.97e-05,-0.144,5.97e-05,-1.04
5.98e-05,-0.152,5.98e-05,-1.04
5.99e-05,-0.152,5.99e-05,-1.08
6e-05,-0.152,6e-05,-1.0
6.01e-05,-0.16,6.01e-05,-1.04
6.02e-05,-0.152,6.02e-05,-1.08
6.03e-05,-0.16,6.03e-05,-1.08
6.04e-05,-0.16,6.04e-05,-1.08
6.05e-05,-0.168,6.05e-05,-1.04
6.06e-05,-0.152,6.06e-05,-1.04
6.07e-05,-0.168,6.07e-05,-1.04
6.08e-05,-0.168,6.08e-05,-1.08
6.09e-05,-0.168,6.09e-05,-1.04
6.1e-05,-0.16,6.1e-05,-1.0
6.11e-05,-0.16,6.11e-05,-1.04
6.12e-05,-0.16,6.12e-05,-1.08
6.13e-05,-0.168,6.13e-05,-1.04
6.14e-05,-0.176,6.14e-05,-1.04
6.15e-05,-0.168,6.15e-05,-1.04
6.16e-05,-0.168,6.16e-05,-1.12
6.17e-05,-0.184,6.17e-05,-1.08
6.18e-05,-0.176,6.18e-05,-1.08
6.19e-05,-0.184,6.19e-05,-1.08
6.2e-05,-0.176,6.2e-05,-1.08
6.21e-05,-0.184,6.21e-05,0.92
6.22e-05,-0.192,6.22e-05,0.96
6.23e-05,-0.176,6.23e-05,0.92
6.24e-05,-0.168,6.24e-05,0.96
6.25e-05,-0.176,6.25e-05,0.92
6.26e-05,-0.176,6.26e-05,0.96
6.27e-05,-0.168,6.27e-05,1.0
6.28e-05,-0.16,6.28e-05,0.96
6.29e-05,-0.16,6.29e-05,0.96
6.3e-05,-0.16,6.3e-05,0.92
6.31e-05,-0.152,6.31e-05,0.96
6.32e-05,-0.16,6.32e-05,0.92
6.33e-05,-0.152,6.33e-05,0.96
6.34e-05,-0.152,6.34e-05,0.96
6.35e-05,-0.16,6.35e-05,1.0
6.36e-05,-0.152,6.36e-05,0.96
6.37e-05,-0.144,6.37e-05,0.96
6.38e-05,-0.144,6.38e-05,0.96
6.39e-05,-0.144,6.39e-05,0.96
6.4e-05,-0.136,6.4e-05,0.96
6.41e-05,-0.136,6.41e-05,0.96
6.42e-05,-0.136,6.42e-05,1.0
6.43e-05,-0.136,6.43e-05,0.92
6.44e-05,-0.128,6.44e-05,1.0
6.45e-05,-0.128,6.45e-05,1.0
6.46e-05,-0.128,6.46e-05,0.96
6.47e-05,-0.128,6.47e-05,0.96
6.48e-05,-0.12,6.48e-05,1.0
6.49e-05,-0.12,6.49e-05,1.0
6.5e-05,-0.112,6.5e-05,0.96
6.51e-05,-0.12,6.51e-05,0.96
6.52e-05,-0.112,6.52e-05,1.0
6.53e-05,-0.112,6.53e-05,0.96
6.54e-05,-0.112,6.54e-05,0.96
6.55e-05,-0.104,6.55e-05,1.0
6.56e-05,-0.12,6.56e-05,0.96
6.57e-05,-0.112,6.57e-05,0.96
6.58e-05,-0.104,6.58e-05,0.96
6.59e-05,-0.096,6.59e-05,0.92
6.6e-05,-0.104,6.6e-05,0.96
6.61e-05,-0.096,6.61e-05,0.96
6.62e-05,-0.096,6.62e-05,0.92
6.63e-05,-0.096,6.63e-05,1.0
6.64e-05,-0.096,6.64e-05,1.0
6.65e-05,-0.088,6.65e-05,0.96
6.66e-05,-0.088,6.66e-05,0.96
6.67e-05,-0.088,6.67e-05,0.96
6.68e-05,-0.088,6.68e-05,0.96
6.69e-05,-0.088,6.69e-05,0.96
6.7e-05,-0.08,6.7e-05,0.96
6.71e-05,-0.088,6.71e-05,0.96
6.72e-05,-0.08,6.72e-05,1.0
6.73e-05,-0.072,6.73e-05,0.92
6.74e-05,-0.08,6.74e-05,0.96
6.75e-05,-0.064,6.75e-05,0.96
6.76e-05,-0.072,6.76e-05,0.92
6.77e-05,-0.064,6.77e-05,1.0
6.78e-05,-0.072,6.78e-05,0.96
6.79e-05,-0.064,6.79e-05,0.96
6.8e-05,-0.064,6.8e-05,0.96
6.81e-05,-0.064,6.81e-05,0.96
6.82e-05,-0.056,6.82e-05,0.96
6.83e-05,-0.056,6.83e-05,1.0
6.84e-05,-0.048,6.84e-05,0.96
6.85e-05,-0.048,6.85e-05,0.96
6.86e-05,-0.056,6.86e-05,1.0
6.87e-05,-0.056,6.87e-05,0.96
6.88e-05,-0.048,6.88e-05,0.92
6.89e-05,-0.048,6.89e-05,0.96
6.9e-05,-0.048,6.9e-05,0.92
6.91e-05,-0.032,6.91e-05,0.96
6.92e-05,-0.04,6.92e-05,0.92
6.93e-05,-0.04,6.93e-05,0.96
6.94e-05,-0.032,6.94e-05,0.96
6.95e-05,-0.032,6.95e-05,0.96
6.96e-05,-0.032,6.96e-05,0.96
6.97e-05,-0.032,6.97e-05,0.96
6.98e-05,-0.032,6.98e-05,0.96
6.99e-05,-0.032,6.99e-05,0.96
7e-05,-0.032,7e-05,0.96
7.01e-05,-0.024,7.01e-05,0.96
7.02e-05,-0.032,7.02e-05,0.92
7.03e-05,-0.024,7.03e-05,0.96
7.04e-05,-0.024,7.04e-05,0.92
7.05e-05,-0.016,7.05e-05,1.0
7.06e-05,-0.024,7.06e-05,1.0
7.07e-05,-0.016,7.07e-05,0.92
7.08e-05,-0.016,7.08e-05,0.92
7.09e-05,-0.016,7.09e-05,0.96
7.1e-05,-0.016,7.1e-05,1.0
7.11e-05,-0.008,7.11e-05,0.96
7.12e-05,0.0,7.12e-05,0.96
7.13e-05,0.0,7.13e-05,0.96
7.14e-05,-0.008,7.14e-05,0.92
7.15e-05,0.0,7.15e-05,0.96
7.16e-05,-0.008,7.16e-05,0.96
7.17e-05,0.0,7.17e-05,1.0
7.18e-05,0.0,7.18e-05,1.0
7.19e-05,0.0,7.19e-05,0.96
7.2e-05,0.0,7.2e-05,0.96
7.21e-05,0.016,7.21e-05,0.96
7.22e-05,0.0,7.22e-05,1.0
7.23e-05,0.008,7.23e-05,1.0
7.24e-05,0.008,7.24e-05,0.96
7.25e-05,0.016,7.25e-05,1.0
7.26e-05,0.008,7.26e-05,0.96
7.27e-05,0.024,7.27e-05,0.96
7.28e-05,0.016,7.28e-05,0.96
7.29e-05,0.016,7.29e-05,0.96
7.3e-05,0.024,7.3e-05,0.96
7.31e-05,0.032,7.31e-05,0.96
7.32e-05,0.024,7.32e-05,0.96
7.33e-05,0.032,7.33e-05,0.96
7.34e-05,0.016,7.34e-05,0.96
7.35e-05,0.024,7.35e-05,0.96
7.36e-05,0.032,7.36e-05,1.0
7.37e-05,0.04,7.37e-05,0.96
7.38e-05,0.032,7.38e-05,0.96
7.39e-05,0.032,7.39e-05,0.96
7.4e-05,0.04,7.4e-05,0.96
7.41e-05,0.032,7.41e-05,1.0
7.42e-05,0.048,7.42e-05,0.96
7.43e-05,0.04,7.43e-05,1.0
7.44e-05,0.04,7.44e-05,1.0
7.45e-05,0.04,7.45e-05,0.96
7.46e-05,0.056,7.46e-05,1.0
7.47e-05,0.048,7.47e-05,1.0
7.48e-05,0.048,7.48e-05,0.96
7.49e-05,0.048,7.49e-05,0.96
7.5e-05,0.056,7.5e-05,0.96
7.51e-05,0.048,7.51e-05,1.0
7.52e-05,0.056,7.52e-05,0.96
7.53e-05,0.064,7.53e-05,0.96
7.54e-05,0.064,7.54e-05,0.96
7.55e-05,0.056,7.55e-05,0.96
7.56e-05,0.056,7.56e-05,1.0
7.57e-05,0.056,7.57e-05,0.96
7.58e-05,0.064,7.58e-05,1.0
7.59e-05,0.064,7.59e-05,0.96
7.6e-05,0.072,7.6e-05,0.96
7.61e-05,0.064,7.61e-05,0.96
7.62e-05,0.072,7.62e-05,0.96
7.63e-05,0.072,7.63e-05,1.0
7.64e-05,0.072,7.64e-05,1.0
7.65e-05,0.08,7.65e-05,0.96
7.66e-05,0.072,7.66e-05,1.0
7.67e-05,0.08,7.67e-05,0.96
7.68e-05,0.08,7.68e-05,1.0
7.69e-05,0.08,7.69e-05,1.0
7.7e-05,0.08,7.7e-05,0.96
7.71e-05,0.08,7.71e-05,0.96
7.72e-05,0.088,7.72e-05,1.0
7.73e-05,0.096,7.73e-05,1.0
7.74e-05,0.096,7.74e-05,0.96
7.75e-05,0.088,7.75e-05,1.0
7.76e-05,0.096,7.76e-05,0.96
7.77e-05,0.096,7.77e-05,1.0
7.78e-05,0.096,7.78e-05,0.96
7.79e-05,0.096,7.79e-05,1.0
7.8e-05,0.104,7.8e-05,0.96
7.81e-05,0.112,7.81e-05,1.0
7.82e-05,0.104,7.82e-05,1.0
7.83e-05,0.104,7.83e-05,0.96
7.84e-05,0.104,7.84e-05,0.96
7.85e-05,0.104,7.85e-05,1.0
7.86e-05,0.104,7.86e-05,1.0
7.87e-05,0.112,7.87e-05,1.0
7.88e-05,0.112,7.88e-05,1.0
7.89e-05,0.112,7.89e-05,0.96
7.9e-05,0.112,7.9e-05,0.96
7.91e-05,0.112,7.91e-05,0.96
7.92e-05,0.112,7.92e-05,1.0
7.93e-05,0.112,7.93e-05,1.0
7.94e-05,0.12,7.94e-05,0.92
7.95e-05,0.12,7.95e-05,1.0
7.96e-05,0.12,7.96e-05,0.96
7.97e-05,0.12,7.97e-05,0.96
7.98e-05,0.128,7.98e-05,0.96
7.99e-05,0.128,7.99e-05,1.0
8e-05,0.12,8e-05,1.0
8.01e-05,0.12,8.01e-05,0.96
8.02e-05,0.128,8.02e-05,0.96
8.03e-05,0.136,8.03e-05,0.96
8.04e-05,0.136,8.04e-05,1.0
8.05e-05,0.136,8.05e-05,1.0
8.06e-05,0.136,8.06e-05,0.96
8.07e-05,0.136,8.07e-05,0.96
8.08e-05,0.136,8.08e-05,1.0
8.09e-05,0.136,8.09e-05,0.96
8.1e-05,0.144,8.1e-05,1.0
8.11e-05,0.144,8.11e-05,0.96
8.12e-05,0.144,8.12e-05,0.96
8.13e-05,0.144,8.13e-05,1.0
8.14e-05,0.152,8.14e-05,1.0
8.15e-05,0.144,8.15e-05,0.92
8.16e-05,0.136,8.16e-05,1.0
8.17e-05,0.152,8.17e-05,1.0
8.18e-05,0.144,8.18e-05,1.0
8.19e-05,0.152,8.19e-05,0.96
8.2e-05,0.16,8.2e-05,0.92
8.21e-05,0.152,8.21e-05,0.96
8.22e-05,0.168,8.22e-05,0.96
8.23e-05,0.168,8.23e-05,0.96
8.24e-05,0.168,8.24e-05,0.96
8.25e-05,0.16,8.25e-05,1.0
8.26e-05,0.176,8.26e-05,1.0
8.27e-05,0.168,8.27e-05,1.0
8.28e-05,0.16,8.28e-05,0.96
8.29e-05,0.168,8.29e-05,1.0
8.3e-05,0.176,8.3e-05,0.92
8.31e-05,0.176,8.31e-05,1.0
8.32e-05,0.184,8.32e-05,0.96
8.33e-05,0.176,8.33e-05,1.0
8.34e-05,0.168,8.34e-05,0.96
8.35e-05,0.168,8.35e-05,1.0
8.36e-05,0.168,8.36e-05,1.0
8.37e-05,0.184,8.37e-05,0.96
8.38e-05,0.176,8.38e-05,1.0
8.39e-05,0.184,8.39e-05,0.96
8.4e-05,0.184,8.4e-05,1.0
8.41e-05,0.192,8.41e-05,1.0
8.42e-05,0.184,8.42e-05,0.96
8.43e-05,0.2,8.43e-05,0.96
8.44e-05,0.192,8.44e-05,0.96
8.45e-05,0.192,8.45e-05,0.96
8.46e-05,0.192,8.46e-05,1.0
8.47e-05,0.192,8.47e-05,0.96
8.48e-05,0.2,8.48e-05,1.0
8.49e-05,0.192,8.49e-05,0.96
8.5e-05,0.192,8.5e-05,1.0
8.51e-05,0.2,8.51e-05,0.96
8.52e-05,0.192,8.52e-05,0.96
8.53e-05,0.208,8.53e-05,1.0
8.54e-05,0.192,8.54e-05,0.96
8.55e-05,0.208,8.55e-05,1.0
8.56e-05,0.2,8.56e-05,0.96
8.57e-05,0.208,8.57e-05,0.96
8.58e-05,0.208,8.58e-05,0.92
8.59e-05,0.208,8.59e-05,0.96
8.6e-05,0.216,8.6e-05,0.96
8.61e-05,0.216,8.61e-05,0.96
8.62e-05,0.224,8.62e-05,0.96
8.63e-05,0.216,8.63e-05,1.0
8.64e-05,0.224,8.64e-05,1.0
8.65e-05,0.216,8.65e-05,1.0
8.66e-05,0.216,8.66e-05,1.0
8.67e-05,0.216,8.67e-05,0.96
8.68e-05,0.216,8.68e-05,0.96
8.69e-05,0.216,8.69e-05,1.0
8.7e-05,0.224,8.7e-05,1.0
8.71e-05,0.224,8.71e-05,-1.0
8.72e-05,0.232,8.72e-05,-1.04
8.73e-05,0.216,8.73e-05,-1.12
8.74e-05,0.216,8.74e-05,-1.08
8.75e-05,0.208,8.75e-05,-1.04
8.76e-05,0.2,8.76e-05,-1.04
8.77e-05,0.208,8.77e-05,-1.08
8.78e-05,0.208,8.78e-05,-1.08
8.79e-05,0.2,8.79e-05,-1.08
8.8e-05,0.208,8.8e-05,-1.08
8.81e-05,0.2,8.81e-05,-1.04
8.82e-05,0.2,8.82e-05,-1.0
8.83e-05,0.192,8.83e-05,-1.08
8.84e-05,0.192,8.84e-05,-1.04
8.85e-05,0.184,8.85e-05,-1.04
8.86e-05,0.192,8.86e-05,-1.04
8.87e-05,0.192,8.87e-05,-1.04
8.88e-05,0.184,8.88e-05,-1.08
8.89e-05,0.192,8.89e-05,-1.04
8.9e-05,0.192,8.9e-05,-1.04
8.91e-05,0.184,8.91e-05,-1.04
8.92e-05,0.176,8.92e-05,-1.04
8.93e-05,0.176,8.93e-05,-1.08
8.94e-05,0.168,8.94e-05,-1.04
8.95e-05,0.176,8.95e-05,-1.04
8.96e-05,0.184,8.96e-05,-1.08
8.97e-05,0.176,8.97e-05,-1.0
8.98e-05,0.176,8.98e-05,-1.08
8.99e-05,0.168,8.99e-05,-1.08
9e-05,0.16,9e-05,-1.08
9.01e-05,0.152,9.01e-05,-1.08
9.02e-05,0.152,9.02e-05,-1.04
9.03e-05,0.152,9.03e-05,-1.04
9.04e-05,0.16,9.04e-05,-1.04
9.05e-05,0.152,9.05e-05,-1.08
9.06e-05,0.152,9.06e-05,-1.08
9.07e-05,0.144,9.07e-05,-1.08
9.08e-05,0.152,9.08e-05,-1.08
9.09e-05,0.144,9.09e-05,-1.04
9.1e-05,0.144,9.1e-05,-1.04
9.11e-05,0.144,9.11e-05,-1.08
9.12e-05,0.136,9.12e-05,-1.04
9.13e-05,0.144,9.13e-05,-1.04
9.14e-05,0.128,9.14e-05,-1.04
9.15e-05,0.136,9.15e-05,-1.04
9.16e-05,0.128,9.16e-05,-1.0
9.17e-05,0.128,9.17e-05,-1.12
9.18e-05,0.128,9.18e-05,-1.0
9.19e-05,0.128,9.19e-05,-1.04
9.2e-05,0.12,9.2e-05,-1.04
9.21e-05,0.128,9.21e-05,-1.08
9.22e-05,0.128,9.22e-05,-1.0
9.23e-05,0.112,9.23e-05,-1.04
9.24e-05,0.112,9.24e-05,-1.08
9.25e-05,0.112,9.25e-05,-1.0
9.26e-05,0.112,9.26e-05,-1.08
9.27e-05,0.112,9.27e-05,-1.08
9.28e-05,0.112,9.28e-05,-1.04
9.29e-05,0.112,9.29e-05,-1.04
9.3e-05,0.104,9.3e-05,-1.04
9.31e-05,0.104,9.31e-05,-1.04
9.32e-05,0.104,9.32e-05,-1.04
9.33e-05,0.104,9.33e-05,-1.0
9.34e-05,0.088,9.34e-05,-1.0
9.35e-05,0.088,9.35e-05,-1.08
9.36e-05,0.104,9.36e-05,-1.04
9.37e-05,0.096,9.37e-05,-1.04
9.38e-05,0.088,9.38e-05,-1.04
9.39e-05,0.088,9.39e-05,-1.0
9.4e-05,0.096,9.4e-05,-1.08
9.41e-05,0.08,9.41e-05,-1.04
9.42e-05,0.088,9.42e-05,-1.04
9.43e-05,0.08,9.43e-05,-1.12
9.44e-05,0.08,9.44e-05,-1.04
9.45e-05,0.072,9.45e-05,-1.04
9.46e-05,0.08,9.46e-05,-1.08
9.47e-05,0.08,9.47e-05,-1.08
9.48e-05,0.08,9.48e-05,-1.08
9.49e-05,0.072,9.49e-05,-1.04
9.5e-05,0.072,9.5e-05,-1.04
9.51e-05,0.064,9.51e-05,-1.04
9.52e-05,0.064,9.52e-05,-1.04
9.53e-05,0.056,9.53e-05,-1.08
9.54e-05,0.064,9.54e-05,-1.08
9.55e-05,0.064,9.55e-05,-1.08
9.56e-05,0.064,9.56e-05,-1.08
9.57e-05,0.048,9.57e-05,-1.08
9.58e-05,0.064,9.58e-05,-1.04
9.59e-05,0.064,9.59e-05,-1.0
9.6e-05,0.056,9.6e-05,-1.04
9.61e-05,0.056,9.61e-05,-1.0
9.62e-05,0.048,9.62e-05,-1.04
9.63e-05,0.048,9.63e-05,-1.08
9.64e-05,0.048,9.64e-05,-1.08
9.65e-05,0.048,9.65e-05,-1.0
9.66e-05,0.04,9.66e-05,-1.04
9.67e-05,0.048,9.67e-05,-1.04
9.68e-05,0.032,9.68e-05,-1.08
9.69e-05,0.04,9.69e-05,-1.08
9.7e-05,0.04,9.7e-05,-1.04
9.71e-05,0.032,9.71e-05,-1.04
9.72e-05,0.04,9.72e-05,-1.08
9.73e-05,0.032,9.73e-05,-1.0
9.74e-05,0.032,9.74e-05,-1.08
9.75e-05,0.024,9.75e-05,-1.04
9.76e-05,0.024,9.76e-05,-1.04
9.77e-05,0.032,9.77e-05,-1.04
9.78e-05,0.024,9.78e-05,-1.04
9.79e-05,0.024,9.79e-05,-1.08
9.8e-05,0.024,9.8e-05,-1.0
9.81e-05,0.024,9.81e-05,-1.04
9.82e-05,0.016,9.82e-05,-1.04
9.83e-05,0.008,9.83e-05,-1.04
9.84e-05,0.024,9.84e-05,-1.04
9.85e-05,0.016,9.85e-05,-1.04
9.86e-05,0.008,9.86e-05,-1.04
9.87e-05,0.0,9.87e-05,-1.04
9.88e-05,0.008,9.88e-05,-1.08
9.89e-05,0.008,9.89e-05,-1.08
9.9e-05,0.0,9.9e-05,-1.08
9.91e-05,0.008,9.91e-05,-1.04
9.92e-05,0.0,9.92e-05,-1.04
9.93e-05,-0.008,9.93e-05,-1.08
9.94e-05,0.0,9.94e-05,-1.08
9.95e-05,-0.008,9.95e-05,-1.08
9.96e-05,-0.008,9.96e-05,-1.0
9.97e-05,0.0,9.97e-05,-1.08
9.98e-05,0.0,9.98e-05,-1.08
9.99e-05,-0.016,9.99e-05,-1.08
0.0001,-0.016,0.0001,-1.04
0.0001,-0.016,0.0001,-1.08
0.0001,-0.016,0.0001,-1.04
0.0001,-0.016,0.0001,-1.08
0.0001,-0.024,0.0001,-1.08
0.0001,-0.016,0.0001,-1.08
0.000101,-0.016,0.000101,-1.04
0.000101,-0.016,0.000101,-1.08
0.000101,-0.024,0.000101,-1.08
0.000101,-0.024,0.000101,-1.04
0.000101,-0.032,0.000101,-1.12
0.000101,-0.032,0.000101,-1.08
0.000101,-0.024,0.000101,-1.0
0.000101,-0.04,0.000101,-1.08
0.000101,-0.032,0.000101,-1.08
0.000102,-0.032,0.000102,-1.08
0.000102,-0.04,0.000102,-1.08
0.000102,-0.032,0.000102,-1.04
0.000102,-0.04,0.000102,-1.04
0.000102,-0.04,0.000102,-1.04
0.000102,-0.048,0.000102,-1.08
0.000102,-0.056,0.000102,-1.0
0.000102,-0.048,0.000102,-1.04
0.000102,-0.048,0.000102,-1.08
0.000102,-0.04,0.000102,-1.04
0.000102,-0.048,0.000102,-1.0
0.000103,-0.048,0.000103,-1.04
0.000103,-0.056,0.000103,-1.08
0.000103,-0.056,0.000103,-1.08
0.000103,-0.056,0.000103,-1.04
0.000103,-0.056,0.000103,-1.04
0.000103,-0.064,0.000103,-1.04
0.000103,-0.056,0.000103,-1.0
0.000103,-0.064,0.000103,-1.04
0.000103,-0.072,0.000103,-1.04
0.000103,-0.064,0.000103,-1.08
0.000104,-0.072,0.000104,-1.04
0.000104,-0.072,0.000104,-1.08
0.000104,-0.072,0.000104,-1.0
0.000104,-0.072,0.000104,-1.08
0.000104,-0.08,0.000104,-1.04
0.000104,-0.072,0.000104,-1.04
0.000104,-0.08,0.000104,-1.04
0.000104,-0.072,0.000104,-1.04
0.000104,-0.072,0.000104,-1.08
0.000104,-0.08,0.000104,-1.08
0.000105,-0.08,0.000105,-1.04
0.000105,-0.08,0.000105,-1.08
0.000105,-0.08,0.000105,-1.04
0.000105,-0.088,0.000105,-1.04
0.000105,-0.088,0.000105,-1.04
0.000105,-0.088,0.000105,-1.0
0.000105,-0.096,0.000105,-1.04
0.000105,-0.096,0.000105,-1.08
0.000105,-0.096,0.000105,-1.12
0.000105,-0.088,0.000105,-1.08
0.000106,-0.088,0.000106,-1.08
0.000106,-0.096,0.000106,-1.04
0.000106,-0.104,0.000106,-1.04
0.000106,-0.112,0.000106,-1.0
0.000106,-0.104,0.000106,-1.04
0.000106,-0.104,0.000106,-1.08
0.000106,-0.104,0.000106,-1.08
0.000106,-0.096,0.000106,-1.04
0.000106,-0.112,0.000106,-1.0
0.000107,-0.112,0.000107,-1.08
0.000107,-0.112,0.000107,-1.04
0.000107,-0.128,0.000107,-1.04
0.000107,-0.112,0.000107,-1.04
0.000107,-0.12,0.000107,-1.04
0.000107,-0.112,0.000107,-1.08
0.000107,-0.12,0.000107,-1.12
0.000107,-0.12,0.000107,-1.0
0.000107,-0.128,0.000107,-1.04
0.000107,-0.12,0.000107,-1.04
0.000107,-0.128,0.000107,-1.08
0.000108,-0.128,0.000108,-1.04
0.000108,-0.128,0.000108,-1.04
0.000108,-0.12,0.000108,-1.04
0.000108,-0.128,0.000108,-1.08
0.000108,-0.128,0.000108,-1.04
0.000108,-0.128,0.000108,-1.04
0.000108,-0.136,0.000108,-1.04
0.000108,-0.128,0.000108,-1.08
0.000108,-0.136,0.000108,-1.04
0.000108,-0.136,0.000108,-1.08
0.000109,-0.136,0.000109,-1.12
0.000109,-0.128,0.000109,-1.12
0.000109,-0.144,0.000109,-1.12
0.000109,-0.144,0.000109,-1.04
0.000109,-0.144,0.000109,-1.08
0.000109,-0.144,0.000109,-1.08
0.000109,-0.144,0.000109,-1.04
0.000109,-0.144,0.000109,-1.08
0.000109,-0.152,0.000109,-1.08
0.000109,-0.152,0.000109,-1.04
0.00011,-0.152,0.00011,-1.08
0.00011,-0.16,0.00011,-1.04
0.00011,-0.152,0.00011,-1.12
0.00011,-0.144,0.00011,-1.04
0.00011,-0.152,0.00011,-1.04
0.00011,-0.16,0.00011,-1.04
0.00011,-0.16,0.00011,-1.04
0.00011,-0.16,0.00011,-1.08
0.00011,-0.152,0.00011,-1.08
0.00011,-0.16,0.00011,-1.04
0.000111,-0.168,0.000111,-1.08
0.000111,-0.16,0.000111,-1.04
0.000111,-0.168,0.000111,-1.04
0.000111,-0.16,0.000111,-1.08
0.000111,-0.168,0.000111,-1.08
0.000111,-0.168,0.000111,-1.04
0.000111,-0.184,0.000111,-1.04
0.000111,-0.168,0.000111,-1.08
0.000111,-0.168,0.000111,-1.04
0.000111,-0.168,0.000111,-1.08
0.000112,-0.184,0.000112,-1.08
0.000112,-0.184,0.000112,-1.04
0.000112,-0.176,0.000112,-1.08
0.000112,-0.176,0.000112,-1.08
0.000112,-0.184,0.000112,-1.04
0.000112,-0.184,0.000112,0.92
0.000112,-0.192,0.000112,0.96
0.000112,-0.168,0.000112,0.96
0.000112,-0.168,0.000112,0.96
0.000112,-0.16,0.000112,0.96
0.000113,-0.168,0.000113,1.0
0.000113,-0.16,0.000113,0.92
0.000113,-0.168,0.000113,0.96
0.000113,-0.16,0.000113,0.96
0.000113,-0.16,0.000113,0.96
0.000113,-0.16,0.000113,0.96
0.000113,-0.168,0.000113,0.96
0.000113,-0.152,0.000113,0.96
0.000113,-0.144,0.000113,0.92
0.000113,-0.144,0.000113,0.96
0.000114,-0.144,0.000114,0.92
0.000114,-0.152,0.000114,0.96
0.000114,-0.152,0.000114,0.96
0.000114,-0.152,0.000114,0.96
0.000114,-0.136,0.000114,0.96
0.000114,-0.136,0.000114,1.0
0.000114,-0.128,0.000114,0.96
0.000114,-0.136,0.000114,0.96
0.000114,-0.12,0.000114,0.96
0.000114,-0.12,0.000114,0.96
0.000115,-0.128,0.000115,0.96
0.000115,-0.128,0.000115,0.96
0.000115,-0.128,0.000115,1.0
0.000115,-0.128,0.000115,0.92
0.000115,-0.12,0.000115,0.96
0.000115,-0.12,0.000115,0.96
0.000115,-0.12,0.000115,1.0
0.000115,-0.104,0.000115,0.96
0.000115,-0.104,0.000115,0.96
0.000115,-0.112,0.000115,0.96
0.000116,-0.104,0.000116,0.96
0.000116,-0.104,0.000116,0.96
0.000116,-0.104,0.000116,1.0
0.000116,-0.104,0.000116,0.96
0.000116,-0.104,0.000116,0.96
0.000116,-0.096,0.000116,0.96
0.000116,-0.088,0.000116,0.96
0.000116,-0.096,0.000116,0.96
0.000116,-0.096,0.000116,0.96
0.000116,-0.096,0.000116,0.96
0.000117,-0.104,0.000117,0.96
0.000117,-0.088,0.000117,0.96
0.000117,-0.08,0.000117,0.96
0.000117,-0.08,0.000117,0.96
0.000117,-0.08,0.000117,0.96
0.000117,-0.08,0.000117,0.96
0.000117,-0.072,0.000117,1.0
0.000117,-0.08,0.000117,1.0
0.000117,-0.072,0.000117,0.96
0.000117,-0.072,0.000117,0.96
0.000118,-0.08,0.000118,1.0
0.000118,-0.064,0.000118,1.0
0.000118,-0.064,0.000118,1.0
0.000118,-0.072,0.000118,0.96
0.000118,-0.064,0.000118,1.0
0.000118,-0.064,0.000118,0.96
0.000118,-0.064,0.000118,0.96
0.000118,-0.064,0.000118,0.92
0.000118,-0.056,0.000118,0.96
0.000118,-0.056,0.000118,0.96
0.000119,-0.048,0.000119,0.96
0.000119,-0.048,0.000119,0.96
0.000119,-0.048,0.000119,0.96
0.000119,-0.048,0.000119,0.96
0.000119,-0.04,0.000119,0.92
0.000119,-0.048,0.000119,0.96
0.000119,-0.04,0.000119,0.96
0.000119,-0.04,0.000119,0.96
0.000119,-0.04,0.000119,1.0
0.000119,-0.04,0.000119,1.0
0.00012,-0.032,0.00012,1.0
0.00012,-0.032,0.00012,0.96
0.00012,-0.04,0.00012,0.96
0.00012,-0.04,0.00012,0.96
0.00012,-0.032,0.00012,1.0
0.00012,-0.032,0.00012,0.96
0.00012,-0.024,0.00012,0.96
0.00012,-0.024,0.00012,0.92
0.00012,-0.024,0.00012,0.96
0.00012,-0.016,0.00012,0.96
0.000121,-0.024,0.000121,0.96
0.000121,-0.016,0.000121,1.0
0.000121,-0.008,0.000121,0.96
0.000121,-0.008,0.000121,0.96
0.000121,0.0,0.000121,1.0
0.000121,-0.016,0.000121,0.96
0.000121,-0.008,0.000121,0.92
0.000121,-0.016,0.000121,0.96
0.000121,-0.008,0.000121,0.96
0.000121,-0.008,0.000121,0.96
0.000122,0.0,0.000122,0.96
0.000122,-0.008,0.000122,1.0
0.000122,0.0,0.000122,0.96
0.000122,0.0,0.000122,0.96
0.000122,0.008,0.000122,0.96
0.000122,0.008,0.000122,0.96
0.000122,0.016,0.000122,0.96
0.000122,0.008,0.000122,0.92
0.000122,0.008,0.000122,0.96
0.000122,0.016,0.000122,1.0
0.000123,0.024,0.000123,0.92
0.000123,0.016,0.000123,1.0
0.000123,0.016,0.000123,0.96
0.000123,0.008,0.000123,0.96
0.000123,0.016,0.000123,0.96
0.000123,0.024,0.000123,0.96
0.000123,0.024,0.000123,1.0
0.000123,0.024,0.000123,1.0
0.000123,0.032,0.000123,0.96
0.000123,0.032,0.000123,0.96
0.000124,0.032,0.000124,0.96
0.000124,0.04,0.000124,0.96
0.000124,0.04,0.000124,0.96
0.000124,0.032,0.000124,0.96
0.000124,0.04,0.000124,0.96
0.000124,0.04,0.000124,0.96
0.000124,0.04,0.000124,1.0
0.000124,0.04,0.000124,1.0
0.000124,0.048,0.000124,0.96
0.000124,0.048,0.000124,1.0
0.000125,0.048,0.000125,0.96
0.000125,0.056,0.000125,0.96
0.000125,0.048,0.000125,0.96
0.000125,0.048,0.000125,1.0
0.000125,0.04,0.000125,0.96
0.000125,0.064,0.000125,1.0
0.000125,0.056,0.000125,0.96
0.000125,0.048,0.000125,0.96
0.000125,0.064,0.000125,0.92
0.000125,0.064,0.000125,0.96
0.000126,0.064,0.000126,1.0
0.000126,0.064,0.000126,0.96
0.000126,0.056,0.000126,1.0
0.000126,0.08,0.000126,1.0
0.000126,0.072,0.000126,1.0
0.000126,0.08,0.000126,0.96
0.000126,0.072,0.000126,0.96
0.000126,0.072,0.000126,0.96
0.000126,0.072,0.000126,0.96
0.000126,0.072,0.000126,0.96
0.000127,0.08,0.000127,1.0
0.000127,0.08,0.000127,0.96
0.000127,0.088,0.000127,0.96
0.000127,0.088,0.000127,0.92
0.000127,0.088,0.000127,0.96
0.000127,0.088,0.000127,0.96
0.000127,0.088,0.000127,0.96
0.000127,0.08,0.000127,0.96
0.000127,0.096,0.000127,1.0
0.000127,0.088,0.000127,0.96
0.000128,0.088,0.000128,0.96
0.000128,0.096,0.000128,0.96
0.000128,0.096,0.000128,0.96
0.000128,0.096,0.000128,1.0
0.000128,0.088,0.000128,0.96
0.000128,0.096,0.000128,0.92
0.000128,0.104,0.000128,0.96
0.000128,0.104,0.000128,1.0
0.000128,0.104,0.000128,0.96
0.000129,0.112,0.000129,0.96
0.000129,0.112,0.000129,0.96
0.000129,0.112,0.000129,0.96
0.000129,0.112,0.000129,0.96
0.000129,0.112,0.000129,1.0
0.000129,0.112,0.000129,0.96
0.000129,0.12,0.000129,0.96
0.000129,0.12,0.000129,0.92
0.000129,0.12,0.000129,0.96
0.000129,0.12,0.000129,1.0
0.00013,0.128,0.00013,0.96
0.00013,0.128,0.00013,0.96
0.00013,0.12,0.00013,0.96
0.00013,0.128,0.00013,0.96
0.00013,0.136,0.00013,1.0
0.00013,0.136,0.00013,1.04
0.00013,0.128,0.00013,0.96
0.00013,0.136,0.00013,0.96
0.00013,0.128,0.00013,0.96
0.00013,0.128,0.00013,1.0
0.000131,0.144,0.000131,0.96
0.000131,0.136,0.000131,1.0
0.000131,0.144,0.000131,0.92
0.000131,0.144,0.000131,1.0
0.000131,0.144,0.000131,0.96
0.000131,0.136,0.000131,0.96
0.000131,0.144,0.000131,1.0
0.000131,0.144,0.000131,0.96
0.000131,0.144,0.000131,0.92
0.000131,0.152,0.000131,0.96
0.000131,0.16,0.000131,1.0
0.000132,0.16,0.000132,0.96
0.000132,0.152,0.000132,0.96
0.000132,0.16,0.000132,0.96
0.000132,0.152,0.000132,0.96
0.000132,0.16,0.000132,1.0
0.000132,0.152,0.000132,1.0
0.000132,0.168,0.000132,1.0
0.000132,0.168,0.000132,1.0
0.000132,0.168,0.000132,0.96
0.000132,0.176,0.000132,0.96
0.000133,0.168,0.000133,1.0
0.000133,0.168,0.000133,0.96
0.000133,0.168,0.000133,0.96
0.000133,0.16,0.000133,1.0
0.000133,0.16,0.000133,0.96
0.000133,0.168,0.000133,0.96
0.000133,0.176,0.000133,1.0
0.000133,0.184,0.000133,0.96
0.000133,0.176,0.000133,0.96
0.000133,0.176,0.000133,1.0
0.000134,0.168,0.000134,0.96
0.000134,0.176,0.000134,1.0
0.000134,0.184,0.000134,0.96
0.000134,0.184,0.000134,1.0
0.000134,0.184,0.000134,1.0
0.000134,0.184,0.000134,1.04
0.000134,0.192,0.000134,0.96
0.000134,0.192,0.000134,1.0
0.000134,0.192,0.000134,0.96
0.000134,0.2,0.000134,1.0
0.000135,0.192,0.000135,0.96
0.000135,0.184,0.000135,1.0
0.000135,0.192,0.000135,0.92
0.000135,0.2,0.000135,0.96
0.000135,0.2,0.000135,0.96
0.000135,0.2,0.000135,0.96
0.000135,0.2,0.000135,0.96
0.000135,0.192,0.000135,0.96
0.000135,0.192,0.000135,0.96
0.000135,0.2,0.000135,0.96
0.000136,0.2,0.000136,1.0
0.000136,0.216,0.000136,1.0
0.000136,0.216,0.000136,0.96
0.000136,0.208,0.000136,0.96
0.000136,0.208,0.000136,0.92
0.000136,0.208,0.000136,1.0
0.000136,0.216,0.000136,0.96
0.000136,0.216,0.000136,0.92
0.000136,0.216,0.000136,0.96
0.000136,0.216,0.000136,0.96
0.000137,0.224,0.000137,1.0
0.000137,0.224,0.000137,1.0
0.000137,0.216,0.000137,0.96
0.000137,0.216,0.000137,1.0
0.000137,0.232,0.000137,1.0
0.000137,0.224,0.000137,-1.04
0.000137,0.24,0.000137,-1.08
0.000137,0.216,0.000137,-1.04
0.000137,0.216,0.000137,-1.08
0.000137,0.224,0.000137,-1.08
0.000138,0.216,0.000138,-1.04
0.000138,0.216,0.000138,-1.08
0.000138,0.208,0.000138,-1.08
0.000138,0.2,0.000138,-1.04
0.000138,0.2,0.000138,-1.04
0.000138,0.208,0.000138,-1.04
0.000138,0.2,0.000138,-1.04
0.000138,0.192,0.000138,-1.12
0.000138,0.2,0.000138,-1.08
0.000139,0.192,0.000139,-1.08
0.000139,0.192,0.000139,-1.08
0.000139,0.184,0.000139,-1.08
0.000139,0.184,0.000139,-1.08
0.000139,0.184,0.000139,-1.04
0.000139,0.184,0.000139,-1.04
0.000139,0.184,0.000139,-1.08
0.000139,0.184,0.000139,-1.0
0.000139,0.176,0.000139,-1.04
0.000139,0.176,0.000139,-1.04
0.00014,0.16,0.00014,-1.08
0.00014,0.176,0.00014,-1.08
0.00014,0.16,0.00014,-1.08
0.00014,0.168,0.00014,-1.04
0.00014,0.168,0.00014,-1.08
0.00014,0.168,0.00014,-1.08
0.00014,0.168,0.00014,-1.04
0.00014,0.16,0.00014,-1.0
0.00014,0.152,0.00014,-1.04
0.00014,0.152,0.00014,-1.04
0.00014,0.152,0.00014,-1.04
0.000141,0.152,0.000141,-1.04
0.000141,0.144,0.000141,-1.04
0.000141,0.152,0.000141,-1.04
0.000141,0.144,0.000141,-1.08
0.000141,0.144,0.000141,-1.04
0.000141,0.136,0.000141,-1.04
0.000141,0.144,0.000141,-1.08
0.000141,0.136,0.000141,-1.04
0.000141,0.136,0.000141,-1.04
0.000141,0.136,0.000141,-1.04
0.000142,0.136,0.000142,-1.04
0.000142,0.136,0.000142,-1.08
0.000142,0.12,0.000142,-1.04
0.000142,0.128,0.000142,-1.08
0.000142,0.128,0.000142,-1.08
0.000142,0.128,0.000142,-1.04
0.000142,0.112,0.000142,-1.08
0.000142,0.12,0.000142,-1.04
0.000142,0.12,0.000142,-1.08
0.000142,0.112,0.000142,-1.08
0.000143,0.12,0.000143,-1.08
0.000143,0.104,0.000143,-1.04
0.000143,0.104,0.000143,-1.04
0.000143,0.096,0.000143,-1.04
0.000143,0.104,0.000143,-1.04
0.000143,0.104,0.000143,-1.04
0.000143,0.096,0.000143,-1.08
0.000143,0.112,0.000143,-1.04
0.000143,0.096,0.000143,-1.04
0.000143,0.096,0.000143,-1.08
0.000144,0.096,0.000144,-1.04
0.000144,0.096,0.000144,-1.0
0.000144,0.088,0.000144,-1.04
0.000144,0.088,0.000144,-1.04
0.000144,0.088,0.000144,-1.04
0.000144,0.096,0.000144,-1.04
0.000144,0.08,0.000144,-1.04
0.000144,0.088,0.000144,-1.12
0.000144,0.08,0.000144,-1.04
0.000144,0.072,0.000144,-1.04
0.000145,0.08,0.000145,-1.0
0.000145,0.08,0.000145,-1.04
0.000145,0.072,0.000145,-1.08
0.000145,0.072,0.000145,-1.12
0.000145,0.08,0.000145,-1.04
0.000145,0.064,0.000145,-1.08
0.000145,0.064,0.000145,-1.04
0.000145,0.064,0.000145,-1.04
0.000145,0.064,0.000145,-1.08
0.000145,0.056,0.000145,-1.08
0.000146,0.056,0.000146,-1.04
0.000146,0.056,0.000146,-1.08
0.000146,0.056,0.000146,-1.08
0.000146,0.056,0.000146,-1.08
0.000146,0.048,0.000146,-1.04
0.000146,0.048,0.000146,-1.04
0.000146,0.056,0.000146,-1.04
0.000146,0.048,0.000146,-1.04
0.000146,0.04,0.000146,-1.04
0.000146,0.048,0.000146,-1.08
0.000147,0.04,0.000147,-1.04
0.000147,0.04,0.000147,-1.12
0.000147,0.04,0.000147,-1.04
0.000147,0.04,0.000147,-1.04
0.000147,0.04,0.000147,-1.08
0.000147,0.04,0.000147,-1.08
0.000147,0.032,0.000147,-1.04
0.000147,0.024,0.000147,-1.04
0.000147,0.032,0.000147,-1.12
0.000147,0.024,0.000147,-1.0
0.000148,0.024,0.000148,-1.04
0.000148,0.024,0.000148,-1.08
0.000148,0.016,0.000148,-1.0
0.000148,0.024,0.000148,-1.04
0.000148,0.016,0.000148,-1.08
0.000148,0.016,0.000148,-1.04
0.000148,0.024,0.000148,-1.08
0.000148,0.016,0.000148,-1.08
0.000148,0.016,0.000148,-1.08
0.000149,0.008,0.000149,-1.08
0.000149,0.016,0.000149,-1.04
0.000149,0.016,0.000149,-1.08
0.000149,0.0,0.000149,-1.04
0.000149,0.008,0.000149,-1.08
0.000149,0.008,0.000149,-1.12
0.000149,0.0,0.000149,-1.04
0.000149,0.0,0.000149,-1.04
0.000149,0.0,0.000149,-1.04
0.000149,-0.008,0.000149,-1.08
0.00015,0.0,0.00015,-1.08
0.00015,-0.008,0.00015,-1.04
0.00015,0.0,0.00015,-1.04
0.00015,-0.008,0.00015,-1.04
0.00015,0.0,0.00015,-1.12
0.00015,-0.008,0.00015,-1.08
0.00015,-0.016,0.00015,-1.0
0.00015,-0.008,0.00015,-1.08
0.00015,-0.024,0.00015,-1.04
0.00015,-0.016,0.00015,-1.0
0.00015,-0.024,0.00015,-1.12
0.000151,-0.024,0.000151,-1.04
0.000151,-0.016,0.000151,-1.04
0.000151,-0.024,0.000151,-1.08
0.000151,-0.032,0.000151,-1.08
0.000151,-0.024,0.000151,-1.04
0.000151,-0.032,0.000151,-1.08
0.000151,-0.024,0.000151,-1.08
0.000151,-0.032,0.000151,-1.04
0.000151,-0.032,0.000151,-1.08
0.000151,-0.032,0.000151,-1.08
0.000152,-0.04,0.000152,-1.04
0.000152,-0.032,0.000152,-1.04
0.000152,-0.032,0.000152,-1.08
0.000152,-0.04,0.000152,-1.08
0.000152,-0.032,0.000152,-1.08
0.000152,-0.032,0.000152,-1.04
0.000152,-0.04,0.000152,-1.04
0.000152,-0.032,0.000152,-1.08
0.000152,-0.04,0.000152,-1.08
0.000152,-0.056,0.000152,-1.08
0.000153,-0.056,0.000153,-1.08
0.000153,-0.056,0.000153,-1.04
0.000153,-0.056,0.000153,-1.04
0.000153,-0.064,0.000153,-1.08
0.000153,-0.056,0.000153,-1.04
0.000153,-0.056,0.000153,-1.04
0.000153,-0.064,0.000153,-1.08
0.000153,-0.056,0.000153,-1.04
0.000153,-0.072,0.000153,-1.08
0.000153,-0.064,0.000153,-1.08
0.000154,-0.072,0.000154,-1.08
0.000154,-0.064,0.000154,-1.08
0.000154,-0.064,0.000154,-1.04
0.000154,-0.072,0.000154,-1.0
0.000154,-0.072,0.000154,-1.04
0.000154,-0.064,0.000154,-1.08
0.000154,-0.08,0.000154,-1.08
0.000154,-0.072,0.000154,-1.08
0.000154,-0.088,0.000154,-1.04
0.000154,-0.072,0.000154,-1.08
0.000155,-0.088,0.000155,-1.04
0.000155,-0.096,0.000155,-1.08
0.000155,-0.088,0.000155,-1.12
0.000155,-0.08,0.000155,-1.04
0.000155,-0.088,0.000155,-1.04
0.000155,-0.08,0.000155,-1.04
0.000155,-0.088,0.000155,-1.04
0.000155,-0.088,0.000155,-1.04
0.000155,-0.096,0.000155,-1.0
0.000155,-0.088,0.000155,-1.04
0.000156,-0.096,0.000156,-1.04
0.000156,-0.096,0.000156,-1.08
0.000156,-0.096,0.000156,-1.08
0.000156,-0.096,0.000156,-1.04
0.000156,-0.104,0.000156,-1.04
0.000156,-0.104,0.000156,-1.08
0.000156,-0.112,0.000156,-1.08
0.000156,-0.104,0.000156,-1.08
0.000156,-0.104,0.000156,-1.04
0.000156,-0.104,0.000156,-1.08
0.000157,-0.104,0.000157,-1.12
0.000157,-0.112,0.000157,-1.08
0.000157,-0.112,0.000157,-1.08
0.000157,-0.12,0.000157,-1.08
0.000157,-0.104,0.000157,-1.08
0.000157,-0.12,0.000157,-1.0
0.000157,-0.12,0.000157,-1.0
0.000157,-0.112,0.000157,-1.12
0.000157,-0.12,0.000157,-1.0
0.000157,-0.12,0.000157,-1.08
0.000158,-0.128,0.000158,-1.04
0.000158,-0.136,0.000158,-1.04
0.000158,-0.128,0.000158,-1.08
0.000158,-0.12,0.000158,-1.08
0.000158,-0.128,0.000158,-1.08
0.000158,-0.136,0.000158,-1.04
0.000158,-0.128,0.000158,-1.08
0.000158,-0.128,0.000158,-1.12
0.000158,-0.136,0.000158,-1.08
0.000159,-0.136,0.000159,-1.08
0.000159,-0.136,0.000159,-1.08
0.000159,-0.136,0.000159,-1.04
0.000159,-0.144,0.000159,-1.08
0.000159,-0.152,0.000159,-1.08
0.000159,-0.144,0.000159,-1.08
0.000159,-0.144,0.000159,-1.08
0.000159,-0.144,0.000159,-1.08
0.000159,-0.144,0.000159,-1.16
0.000159,-0.144,0.000159,-1.12
0.00016,-0.152,0.00016,-1.08
0.00016,-0.144,0.00016,-1.08
0.00016,-0.144,0.00016,-1.08
0.00016,-0.152,0.00016,-1.08
0.00016,-0.144,0.00016,-1.08
0.00016,-0.152,0.00016,-1.04
0.00016,-0.16,0.00016,-1.08
0.00016,-0.16,0.00016,-1.04
0.00016,-0.152,0.00016,-1.04
0.00016,-0.16,0.00016,-1.12
0.00016,-0.168,0.00016,-1.04
0.000161,-0.16,0.000161,-1.08
0.000161,-0.176,0.000161,-1.08
0.000161,-0.16,0.000161,-1.08
0.000161,-0.168,0.000161,-1.04
0.000161,-0.168,0.000161,-1.08
0.000161,-0.176,0.000161,-1.04
0.000161,-0.16,0.000161,-1.04
0.000161,-0.168,0.000161,-1.04
0.000161,-0.168,0.000161,-1.12
0.000161,-0.176,0.000161,-1.04
0.000162,-0.184,0.000162,-1.08
0.000162,-0.184,0.000162,-1.08
0.000162,-0.176,0.000162,-1.04
0.000162,-0.184,0.000162,-1.04
0.000162,-0.184,0.000162,-1.08
0.000162,-0.184,0.000162,0.96
0.000162,-0.184,0.000162,0.92
0.000162,-0.184,0.000162,0.96
0.000162,-0.168,0.000162,0.92
0.000162,-0.168,0.000162,0.96
0.000163,-0.168,0.000163,0.96
0.000163,-0.168,0.000163,0.96
0.000163,-0.168,0.000163,0.96
0.000163,-0.152,0.000163,0.96
0.000163,-0.152,0.000163,0.96
0.000163,-0.16,0.000163,0.92
0.000163,-0.16,0.000163,0.96
0.000163,-0.152,0.000163,0.96
0.000163,-0.16,0.000163,1.0
0.000163,-0.152,0.000163,0.96
0.000164,-0.136,0.000164,0.92
0.000164,-0.144,0.000164,0.96
0.000164,-0.144,0.000164,0.96
0.000164,-0.144,0.000164,0.92
0.000164,-0.136,0.000164,0.96
0.000164,-0.136,0.000164,0.96
0.000164,-0.136,0.000164,0.96
0.000164,-0.136,0.000164,0.96
0.000164,-0.136,0.000164,0.92
0.000164,-0.128,0.000164,0.96
0.000165,-0.136,0.000165,0.96
0.000165,-0.12,0.000165,0.96
0.000165,-0.128,0.000165,0.96
0.000165,-0.12,0.000165,0.92
0.000165,-0.128,0.000165,0.96
0.000165,-0.12,0.000165,0.96
0.000165,-0.12,0.000165,0.96
0.000165,-0.112,0.000165,0.96
0.000165,-0.112,0.000165,0.96
0.000165,-0.104,0.000165,1.0
0.000166,-0.112,0.000166,0.96
0.000166,-0.104,0.000166,0.96
0.000166,-0.104,0.000166,1.0
0.000166,-0.104,0.000166,1.0
0.000166,-0.096,0.000166,0.96
0.000166,-0.104,0.000166,0.92
0.000166,-0.096,0.000166,0.96
0.000166,-0.096,0.000166,0.96
0.000166,-0.088,0.000166,0.96
0.000166,-0.088,0.000166,0.96
0.000167,-0.08,0.000167,0.96
0.000167,-0.088,0.000167,0.96
0.000167,-0.08,0.000167,0.96
0.000167,-0.08,0.000167,1.0
0.000167,-0.08,0.000167,0.96
0.000167,-0.08,0.000167,0.96
0.000167,-0.072,0.000167,0.96
0.000167,-0.08,0.000167,0.96
0.000167,-0.072,0.000167,0.96
0.000168,-0.08,0.000168,0.96
0.000168,-0.072,0.000168,0.96
0.000168,-0.072,0.000168,0.92
0.000168,-0.064,0.000168,0.96
0.000168,-0.064,0.000168,0.96
0.000168,-0.056,0.000168,0.92
0.000168,-0.064,0.000168,0.96
0.000168,-0.056,0.000168,0.92
0.000168,-0.056,0.000168,0.96
0.000168,-0.056,0.000168,1.0
0.000169,-0.048,0.000169,1.0
0.000169,-0.056,0.000169,1.0
0.000169,-0.056,0.000169,0.96
0.000169,-0.048,0.000169,0.96
0.000169,-0.04,0.000169,0.96
0.000169,-0.048,0.000169,0.92
0.000169,-0.048,0.000169,0.92
0.000169,-0.048,0.000169,0.92
0.000169,-0.048,0.000169,0.96
0.000169,-0.04,0.000169,0.96
0.000169,-0.04,0.000169,0.96
0.00017,-0.032,0.00017,1.0
0.00017,-0.024,0.00017,0.96
0.00017,-0.032,0.00017,0.96
0.00017,-0.032,0.00017,0.96
0.00017,-0.024,0.00017,0.96
0.00017,-0.032,0.00017,0.92
0.00017,-0.016,0.00017,1.0
0.00017,-0.016,0.00017,0.96
0.00017,-0.016,0.00017,0.96
0.00017,-0.008,0.00017,0.96
0.000171,-0.024,0.000171,0.92
0.000171,-0.016,0.000171,0.96
0.000171,-0.024,0.000171,0.96
0.000171,-0.024,0.000171,0.92
0.000171,-0.024,0.000171,0.92
0.000171,-0.008,0.000171,0.96
0.000171,-0.008,0.000171,0.92
0.000171,0.0,0.000171,0.96
0.000171,-0.008,0.000171,0.96
0.000171,-0.008,0.000171,0.96
0.000172,-0.008,0.000172,0.96
0.000172,0.0,0.000172,0.96
0.000172,0.0,0.000172,1.0
0.000172,0.008,0.000172,0.96
0.000172,0.016,0.000172,1.0
0.000172,0.016,0.000172,0.96
0.000172,0.008,0.000172,0.96
0.000172,0.008,0.000172,1.0
0.000172,0.016,0.000172,0.96
0.000172,0.008,0.000172,0.96
0.000173,0.016,0.000173,1.0
0.000173,0.008,0.000173,1.0
0.000173,0.016,0.000173,0.96
0.000173,0.024,0.000173,0.96
0.000173,0.024,0.000173,0.96
0.000173,0.024,0.000173,1.0
0.000173,0.024,0.000173,0.96
0.000173,0.024,0.000173,0.96
0.000173,0.032,0.000173,0.96
0.000173,0.024,0.000173,0.96
0.000174,0.032,0.000174,0.96
0.000174,0.04,0.000174,1.0
0.000174,0.04,0.000174,0.92
0.000174,0.04,0.000174,0.96
0.000174,0.04,0.000174,0.96
0.000174,0.032,0.000174,1.0
0.000174,0.032,0.000174,1.0
0.000174,0.032,0.000174,1.0
0.000174,0.048,0.000174,1.0
0.000174,0.048,0.000174,1.0
0.000175,0.048,0.000175,0.96
0.000175,0.048,0.000175,1.0
0.000175,0.056,0.000175,0.96
0.000175,0.048,0.000175,0.96
0.000175,0.04,0.000175,1.0
0.000175,0.064,0.000175,1.0
0.000175,0.056,0.000175,0.96
0.000175,0.056,0.000175,1.0
0.000175,0.048,0.000175,0.96
0.000175,0.064,0.000175,1.0
0.000176,0.064,0.000176,0.96
0.000176,0.064,0.000176,1.0
0.000176,0.072,0.000176,0.96
0.000176,0.064,0.000176,0.96
0.000176,0.064,0.000176,0.96
0.000176,0.072,0.000176,1.0
0.000176,0.072,0.000176,0.96
0.000176,0.08,0.000176,1.0
0.000176,0.08,0.000176,0.96
0.000176,0.08,0.000176,0.96
0.000177,0.08,0.000177,1.0
0.000177,0.08,0.000177,1.0
0.000177,0.08,0.000177,0.96
0.000177,0.088,0.000177,1.0
0.000177,0.088,0.000177,0.96
0.000177,0.088,0.000177,0.96
0.000177,0.08,0.000177,1.0
0.000177,0.08,0.000177,1.0
0.000177,0.088,0.000177,0.96
0.000178,0.088,0.000178,1.0
0.000178,0.088,0.000178,0.96
0.000178,0.104,0.000178,0.96
0.000178,0.096,0.000178,0.96
0.000178,0.096,0.000178,0.92
0.000178,0.096,0.000178,1.0
0.000178,0.096,0.000178,0.96
0.000178,0.104,0.000178,1.0
0.000178,0.104,0.000178,1.0
0.000178,0.104,0.000178,1.0
0.000179,0.104,0.000179,0.96
0.000179,0.104,0.000179,1.0
0.000179,0.104,0.000179,0.96
0.000179,0.112,0.000179,1.0
0.000179,0.112,0.000179,1.0
0.000179,0.12,0.000179,0.96
0.000179,0.112,0.000179,0.96
0.000179,0.112,0.000179,0.96
0.000179,0.12,0.000179,0.96
0.000179,0.128,0.000179,0.96
0.000179,0.128,0.000179,1.04
0.00018,0.12,0.00018,0.96
0.00018,0.128,0.00018,0.96
0.00018,0.128,0.00018,1.0
0.00018,0.128,0.00018,0.96
0.00018,0.128,0.00018,1.0
0.00018,0.136,0.00018,1.0
0.00018,0.136,0.00018,1.0
0.00018,0.136,0.00018,0.96
0.00018,0.136,0.00018,1.0
0.00018,0.128,0.00018,0.96
0.000181,0.136,0.000181,0.96
0.000181,0.136,0.000181,1.0
0.000181,0.128,0.000181,0.96
0.000181,0.136,0.000181,0.96
0.000181,0.144,0.000181,0.92
0.000181,0.144,0.000181,0.96
0.000181,0.144,0.000181,0.96
0.000181,0.16,0.000181,0.96
0.000181,0.144,0.000181,1.0
0.000181,0.152,0.000181,0.92
0.000182,0.16,0.000182,0.96
0.000182,0.16,0.000182,1.0
0.000182,0.152,0.000182,0.96
0.000182,0.16,0.000182,0.96
0.000182,0.16,0.000182,0.92
0.000182,0.16,0.000182,1.0
0.000182,0.16,0.000182,0.96
0.000182,0.16,0.000182,0.96
0.000182,0.16,0.000182,1.0
0.000182,0.16,0.000182,0.96
0.000183,0.16,0.000183,0.96
0.000183,0.168,0.000183,1.0
0.000183,0.176,0.000183,0.92
0.000183,0.176,0.000183,1.0
0.000183,0.168,0.000183,0.96
0.000183,0.168,0.000183,1.0
0.000183,0.176,0.000183,0.96
0.000183,0.176,0.000183,1.0
0.000183,0.168,0.000183,0.96
0.000183,0.184,0.000183,1.0
0.000184,0.176,0.000184,1.0
0.000184,0.184,0.000184,0.96
0.000184,0.184,0.000184,0.96
0.000184,0.184,0.000184,0.96
0.000184,0.176,0.000184,1.0
0.000184,0.184,0.000184,1.0
0.000184,0.184,0.000184,1.0
0.000184,0.192,0.000184,0.96
0.000184,0.184,0.000184,1.0
0.000184,0.192,0.000184,0.96
0.000185,0.192,0.000185,0.96
0.000185,0.2,0.000185,0.96
0.000185,0.192,0.000185,0.96
0.000185,0.192,0.000185,1.0
0.000185,0.184,0.000185,0.96
0.000185,0.2,0.000185,1.0
0.000185,0.2,0.000185,0.96
0.000185,0.216,0.000185,0.92
0.000185,0.208,0.000185,1.0
0.000185,0.216,0.000185,0.96
0.000186,0.208,0.000186,0.96
0.000186,0.216,0.000186,0.96
0.000186,0.208,0.000186,0.96
0.000186,0.2,0.000186,0.96
0.000186,0.208,0.000186,1.0
0.000186,0.216,0.000186,0.96
0.000186,0.216,0.000186,0.92
0.000186,0.224,0.000186,0.96
0.000186,0.216,0.000186,0.96
0.000186,0.216,0.000186,0.96
0.000187,0.208,0.000187,1.0
0.000187,0.232,0.000187,0.92
0.000187,0.216,0.000187,1.0
0.000187,0.224,0.000187,0.96
0.000187,0.224,0.000187,0.92
0.000187,0.232,0.000187,-1.04
0.000187,0.24,0.000187,-1.04
0.000187,0.216,0.000187,-1.04
0.000187,0.216,0.000187,-1.04
0.000188,0.216,0.000188,-1.04
0.000188,0.216,0.000188,-1.0
0.000188,0.208,0.000188,-1.08
0.000188,0.208,0.000188,-1.04
0.000188,0.208,0.000188,-1.12
0.000188,0.208,0.000188,-1.08
0.000188,0.2,0.000188,-1.04
0.000188,0.184,0.000188,-1.04
0.000188,0.2,0.000188,-1.08
0.000188,0.192,0.000188,-1.04
0.000189,0.184,0.000189,-1.0
0.000189,0.184,0.000189,-1.04
0.000189,0.192,0.000189,-1.0
0.000189,0.192,0.000189,-1.08
0.000189,0.184,0.000189,-1.08
0.000189,0.176,0.000189,-1.12
0.000189,0.184,0.000189,-1.08
0.000189,0.176,0.000189,-1.0
0.000189,0.176,0.000189,-1.04
0.000189,0.176,0.000189,-1.04
0.000189,0.184,0.000189,-1.08
0.00019,0.176,0.00019,-1.08
0.00019,0.168,0.00019,-1.0
0.00019,0.16,0.00019,-1.08
0.00019,0.176,0.00019,-1.04
0.00019,0.168,0.00019,-1.0
0.00019,0.152,0.00019,-1.08
0.00019,0.16,0.00019,-1.04
0.00019,0.16,0.00019,-1.04
0.00019,0.16,0.00019,-1.12
0.00019,0.152,0.00019,-1.08
0.000191,0.144,0.000191,-1.04
0.000191,0.144,0.000191,-1.08
0.000191,0.144,0.000191,-1.04
0.000191,0.152,0.000191,-1.04
0.000191,0.144,0.000191,-1.08
0.000191,0.136,0.000191,-1.04
0.000191,0.144,0.000191,-1.04
0.000191,0.136,0.000191,-1.08
0.000191,0.144,0.000191,-1.08
0.000191,0.136,0.000191,-1.04
0.000192,0.136,0.000192,-1.0
0.000192,0.128,0.000192,-1.08
0.000192,0.128,0.000192,-1.04
0.000192,0.128,0.000192,-1.08
0.000192,0.12,0.000192,-1.04
0.000192,0.128,0.000192,-1.08
0.000192,0.112,0.000192,-1.0
0.000192,0.112,0.000192,-1.0
0.000192,0.12,0.000192,-1.04
0.000192,0.112,0.000192,-1.08
0.000193,0.112,0.000193,-1.08
0.000193,0.112,0.000193,-1.04
0.000193,0.112,0.000193,-1.12
0.000193,0.104,0.000193,-1.04
0.000193,0.112,0.000193,-1.08
0.000193,0.104,0.000193,-1.04
0.000193,0.096,0.000193,-1.04
0.000193,0.096,0.000193,-1.08
0.000193,0.096,0.000193,-1.0
0.000193,0.104,0.000193,-1.0
0.000194,0.096,0.000194,-1.04
0.000194,0.088,0.000194,-1.08
0.000194,0.096,0.000194,-1.08
0.000194,0.088,0.000194,-1.08
0.000194,0.096,0.000194,-1.04
0.000194,0.088,0.000194,-1.0
0.000194,0.096,0.000194,-1.0
0.000194,0.072,0.000194,-1.04
0.000194,0.088,0.000194,-1.08
0.000194,0.08,0.000194,-1.08
0.000195,0.08,0.000195,-1.08
0.000195,0.08,0.000195,-1.0
0.000195,0.064,0.000195,-1.04
0.000195,0.072,0.000195,-1.0
0.000195,0.064,0.000195,-1.04
0.000195,0.072,0.000195,-1.08
0.000195,0.064,0.000195,-1.04
0.000195,0.064,0.000195,-1.04
0.000195,0.064,0.000195,-1.08
0.000195,0.064,0.000195,-1.04
0.000196,0.064,0.000196,-1.08
0.000196,0.064,0.000196,-1.04
0.000196,0.048,0.000196,-1.08
0.000196,0.056,0.000196,-1.04
0.000196,0.048,0.000196,-1.08
0.000196,0.048,0.000196,-1.08
0.000196,0.048,0.000196,-1.08
0.000196,0.056,0.000196,-1.04
0.000196,0.04,0.000196,-1.0
0.000196,0.056,0.000196,-1.04
0.000197,0.04,0.000197,-1.08
0.000197,0.04,0.000197,-1.04
0.000197,0.048,0.000197,-1.04
0.000197,0.048,0.000197,-1.12
0.000197,0.04,0.000197,-1.08
0.000197,0.032,0.000197,-1.04
0.000197,0.032,0.000197,-1.08
0.000197,0.024,0.000197,-1.0
0.000197,0.024,0.000197,-1.04
0.000198,0.032,0.000198,-1.04
0.000198,0.024,0.000198,-1.08
0.000198,0.024,0.000198,-1.08
0.000198,0.024,0.000198,-1.08
0.000198,0.016,0.000198,-1.08
0.000198,0.016,0.000198,-1.08
0.000198,0.016,0.000198,-1.04
0.000198,0.016,0.000198,-1.04
0.000198,0.008,0.000198,-1.04
0.000198,0.008,0.000198,-1.08
0.000199,0.008,0.000199,-1.04
0.000199,0.008,0.000199,-1.08
0.000199,0.008,0.000199,-1.04
0.000199,0.008,0.000199,-1.08
0.000199,0.0,0.000199,-1.12
0.000199,0.0,0.000199,-1.04
0.000199,0.008,0.000199,-1.04
0.000199,0.0,0.000199,-1.08
0.000199,0.0,0.000199,-1.08
0.000199,0.0,0.000199,-1.08
0.000199,-0.008,0.000199,-1.12
0.0002,-0.008,0.0002,-0.96
0.0002,-0.016,0.0002,-1.08
0.0002,-0.008,0.0002,-1.08
0.0002,-0.008,0.0002,-1.04
0.0002,-0.016,0.0002,-1.08
0.0002,-0.016,0.0002,-1.04
0.0002,-0.008,0.0002,-1.04
0.0002,-0.024,0.0002,-1.08
0.0002,-0.016,0.0002,-1.04
0.0002,-0.016,0.0002,-1.08
0.000201,-0.024,0.000201,-1.04
0.000201,-0.016,0.000201,-1.04
0.000201,-0.024,0.000201,-1.08
0.000201,-0.024,0.000201,-1.04
0.000201,-0.024,0.000201,-1.12
0.000201,-0.024,0.000201,-1.12
0.000201,-0.032,0.000201,-1.08
0.000201,-0.04,0.000201,-1.08
0.000201,-0.032,0.000201,-1.04
0.000201,-0.032,0.000201,-1.0
0.000202,-0.032,0.000202,-1.08
0.000202,-0.032,0.000202,-1.08
0.000202,-0.04,0.000202,-1.04
0.000202,-0.04,0.000202,-1.08
0.000202,-0.048,0.000202,-1.08
0.000202,-0.048,0.000202,-1.04
0.000202,-0.048,0.000202,-1.08
0.000202,-0.048,0.000202,-1.04
0.000202,-0.048,0.000202,-1.08
0.000202,-0.056,0.000202,-1.08
0.000203,-0.048,0.000203,-1.04
0.000203,-0.056,0.000203,-1.04
0.000203,-0.056,0.000203,-1.0
0.000203,-0.056,0.000203,-1.08
0.000203,-0.064,0.000203,-1.04
0.000203,-0.056,0.000203,-1.04
0.000203,-0.056,0.000203,-1.04
0.000203,-0.064,0.000203,-1.04
0.000203,-0.056,0.000203,-1.04
0.000203,-0.064,0.000203,-1.04
0.000204,-0.064,0.000204,-1.08
0.000204,-0.064,0.000204,-1.08
0.000204,-0.072,0.000204,-1.12
0.000204,-0.072,0.000204,-1.08
0.000204,-0.08,0.000204,-1.08
0.000204,-0.072,0.000204,-1.08
0.000204,-0.08,0.000204,-1.04
0.000204,-0.072,0.000204,-1.12
0.000204,-0.08,0.000204,-1.08
0.000204,-0.072,0.000204,-1.12
0.000205,-0.08,0.000205,-1.08
0.000205,-0.088,0.000205,-1.08
0.000205,-0.08,0.000205,-1.08
0.000205,-0.088,0.000205,-1.0
0.000205,-0.088,0.000205,-1.04
0.000205,-0.088,0.000205,-1.04
0.000205,-0.088,0.000205,-1.08
0.000205,-0.096,0.000205,-1.08
0.000205,-0.096,0.000205,-1.04
0.000205,-0.096,0.000205,-1.04
0.000206,-0.096,0.000206,-1.04
0.000206,-0.104,0.000206,-1.04
0.000206,-0.104,0.000206,-1.04
0.000206,-0.096,0.000206,-1.04
0.000206,-0.096,0.000206,-1.0
0.000206,-0.104,0.000206,-1.12
0.000206,-0.104,0.000206,-1.04
0.000206,-0.104,0.000206,-1.04
0.000206,-0.12,0.000206,-1.04
0.000206,-0.104,0.000206,-1.08
0.000207,-0.112,0.000207,-1.08
0.000207,-0.112,0.000207,-1.08
0.000207,-0.112,0.000207,-1.08
0.000207,-0.112,0.000207,-1.04
0.000207,-0.112,0.000207,-1.04
0.000207,-0.112,0.000207,-1.04
0.000207,-0.12,0.000207,-1.04
0.000207,-0.12,0.000207,-1.0
0.000207,-0.12,0.000207,-1.04
0.000208,-0.12,0.000208,-1.08
0.000208,-0.12,0.000208,-1.04
0.000208,-0.128,0.000208,-1.12
0.000208,-0.128,0.000208,-1.08
0.000208,-0.128,0.000208,-1.04
0.000208,-0.136,0.000208,-1.04
0.000208,-0.136,0.000208,-1.08
0.000208,-0.12,0.000208,-1.08
0.000208,-0.136,0.000208,-1.04
0.000208,-0.128,0.000208,-1.12
0.000208,-0.128,0.000208,-1.08
0.000209,-0.144,0.000209,-1.04
0.000209,-0.136,0.000209,-1.04
0.000209,-0.144,0.000209,-1.12
0.000209,-0.136,0.000209,-1.12
0.000209,-0.144,0.000209,-1.08
0.000209,-0.144,0.000209,-1.04
0.000209,-0.152,0.000209,-1.08
0.000209,-0.144,0.000209,-1.04
0.000209,-0.144,0.000209,-1.04
0.000209,-0.152,0.000209,-1.04
0.00021,-0.144,0.00021,-1.12
0.00021,-0.144,0.00021,-1.08
0.00021,-0.152,0.00021,-1.0
0.00021,-0.152,0.00021,-1.08
0.00021,-0.152,0.00021,-1.04
0.00021,-0.16,0.00021,-1.08
0.00021,-0.168,0.00021,-1.08
0.00021,-0.152,0.00021,-1.08
0.00021,-0.16,0.00021,-1.04
0.00021,-0.168,0.00021,-1.08
0.000211,-0.16,0.000211,-1.0
0.000211,-0.168,0.000211,-1.04
0.000211,-0.168,0.000211,-1.04
0.000211,-0.16,0.000211,-1.08
0.000211,-0.168,0.000211,-1.04
0.000211,-0.176,0.000211,-1.04
0.000211,-0.176,0.000211,-1.08
0.000211,-0.168,0.000211,-1.08
0.000211,-0.176,0.000211,-1.04
0.000211,-0.176,0.000211,-1.08
0.000212,-0.176,0.000212,-1.04
0.000212,-0.176,0.000212,-1.04
0.000212,-0.176,0.000212,-1.04
0.000212,-0.176,0.000212,-1.08
0.000212,-0.176,0.000212,-1.04
0.000212,-0.184,0.000212,1.0
0.000212,-0.192,0.000212,1.0
0.000212,-0.176,0.000212,1.0
0.000212,-0.168,0.000212,1.0
0.000212,-0.168,0.000212,0.96
0.000213,-0.176,0.000213,0.92
0.000213,-0.168,0.000213,0.96
0.000213,-0.16,0.000213,0.96
0.000213,-0.16,0.000213,0.92
0.000213,-0.16,0.000213,0.96
0.000213,-0.16,0.000213,0.96
0.000213,-0.16,0.000213,0.92
0.000213,-0.152,0.000213,0.96
0.000213,-0.152,0.000213,0.96
0.000213,-0.144,0.000213,0.92
0.000214,-0.144,0.000214,0.96
0.000214,-0.144,0.000214,1.0
0.000214,-0.136,0.000214,1.0
0.000214,-0.136,0.000214,0.96
0.000214,-0.136,0.000214,0.96
0.000214,-0.144,0.000214,0.96
0.000214,-0.128,0.000214,0.96
0.000214,-0.128,0.000214,0.92
0.000214,-0.128,0.000214,0.96
0.000214,-0.128,0.000214,0.96
0.000215,-0.128,0.000215,1.0
0.000215,-0.128,0.000215,0.92
0.000215,-0.128,0.000215,1.0
0.000215,-0.12,0.000215,0.96
0.000215,-0.112,0.000215,1.0
0.000215,-0.12,0.000215,0.96
0.000215,-0.112,0.000215,0.96
0.000215,-0.112,0.000215,0.96
0.000215,-0.112,0.000215,0.96
0.000215,-0.112,0.000215,0.92
0.000216,-0.112,0.000216,0.96
0.000216,-0.104,0.000216,0.96
0.000216,-0.104,0.000216,0.96
0.000216,-0.104,0.000216,0.96
0.000216,-0.104,0.000216,0.96
0.000216,-0.104,0.000216,0.96
0.000216,-0.096,0.000216,1.0
0.000216,-0.096,0.000216,0.96
0.000216,-0.096,0.000216,0.96
0.000216,-0.096,0.000216,0.96
0.000217,-0.088,0.000217,1.04
0.000217,-0.088,0.000217,1.0
0.000217,-0.088,0.000217,0.96
0.000217,-0.08,0.000217,1.0
0.000217,-0.08,0.000217,1.0
0.000217,-0.088,0.000217,0.96
0.000217,-0.088,0.000217,0.96
0.000217,-0.072,0.000217,0.96
0.000217,-0.088,0.000217,1.0
0.000218,-0.064,0.000218,0.96
0.000218,-0.072,0.000218,0.96
0.000218,-0.072,0.000218,0.96
0.000218,-0.072,0.000218,0.96
0.000218,-0.064,0.000218,1.0
0.000218,-0.064,0.000218,1.0
0.000218,-0.064,0.000218,0.96
0.000218,-0.056,0.000218,0.96
0.000218,-0.064,0.000218,0.96
0.000218,-0.056,0.000218,0.96
0.000218,-0.048,0.000218,1.0
0.000219,-0.048,0.000219,0.92
0.000219,-0.056,0.000219,0.96
0.000219,-0.048,0.000219,0.96
0.000219,-0.048,0.000219,0.96
0.000219,-0.048,0.000219,0.92
0.000219,-0.056,0.000219,0.96
0.000219,-0.048,0.000219,0.96
0.000219,-0.032,0.000219,0.96
0.000219,-0.04,0.000219,1.0
0.000219,-0.032,0.000219,0.96
0.00022,-0.04,0.00022,0.96
0.00022,-0.032,0.00022,0.96
0.00022,-0.032,0.00022,0.96
0.00022,-0.032,0.00022,1.0
0.00022,-0.024,0.00022,0.92
0.00022,-0.04,0.00022,0.96
0.00022,-0.024,0.00022,0.96
0.00022,-0.024,0.00022,0.96
0.00022,-0.016,0.00022,0.92
0.00022,-0.024,0.00022,0.96
0.000221,-0.024,0.000221,0.96
0.000221,-0.008,0.000221,0.96
0.000221,-0.016,0.000221,0.92
0.000221,-0.016,0.000221,0.96
0.000221,-0.016,0.000221,0.96
0.000221,-0.008,0.000221,0.96
0.000221,0.0,0.000221,0.96
0.000221,-0.008,0.000221,1.0
0.000221,-0.008,0.000221,0.96
0.000221,0.0,0.000221,0.96
0.000222,0.0,0.000222,0.96
0.000222,0.0,0.000222,0.96
0.000222,0.0,0.000222,0.96
0.000222,0.0,0.000222,1.0
0.000222,0.0,0.000222,0.96
0.000222,0.0,0.000222,0.96
0.000222,0.008,0.000222,0.92
0.000222,0.008,0.000222,0.96
0.000222,0.008,0.000222,0.96
0.000222,0.024,0.000222,1.0
0.000223,0.016,0.000223,0.96
0.000223,0.016,0.000223,0.92
0.000223,0.016,0.000223,0.96
0.000223,0.016,0.000223,1.0
0.000223,0.016,0.000223,1.0
0.000223,0.024,0.000223,0.96
0.000223,0.024,0.000223,0.96
0.000223,0.032,0.000223,0.96
0.000223,0.04,0.000223,0.96
0.000223,0.032,0.000223,1.0
0.000224,0.024,0.000224,1.0
0.000224,0.032,0.000224,0.96
0.000224,0.032,0.000224,0.96
0.000224,0.04,0.000224,1.0
0.000224,0.032,0.000224,0.96
0.000224,0.032,0.000224,0.96
0.000224,0.04,0.000224,0.96
0.000224,0.032,0.000224,0.96
0.000224,0.04,0.000224,1.0
0.000224,0.04,0.000224,0.96
0.000225,0.048,0.000225,1.0
0.000225,0.04,0.000225,0.96
0.000225,0.048,0.000225,0.96
0.000225,0.056,0.000225,0.96
0.000225,0.064,0.000225,0.96
0.000225,0.056,0.000225,0.96
0.000225,0.048,0.000225,0.96
0.000225,0.056,0.000225,0.96
0.000225,0.056,0.000225,0.96
0.000225,0.056,0.000225,0.96
0.000226,0.056,0.000226,0.96
0.000226,0.056,0.000226,1.0
0.000226,0.072,0.000226,1.0
0.000226,0.08,0.000226,0.92
0.000226,0.064,0.000226,1.0
0.000226,0.064,0.000226,1.0
0.000226,0.072,0.000226,0.96
0.000226,0.072,0.000226,0.96
0.000226,0.072,0.000226,0.96
0.000227,0.08,0.000227,0.96
0.000227,0.08,0.000227,0.92
0.000227,0.088,0.000227,0.96
0.000227,0.08,0.000227,0.96
0.000227,0.08,0.000227,0.96
0.000227,0.088,0.000227,0.96
0.000227,0.08,0.000227,1.0
0.000227,0.088,0.000227,0.92
0.000227,0.088,0.000227,1.0
0.000227,0.096,0.000227,0.92
0.000228,0.088,0.000228,1.0
0.000228,0.096,0.000228,0.96
0.000228,0.104,0.000228,0.96
0.000228,0.104,0.000228,0.96
0.000228,0.096,0.000228,0.96
0.000228,0.104,0.000228,0.92
0.000228,0.104,0.000228,0.96
0.000228,0.104,0.000228,0.96
0.000228,0.104,0.000228,0.96
0.000228,0.112,0.000228,0.96
0.000228,0.104,0.000228,0.96
0.000229,0.104,0.000229,1.0
0.000229,0.112,0.000229,0.96
0.000229,0.112,0.000229,1.0
0.000229,0.112,0.000229,0.96
0.000229,0.112,0.000229,1.0
0.000229,0.12,0.000229,0.96
0.000229,0.112,0.000229,0.96
0.000229,0.112,0.000229,0.96
0.000229,0.112,0.000229,0.96
0.000229,0.128,0.000229,1.0
0.00023,0.128,0.00023,0.96
0.00023,0.12,0.00023,0.96
0.00023,0.128,0.00023,0.96
0.00023,0.128,0.00023,1.0
0.00023,0.128,0.00023,0.96
0.00023,0.128,0.00023,1.0
0.00023,0.128,0.00023,1.0
0.00023,0.128,0.00023,0.96
0.00023,0.136,0.00023,0.96
0.00023,0.128,0.00023,0.92
0.000231,0.144,0.000231,0.96
0.000231,0.136,0.000231,0.96
0.000231,0.144,0.000231,0.96
0.000231,0.144,0.000231,0.96
0.000231,0.144,0.000231,0.96
0.000231,0.144,0.000231,0.96
0.000231,0.144,0.000231,0.96
0.000231,0.136,0.000231,1.0
0.000231,0.16,0.000231,1.0
0.000231,0.152,0.000231,0.96
0.000232,0.152,0.000232,1.0
0.000232,0.16,0.000232,0.96
0.000232,0.152,0.000232,0.96
0.000232,0.144,0.000232,0.96
0.000232,0.16,0.000232,0.96
0.000232,0.152,0.000232,0.92
0.000232,0.16,0.000232,1.0
0.000232,0.16,0.000232,1.0
0.000232,0.168,0.000232,0.96
0.000232,0.16,0.000232,1.0
0.000233,0.168,0.000233,0.96
0.000233,0.16,0.000233,0.96
0.000233,0.168,0.000233,0.96
0.000233,0.16,0.000233,0.96
0.000233,0.176,0.000233,1.0
0.000233,0.176,0.000233,1.0
0.000233,0.184,0.000233,0.92
0.000233,0.184,0.000233,1.0
0.000233,0.184,0.000233,1.0
0.000233,0.176,0.000233,1.0
0.000234,0.176,0.000234,0.96
0.000234,0.176,0.000234,1.0
0.000234,0.192,0.000234,1.0
0.000234,0.176,0.000234,0.96
0.000234,0.184,0.000234,0.96
0.000234,0.192,0.000234,1.0
0.000234,0.192,0.000234,0.92
0.000234,0.192,0.000234,0.96
0.000234,0.176,0.000234,0.96
0.000234,0.184,0.000234,0.96
0.000235,0.184,0.000235,0.96
0.000235,0.2,0.000235,0.92
0.000235,0.2,0.000235,0.96
0.000235,0.208,0.000235,0.96
0.000235,0.208,0.000235,0.96
0.000235,0.2,0.000235,0.96
0.000235,0.2,0.000235,1.0
0.000235,0.2,0.000235,0.96
0.000235,0.192,0.000235,0.96
0.000235,0.2,0.000235,0.96
0.000236,0.208,0.000236,0.96
0.000236,0.208,0.000236,1.0
0.000236,0.208,0.000236,0.96
0.000236,0.208,0.000236,1.0
0.000236,0.208,0.000236,1.0
0.000236,0.216,0.000236,1.0
0.000236,0.216,0.000236,0.96
0.000236,0.216,0.000236,0.96
0.000236,0.216,0.000236,0.96
0.000237,0.216,0.000237,0.96
0.000237,0.224,0.000237,0.96
0.000237,0.224,0.000237,0.96
0.000237,0.224,0.000237,0.96
0.000237,0.216,0.000237,1.0
0.000237,0.216,0.000237,1.0
0.000237,0.232,0.000237,-1.08
0.000237,0.24,0.000237,-1.04
0.000237,0.216,0.000237,-1.04
0.000237,0.224,0.000237,-1.08
0.000237,0.224,0.000237,-1.08
0.000238,0.216,0.000238,-1.08
0.000238,0.208,0.000238,-1.04
0.000238,0.208,0.000238,-1.04
0.000238,0.2,0.000238,-1.04
0.000238,0.192,0.000238,-1.08
0.000238,0.192,0.000238,-1.08
0.000238,0.2,0.000238,-1.04
0.000238,0.2,0.000238,-1.04
0.000238,0.184,0.000238,-1.08
0.000238,0.2,0.000238,-1.08
0.000239,0.184,0.000239,-1.12
0.000239,0.184,0.000239,-1.04
0.000239,0.184,0.000239,-1.04
0.000239,0.192,0.000239,-1.04
0.000239,0.192,0.000239,-1.04
0.000239,0.184,0.000239,-1.08
0.000239,0.168,0.000239,-1.04
0.000239,0.176,0.000239,-1.08
0.000239,0.176,0.000239,-1.0
0.000239,0.176,0.000239,-1.0
0.00024,0.168,0.00024,-1.08
0.00024,0.168,0.00024,-1.04
0.00024,0.168,0.00024,-1.04
0.00024,0.168,0.00024,-1.04
0.00024,0.168,0.00024,-1.08
0.00024,0.16,0.00024,-1.04
0.00024,0.152,0.00024,-1.08
0.00024,0.144,0.00024,-1.04
0.00024,0.16,0.00024,-1.04
0.00024,0.144,0.00024,-1.04
0.000241,0.152,0.000241,-1.08
0.000241,0.144,0.000241,-1.04
0.000241,0.144,0.000241,-1.04
0.000241,0.144,0.000241,-1.12
0.000241,0.144,0.000241,-1.04
0.000241,0.144,0.000241,-1.04
0.000241,0.136,0.000241,-1.08
0.000241,0.136,0.000241,-1.0
0.000241,0.144,0.000241,-1.08
0.000241,0.136,0.000241,-1.04
0.000242,0.128,0.000242,-1.04
0.000242,0.136,0.000242,-1.04
0.000242,0.12,0.000242,-1.04
0.000242,0.12,0.000242,-1.04
0.000242,0.12,0.000242,-1.08
0.000242,0.128,0.000242,-1.0
0.000242,0.128,0.000242,-1.0
0.000242,0.12,0.000242,-1.04
0.000242,0.12,0.000242,-1.04
0.000242,0.12,0.000242,-1.08
0.000243,0.104,0.000243,-1.04
0.000243,0.104,0.000243,-1.04
0.000243,0.112,0.000243,-1.04
0.000243,0.104,0.000243,-1.0
0.000243,0.104,0.000243,-1.0
0.000243,0.104,0.000243,-1.08
0.000243,0.104,0.000243,-1.08
0.000243,0.096,0.000243,-1.12
0.000243,0.096,0.000243,-1.0
0.000243,0.104,0.000243,-1.08
0.000244,0.096,0.000244,-1.04
0.000244,0.096,0.000244,-1.08
0.000244,0.088,0.000244,-1.04
0.000244,0.088,0.000244,-1.08
0.000244,0.08,0.000244,-1.08
0.000244,0.096,0.000244,-1.04
0.000244,0.088,0.000244,-1.08
0.000244,0.088,0.000244,-1.08
0.000244,0.08,0.000244,-1.04
0.000244,0.08,0.000244,-1.04
0.000245,0.08,0.000245,-1.04
0.000245,0.072,0.000245,-1.04
0.000245,0.072,0.000245,-1.08
0.000245,0.072,0.000245,-1.08
0.000245,0.072,0.000245,-1.04
0.000245,0.064,0.000245,-1.04
0.000245,0.064,0.000245,-1.0
0.000245,0.056,0.000245,-1.08
0.000245,0.064,0.000245,-1.0
0.000246,0.064,0.000246,-1.04
0.000246,0.064,0.000246,-1.04
0.000246,0.056,0.000246,-1.12
0.000246,0.064,0.000246,-1.04
0.000246,0.056,0.000246,-1.04
0.000246,0.048,0.000246,-1.04
0.000246,0.048,0.000246,-1.08
0.000246,0.056,0.000246,-1.04
0.000246,0.056,0.000246,-1.08
0.000246,0.048,0.000246,-1.08
0.000246,0.04,0.000246,-1.04
0.000247,0.04,0.000247,-1.04
0.000247,0.048,0.000247,-1.04
0.000247,0.032,0.000247,-1.04
0.000247,0.032,0.000247,-1.04
0.000247,0.032,0.000247,-1.04
0.000247,0.04,0.000247,-1.04
0.000247,0.032,0.000247,-1.08
0.000247,0.024,0.000247,-1.12
0.000247,0.032,0.000247,-1.12
0.000247,0.024,0.000247,-1.04
0.000248,0.032,0.000248,-1.04
0.000248,0.032,0.000248,-1.08
0.000248,0.016,0.000248,-1.08
0.000248,0.016,0.000248,-1.04
0.000248,0.016,0.000248,-1.08
0.000248,0.016,0.000248,-1.04
0.000248,0.024,0.000248,-1.08
0.000248,0.016,0.000248,-1.04
0.000248,0.008,0.000248,-1.08
0.000248,0.008,0.000248,-1.08
0.000249,0.008,0.000249,-1.04
0.000249,0.008,0.000249,-1.04
0.000249,0.008,0.000249,-1.08
0.000249,0.008,0.000249,-1.08
0.000249,0.016,0.000249,-1.08
0.000249,0.008,0.000249,-1.04
0.000249,0.0,0.000249,-1.08
0.000249,0.008,0.000249,-1.08
0.000249,-0.008,0.000249,-1.04
0.000249,0.0,0.000249,-1.08
0.00025,0.008,0.00025,-1.08
0.00025,0.0,0.00025,-1.0
0.00025,-0.016,0.00025,-1.08
0.00025,-0.008,0.00025,-1.04
